,date,stage_code,event_code,event_name,event_stage,stage,stage_status,gender,discipline_name,discipline_code,venue,participant_code,participant_name,participant_type,participant_country_code,participant_country,rank,result,result_type,result_IRM,qualification_mark,start_order,bib
537,2024-07-31T15:37:07+02:00,EQUODRESINDV----------GP--000600--,EQUODRESINDV,Dressage Individual,Dressage Individual Grand Prix Group F,Grand Prix Groupe F,FINISHED,O,Equestrian,EQU,Château de Versailles,1914905,von BREDOW-WERNDL Jessica,Person,GER,Germany,1.0,82.065,PERCENT,,Q,10,241
538,2024-07-31T15:37:07+02:00,EQUODRESINDV----------GP--000600--,EQUODRESINDV,Dressage Individual,Dressage Individual Grand Prix Group F,Grand Prix Groupe F,FINISHED,O,Equestrian,EQU,Château de Versailles,1899834,BASQUIN Pauline,Person,FRA,France,2.0,73.711,PERCENT,,Q,9,233
539,2024-07-31T15:37:07+02:00,EQUODRESINDV----------GP--000600--,EQUODRESINDV,Dressage Individual,Dressage Individual Grand Prix Group F,Grand Prix Groupe F,FINISHED,O,Equestrian,EQU,Château de Versailles,1976867,MINDERHOUD Hans Peter,Person,NED,Netherlands,3.0,72.578,PERCENT,,,1,252
540,2024-07-31T15:37:07+02:00,EQUODRESINDV----------GP--000600--,EQUODRESINDV,Dressage Individual,Dressage Individual Grand Prix Group F,Grand Prix Groupe F,FINISHED,O,Equestrian,EQU,Château de Versailles,1570619,WAGNER EHLINGER Nicolas,Person,LUX,Luxembourg,4.0,71.988,PERCENT,,,5,248
541,2024-07-31T15:37:07+02:00,EQUODRESINDV----------GP--000600--,EQUODRESINDV,Dressage Individual,Dressage Individual Grand Prix Group F,Grand Prix Groupe F,FINISHED,O,Equestrian,EQU,Château de Versailles,1965390,CARRASCOSA Borja,Person,ESP,Spain,5.0,70.823,PERCENT,,,4,224
542,2024-07-31T15:37:07+02:00,EQUODRESINDV----------GP--000600--,EQUODRESINDV,Dressage Individual,Dressage Individual Grand Prix Group F,Grand Prix Groupe F,FINISHED,O,Equestrian,EQU,Château de Versailles,1940469,PEARCE Simone,Person,AUS,Australia,6.0,70.171,PERCENT,,,6,204
543,2024-07-31T15:37:07+02:00,EQUODRESINDV----------GP--000600--,EQUODRESINDV,Dressage Individual,Dressage Individual Grand Prix Group F,Grand Prix Groupe F,FINISHED,O,Equestrian,EQU,Château de Versailles,1939473,GALLOWAY Melissa,Person,NZL,New Zealand,7.0,68.913,PERCENT,,,7,256
544,2024-07-31T15:37:07+02:00,EQUODRESINDV----------GP--000600--,EQUODRESINDV,Dressage Individual,Dressage Individual Grand Prix Group F,Grand Prix Groupe F,FINISHED,O,Equestrian,EQU,Château de Versailles,1974845,CARIER BERGERON Camille,Person,CAN,Canada,8.0,68.338,PERCENT,,,3,214
545,2024-07-31T15:37:07+02:00,EQUODRESINDV----------GP--000600--,EQUODRESINDV,Dressage Individual,Dressage Individual Grand Prix Group F,Grand Prix Groupe F,FINISHED,O,Equestrian,EQU,Château de Versailles,1951852,PETERS Steffen,Person,USA,United States,9.0,66.491,PERCENT,,,8,274
546,2024-07-31T15:37:07+02:00,EQUODRESINDV----------GP--000600--,EQUODRESINDV,Dressage Individual,Dressage Individual Grand Prix Group F,Grand Prix Groupe F,FINISHED,O,Equestrian,EQU,Château de Versailles,1937735,SZULC Aleksandra,Person,POL,Poland,10.0,60.078,PERCENT,,,2,260
5963,2024-07-31T15:38:04+02:00,EQUODRESINDV----------GP--000100--,EQUODRESINDV,Dressage Individual,Dressage Individual Grand Prix Group A,Grand Prix Group A,FINISHED,O,Equestrian,EQU,Château de Versailles,1892358,SKODBORG MERRALD Nanna,Person,DEN,Denmark,1.0,78.028,PERCENT,,Q,2,220
5964,2024-07-31T15:38:04+02:00,EQUODRESINDV----------GP--000100--,EQUODRESINDV,Dressage Individual,Dressage Individual Grand Prix Group A,Grand Prix Group A,FINISHED,O,Equestrian,EQU,Château de Versailles,1976864,van LIERE Dinja,Person,NED,Netherlands,2.0,77.764,PERCENT,,Q,3,254
5965,2024-07-31T15:38:04+02:00,EQUODRESINDV----------GP--000100--,EQUODRESINDV,Dressage Individual,Dressage Individual Grand Prix Group A,Grand Prix Group A,FINISHED,O,Equestrian,EQU,Château de Versailles,1970910,HESTER Carl,Person,GBR,Great Britain,3.0,77.345,PERCENT,,q,10,238
5966,2024-07-31T15:38:04+02:00,EQUODRESINDV----------GP--000100--,EQUODRESINDV,Dressage Individual,Dressage Individual Grand Prix Group A,Grand Prix Group A,FINISHED,O,Equestrian,EQU,Château de Versailles,1899858,POTTIER Corentin,Person,FRA,France,4.0,70.683,PERCENT,,,9,234
5967,2024-07-31T15:38:04+02:00,EQUODRESINDV----------GP--000100--,EQUODRESINDV,Dressage Individual,Dressage Individual Grand Prix Group A,Grand Prix Group A,FINISHED,O,Equestrian,EQU,Château de Versailles,1968090,MARCARI OLIVA Joao Victor,Person,BRA,Brazil,5.0,70.093,PERCENT,,,5,213
5968,2024-07-31T15:38:04+02:00,EQUODRESINDV----------GP--000100--,EQUODRESINDV,Dressage Individual,Dressage Individual Grand Prix Group A,Grand Prix Group A,FINISHED,O,Equestrian,EQU,Château de Versailles,1951019,VANAGAITE Justina,Person,LTU,Lithuania,6.0,69.208,PERCENT,,,8,247
5969,2024-07-31T15:38:04+02:00,EQUODRESINDV----------GP--000100--,EQUODRESINDV,Dressage Individual,Dressage Individual Grand Prix Group A,Grand Prix Group A,FINISHED,O,Equestrian,EQU,Château de Versailles,1940450,BROWN Jayden,Person,AUS,Australia,7.0,68.991,PERCENT,,,6,201
5970,2024-07-31T15:38:04+02:00,EQUODRESINDV----------GP--000100--,EQUODRESINDV,Dressage Individual,Dressage Individual Grand Prix Group A,Grand Prix Group A,FINISHED,O,Equestrian,EQU,Château de Versailles,1974883,MOREIRA LALIBERTE Naima,Person,CAN,Canada,8.0,68.711,PERCENT,,,4,216
5971,2024-07-31T15:38:04+02:00,EQUODRESINDV----------GP--000100--,EQUODRESINDV,Dressage Individual,Dressage Individual Grand Prix Group A,Grand Prix Group A,FINISHED,O,Equestrian,EQU,Château de Versailles,1878962,LEHFELLNER Stefan,Person,AUT,Austria,9.0,68.183,PERCENT,,,1,206
5972,2024-07-31T15:38:04+02:00,EQUODRESINDV----------GP--000100--,EQUODRESINDV,Dressage Individual,Dressage Individual Grand Prix Group A,Grand Prix Group A,FINISHED,O,Equestrian,EQU,Château de Versailles,1535993,CHEW Caroline,Person,SGP,Singapore,10.0,63.351,PERCENT,,,7,265
11916,2024-07-31T15:38:07+02:00,EQUODRESINDV----------GP--000200--,EQUODRESINDV,Dressage Individual,Dressage Individual Grand Prix Group B,Grand Prix Group B,FINISHED,O,Equestrian,EQU,Château de Versailles,1892359,BACHMANN ANDERSEN Daniel,Person,DEN,Denmark,1.0,76.910,PERCENT,,Q,10,218
11917,2024-07-31T15:38:07+02:00,EQUODRESINDV----------GP--000200--,EQUODRESINDV,Dressage Individual,Dressage Individual Grand Prix Group B,Grand Prix Group B,FINISHED,O,Equestrian,EQU,Château de Versailles,1914936,WANDRES Frederic,Person,GER,Germany,2.0,76.118,PERCENT,,Q,2,242
11918,2024-07-31T15:38:07+02:00,EQUODRESINDV----------GP--000200--,EQUODRESINDV,Dressage Individual,Dressage Individual Grand Prix Group B,Grand Prix Group B,FINISHED,O,Equestrian,EQU,Château de Versailles,1909053,KANERVA Emma,Person,FIN,Finland,3.0,73.680,PERCENT,,q,8,229
11919,2024-07-31T15:38:07+02:00,EQUODRESINDV----------GP--000200--,EQUODRESINDV,Dressage Individual,Dressage Individual Grand Prix Group B,Grand Prix Group B,FINISHED,O,Equestrian,EQU,Château de Versailles,1903163,de WINNE Flore,Person,BEL,Belgium,4.0,73.028,PERCENT,,,9,209
11920,2024-07-31T15:38:07+02:00,EQUODRESINDV----------GP--000200--,EQUODRESINDV,Dressage Individual,Dressage Individual Grand Prix Group B,Grand Prix Group B,FINISHED,O,Equestrian,EQU,Château de Versailles,1890586,RAMEL Juliette,Person,SWE,Sweden,5.0,71.553,PERCENT,,,1,269
11921,2024-07-31T15:38:07+02:00,EQUODRESINDV----------GP--000200--,EQUODRESINDV,Dressage Individual,Dressage Individual Grand Prix Group B,Grand Prix Group B,FINISHED,O,Equestrian,EQU,Château de Versailles,1563912,LYLE Abigail,Person,IRL,Ireland,6.0,69.441,PERCENT,,,5,245
11922,2024-07-31T15:38:07+02:00,EQUODRESINDV----------GP--000200--,EQUODRESINDV,Dressage Individual,Dressage Individual Grand Prix Group B,Grand Prix Group B,FINISHED,O,Equestrian,EQU,Château de Versailles,1892951,FERRANDO Patricia,Person,VEN,Venezuela,7.0,67.143,PERCENT,,,3,275
11923,2024-07-31T15:38:07+02:00,EQUODRESINDV----------GP--000200--,EQUODRESINDV,Dressage Individual,Dressage Individual Grand Prix Group B,Grand Prix Group B,FINISHED,O,Equestrian,EQU,Château de Versailles,1941544,VALE Antonio,Person,POR,Portugal,8.0,66.910,PERCENT,,,6,264
11924,2024-07-31T15:38:07+02:00,EQUODRESINDV----------GP--000200--,EQUODRESINDV,Dressage Individual,Dressage Individual Grand Prix Group B,Grand Prix Group B,FINISHED,O,Equestrian,EQU,Château de Versailles,1937738,MILCZAREK Katarzyna,Person,POL,Poland,9.0,66.910,PERCENT,,,4,257
11925,2024-07-31T15:38:07+02:00,EQUODRESINDV----------GP--000200--,EQUODRESINDV,Dressage Individual,Dressage Individual Grand Prix Group B,Grand Prix Group B,FINISHED,O,Equestrian,EQU,Château de Versailles,1951788,ORLOB Marcus,Person,USA,United States,,,IRM,EL,,7,272
11878,2024-07-31T15:38:10+02:00,EQUODRESINDV----------GP--000300--,EQUODRESINDV,Dressage Individual,Dressage Individual Grand Prix Group C,Grand Prix Group C,FINISHED,O,Equestrian,EQU,Château de Versailles,1970921,MOODY Becky,Person,GBR,Great Britain,1.0,74.938,PERCENT,,Q,9,239
11879,2024-07-31T15:38:10+02:00,EQUODRESINDV----------GP--000300--,EQUODRESINDV,Dressage Individual,Dressage Individual Grand Prix Group C,Grand Prix Group C,FINISHED,O,Equestrian,EQU,Château de Versailles,1890582,KITTEL Patrik,Person,SWE,Sweden,2.0,74.317,PERCENT,,Q,10,267
11880,2024-07-31T15:38:10+02:00,EQUODRESINDV----------GP--000300--,EQUODRESINDV,Dressage Individual,Dressage Individual Grand Prix Group C,Grand Prix Group C,FINISHED,O,Equestrian,EQU,Château de Versailles,1951842,LYLE Adrienne,Person,USA,United States,3.0,72.593,PERCENT,,,7,271
11881,2024-07-31T15:38:10+02:00,EQUODRESINDV----------GP--000300--,EQUODRESINDV,Dressage Individual,Dressage Individual Grand Prix Group C,Grand Prix Group C,FINISHED,O,Equestrian,EQU,Château de Versailles,1903166,PAULUIS Larissa,Person,BEL,Belgium,4.0,72.127,PERCENT,,,8,212
11882,2024-07-31T15:38:10+02:00,EQUODRESINDV----------GP--000300--,EQUODRESINDV,Dressage Individual,Dressage Individual Grand Prix Group C,Grand Prix Group C,FINISHED,O,Equestrian,EQU,Château de Versailles,4969026,HWANG Young Shik,Person,KOR,Korea,5.0,70.000,PERCENT,,,3,276
11883,2024-07-31T15:38:10+02:00,EQUODRESINDV----------GP--000300--,EQUODRESINDV,Dressage Individual,Dressage Individual Grand Prix Group C,Grand Prix Group C,FINISHED,O,Equestrian,EQU,Château de Versailles,1965391,CASTILLA RUIZ Claudio,Person,ESP,Spain,6.0,69.829,PERCENT,,,4,225
11884,2024-07-31T15:38:10+02:00,EQUODRESINDV----------GP--000300--,EQUODRESINDV,Dressage Individual,Dressage Individual Grand Prix Group C,Grand Prix Group C,FINISHED,O,Equestrian,EQU,Château de Versailles,1974898,von MARTELS Chris,Person,CAN,Canada,7.0,66.863,PERCENT,,,2,217
11885,2024-07-31T15:38:10+02:00,EQUODRESINDV----------GP--000300--,EQUODRESINDV,Dressage Individual,Dressage Individual Grand Prix Group C,Grand Prix Group C,FINISHED,O,Equestrian,EQU,Château de Versailles,1941553,CAETANO Maria,Person,POR,Portugal,8.0,66.630,PERCENT,,,6,261
11886,2024-07-31T15:38:10+02:00,EQUODRESINDV----------GP--000300--,EQUODRESINDV,Dressage Individual,Dressage Individual Grand Prix Group C,Grand Prix Group C,FINISHED,O,Equestrian,EQU,Château de Versailles,1566989,GLINKA Alisa,Person,MDA,Republic of Moldova,9.0,66.056,PERCENT,,,1,250
11887,2024-07-31T15:38:10+02:00,EQUODRESINDV----------GP--000300--,EQUODRESINDV,Dressage Individual,Dressage Individual Grand Prix Group C,Grand Prix Group C,FINISHED,O,Equestrian,EQU,Château de Versailles,1977880,SUTER Andrina,Person,SUI,Switzerland,10.0,65.590,PERCENT,,,5,266
10203,2024-07-31T15:38:13+02:00,EQUODRESINDV----------GP--000400--,EQUODRESINDV,Dressage Individual,Dressage Individual Grand Prix Group D,Grand Prix Group D,FINISHED,O,Equestrian,EQU,Château de Versailles,1892363,LAUDRUP-DUFOUR Cathrine,Person,DEN,Denmark,1.0,80.792,PERCENT,,Q,5,219
10204,2024-07-31T15:38:13+02:00,EQUODRESINDV----------GP--000400--,EQUODRESINDV,Dressage Individual,Dressage Individual Grand Prix Group D,Grand Prix Group D,FINISHED,O,Equestrian,EQU,Château de Versailles,1914909,WERTH Isabell,Person,GER,Germany,2.0,79.363,PERCENT,,Q,10,243
10205,2024-07-31T15:38:13+02:00,EQUODRESINDV----------GP--000400--,EQUODRESINDV,Dressage Individual,Dressage Individual Grand Prix Group D,Grand Prix Group D,FINISHED,O,Equestrian,EQU,Château de Versailles,1970905,FRY Charlotte,Person,GBR,Great Britain,3.0,78.913,PERCENT,,q,1,236
10206,2024-07-31T15:38:13+02:00,EQUODRESINDV----------GP--000400--,EQUODRESINDV,Dressage Individual,Dressage Individual Grand Prix Group D,Grand Prix Group D,FINISHED,O,Equestrian,EQU,Château de Versailles,1878418,FREESE Isabel,Person,NOR,Norway,4.0,76.397,PERCENT,,q,9,255
10207,2024-07-31T15:38:13+02:00,EQUODRESINDV----------GP--000400--,EQUODRESINDV,Dressage Individual,Dressage Individual Grand Prix Group D,Grand Prix Group D,FINISHED,O,Equestrian,EQU,Château de Versailles,1903165,MICHIELS Domien,Person,BEL,Belgium,5.0,72.531,PERCENT,,,7,211
10208,2024-07-31T15:38:13+02:00,EQUODRESINDV----------GP--000400--,EQUODRESINDV,Dressage Individual,Dressage Individual Grand Prix Group D,Grand Prix Group D,FINISHED,O,Equestrian,EQU,Château de Versailles,1878961,BACHER Florian,Person,AUT,Austria,6.0,71.009,PERCENT,,,2,205
10209,2024-07-31T15:38:13+02:00,EQUODRESINDV----------GP--000400--,EQUODRESINDV,Dressage Individual,Dressage Individual Grand Prix Group D,Grand Prix Group D,FINISHED,O,Equestrian,EQU,Château de Versailles,1909057,RUOSTE Henri,Person,FIN,Finland,7.0,70.621,PERCENT,,,8,231
10210,2024-07-31T15:38:13+02:00,EQUODRESINDV----------GP--000400--,EQUODRESINDV,Dressage Individual,Dressage Individual Grand Prix Group D,Grand Prix Group D,FINISHED,O,Equestrian,EQU,Château de Versailles,1562482,RAHMOUNI Yessin,Person,MAR,Morocco,8.0,68.696,PERCENT,,,3,249
10211,2024-07-31T15:38:13+02:00,EQUODRESINDV----------GP--000400--,EQUODRESINDV,Dressage Individual,Dressage Individual Grand Prix Group D,Grand Prix Group D,FINISHED,O,Equestrian,EQU,Château de Versailles,1539180,AGARWALLA Anush,Person,IND,India,9.0,66.444,PERCENT,,,4,244
10212,2024-07-31T15:38:13+02:00,EQUODRESINDV----------GP--000400--,EQUODRESINDV,Dressage Individual,Dressage Individual Grand Prix Group D,Grand Prix Group D,FINISHED,O,Equestrian,EQU,Château de Versailles,1965411,JIMENEZ COBO Juan Antonio,Person,ESP,Spain,10.0,60.031,PERCENT,,,6,226
10217,2024-07-31T15:38:16+02:00,EQUODRESINDV----------GP--000500--,EQUODRESINDV,Dressage Individual,Dressage Individual Grand Prix Group E,Grand Prix Group E,FINISHED,O,Equestrian,EQU,Château de Versailles,1976873,SCHOLTENS Emmelie,Person,NED,Netherlands,1.0,74.581,PERCENT,,Q,10,253
10218,2024-07-31T15:38:16+02:00,EQUODRESINDV----------GP--000500--,EQUODRESINDV,Dressage Individual,Dressage Individual Grand Prix Group E,Grand Prix Group E,FINISHED,O,Equestrian,EQU,Château de Versailles,1878963,MAX-THEURER Victoria,Person,AUT,Austria,2.0,74.301,PERCENT,,Q,1,207
10219,2024-07-31T15:38:16+02:00,EQUODRESINDV----------GP--000500--,EQUODRESINDV,Dressage Individual,Dressage Individual Grand Prix Group E,Grand Prix Group E,FINISHED,O,Equestrian,EQU,Château de Versailles,1890584,NILSHAGEN Therese,Person,SWE,Sweden,3.0,73.991,PERCENT,,q,9,268
10220,2024-07-31T15:38:16+02:00,EQUODRESINDV----------GP--000500--,EQUODRESINDV,Dressage Individual,Dressage Individual Grand Prix Group E,Grand Prix Group E,FINISHED,O,Equestrian,EQU,Château de Versailles,1971678,SYSOJEVA Sandra,Person,POL,Poland,4.0,73.416,PERCENT,,q,8,259
10221,2024-07-31T15:38:16+02:00,EQUODRESINDV----------GP--000500--,EQUODRESINDV,Dressage Individual,Dressage Individual Grand Prix Group E,Grand Prix Group E,FINISHED,O,Equestrian,EQU,Château de Versailles,1973942,MENDOZA LOOR Julio,Person,ECU,Ecuador,5.0,70.839,PERCENT,,,6,223
10222,2024-07-31T15:38:16+02:00,EQUODRESINDV----------GP--000500--,EQUODRESINDV,Dressage Individual,Dressage Individual Grand Prix Group E,Grand Prix Group E,FINISHED,O,Equestrian,EQU,Château de Versailles,1899832,AYACHE Alexandre,Person,FRA,France,6.0,70.279,PERCENT,,,7,232
10223,2024-07-31T15:38:16+02:00,EQUODRESINDV----------GP--000500--,EQUODRESINDV,Dressage Individual,Dressage Individual Grand Prix Group E,Grand Prix Group E,FINISHED,O,Equestrian,EQU,Château de Versailles,1940474,MATTHEW William,Person,AUS,Australia,7.0,69.953,PERCENT,,,3,203
10224,2024-07-31T15:38:16+02:00,EQUODRESINDV----------GP--000500--,EQUODRESINDV,Dressage Individual,Dressage Individual Grand Prix Group E,Grand Prix Group E,FINISHED,O,Equestrian,EQU,Château de Versailles,1941558,DUARTE Rita Ralao,Person,POR,Portugal,8.0,68.261,PERCENT,,,5,262
10225,2024-07-31T15:38:16+02:00,EQUODRESINDV----------GP--000500--,EQUODRESINDV,Dressage Individual,Dressage Individual Grand Prix Group E,Grand Prix Group E,FINISHED,O,Equestrian,EQU,Château de Versailles,1909056,ROBINSON Joanna,Person,FIN,Finland,9.0,65.637,PERCENT,,,2,230
10226,2024-07-31T15:38:16+02:00,EQUODRESINDV----------GP--000500--,EQUODRESINDV,Dressage Individual,Dressage Individual Grand Prix Group E,Grand Prix Group E,FINISHED,O,Equestrian,EQU,Château de Versailles,1899870,LOSOS de MUNIZ Yvonne,Person,DOM,Dominican Republic,10.0,61.211,PERCENT,,,4,222
5056,2024-08-04T13:32:14+02:00,EQUODRESINDV----------GPFR000100--,EQUODRESINDV,Dressage Individual,Dressage Individual Grand Prix Freestyle,Grand Prix Freestyle - Individual Final,FINISHED,O,Equestrian,EQU,Château de Versailles,1914905,von BREDOW-WERNDL Jessica,Person,GER,Germany,1.0,90.093,PERCENT,,,17,241
5057,2024-08-04T13:32:14+02:00,EQUODRESINDV----------GPFR000100--,EQUODRESINDV,Dressage Individual,Dressage Individual Grand Prix Freestyle,Grand Prix Freestyle - Individual Final,FINISHED,O,Equestrian,EQU,Château de Versailles,1914909,WERTH Isabell,Person,GER,Germany,2.0,89.614,PERCENT,,,14,243
5058,2024-08-04T13:32:14+02:00,EQUODRESINDV----------GPFR000100--,EQUODRESINDV,Dressage Individual,Dressage Individual Grand Prix Freestyle,Grand Prix Freestyle - Individual Final,FINISHED,O,Equestrian,EQU,Château de Versailles,1970905,FRY Charlotte,Person,GBR,Great Britain,3.0,88.971,PERCENT,,,15,236
5059,2024-08-04T13:32:14+02:00,EQUODRESINDV----------GPFR000100--,EQUODRESINDV,Dressage Individual,Dressage Individual Grand Prix Freestyle,Grand Prix Freestyle - Individual Final,FINISHED,O,Equestrian,EQU,Château de Versailles,1976864,van LIERE Dinja,Person,NED,Netherlands,4.0,88.432,PERCENT,,,16,254
5060,2024-08-04T13:32:14+02:00,EQUODRESINDV----------GPFR000100--,EQUODRESINDV,Dressage Individual,Dressage Individual Grand Prix Freestyle,Grand Prix Freestyle - Individual Final,FINISHED,O,Equestrian,EQU,Château de Versailles,1892363,LAUDRUP-DUFOUR Cathrine,Person,DEN,Denmark,5.0,88.093,PERCENT,,,18,219
5061,2024-08-04T13:32:14+02:00,EQUODRESINDV----------GPFR000100--,EQUODRESINDV,Dressage Individual,Dressage Individual Grand Prix Freestyle,Grand Prix Freestyle - Individual Final,FINISHED,O,Equestrian,EQU,Château de Versailles,1970910,HESTER Carl,Person,GBR,Great Britain,6.0,85.161,PERCENT,,,9,238
5062,2024-08-04T13:32:14+02:00,EQUODRESINDV----------GPFR000100--,EQUODRESINDV,Dressage Individual,Dressage Individual Grand Prix Freestyle,Grand Prix Freestyle - Individual Final,FINISHED,O,Equestrian,EQU,Château de Versailles,1892359,BACHMANN ANDERSEN Daniel,Person,DEN,Denmark,7.0,84.850,PERCENT,,,12,218
5063,2024-08-04T13:32:14+02:00,EQUODRESINDV----------GPFR000100--,EQUODRESINDV,Dressage Individual,Dressage Individual Grand Prix Freestyle,Grand Prix Freestyle - Individual Final,FINISHED,O,Equestrian,EQU,Château de Versailles,1970921,MOODY Becky,Person,GBR,Great Britain,8.0,84.357,PERCENT,,,11,239
5064,2024-08-04T13:32:14+02:00,EQUODRESINDV----------GPFR000100--,EQUODRESINDV,Dressage Individual,Dressage Individual Grand Prix Freestyle,Grand Prix Freestyle - Individual Final,FINISHED,O,Equestrian,EQU,Château de Versailles,1892358,SKODBORG MERRALD Nanna,Person,DEN,Denmark,9.0,83.293,PERCENT,,,13,220
5065,2024-08-04T13:32:14+02:00,EQUODRESINDV----------GPFR000100--,EQUODRESINDV,Dressage Individual,Dressage Individual Grand Prix Freestyle,Grand Prix Freestyle - Individual Final,FINISHED,O,Equestrian,EQU,Château de Versailles,1878418,FREESE Isabel,Person,NOR,Norway,10.0,83.050,PERCENT,,,8,255
5066,2024-08-04T13:32:14+02:00,EQUODRESINDV----------GPFR000100--,EQUODRESINDV,Dressage Individual,Dressage Individual Grand Prix Freestyle,Grand Prix Freestyle - Individual Final,FINISHED,O,Equestrian,EQU,Château de Versailles,1976873,SCHOLTENS Emmelie,Person,NED,Netherlands,11.0,81.750,PERCENT,,,10,253
5067,2024-08-04T13:32:14+02:00,EQUODRESINDV----------GPFR000100--,EQUODRESINDV,Dressage Individual,Dressage Individual Grand Prix Freestyle,Grand Prix Freestyle - Individual Final,FINISHED,O,Equestrian,EQU,Château de Versailles,1909053,KANERVA Emma,Person,FIN,Finland,12.0,81.607,PERCENT,,,4,229
5068,2024-08-04T13:32:14+02:00,EQUODRESINDV----------GPFR000100--,EQUODRESINDV,Dressage Individual,Dressage Individual Grand Prix Freestyle,Grand Prix Freestyle - Individual Final,FINISHED,O,Equestrian,EQU,Château de Versailles,1914936,WANDRES Frederic,Person,GER,Germany,13.0,81.350,PERCENT,,,7,242
5069,2024-08-04T13:32:14+02:00,EQUODRESINDV----------GPFR000100--,EQUODRESINDV,Dressage Individual,Dressage Individual Grand Prix Freestyle,Grand Prix Freestyle - Individual Final,FINISHED,O,Equestrian,EQU,Château de Versailles,1890582,KITTEL Patrik,Person,SWE,Sweden,14.0,80.854,PERCENT,,,1,267
5070,2024-08-04T13:32:14+02:00,EQUODRESINDV----------GPFR000100--,EQUODRESINDV,Dressage Individual,Dressage Individual Grand Prix Freestyle,Grand Prix Freestyle - Individual Final,FINISHED,O,Equestrian,EQU,Château de Versailles,1971678,SYSOJEVA Sandra,Person,POL,Poland,15.0,80.075,PERCENT,,,2,259
5071,2024-08-04T13:32:14+02:00,EQUODRESINDV----------GPFR000100--,EQUODRESINDV,Dressage Individual,Dressage Individual Grand Prix Freestyle,Grand Prix Freestyle - Individual Final,FINISHED,O,Equestrian,EQU,Château de Versailles,1899834,BASQUIN Pauline,Person,FRA,France,16.0,79.118,PERCENT,,,3,233
5072,2024-08-04T13:32:14+02:00,EQUODRESINDV----------GPFR000100--,EQUODRESINDV,Dressage Individual,Dressage Individual Grand Prix Freestyle,Grand Prix Freestyle - Individual Final,FINISHED,O,Equestrian,EQU,Château de Versailles,1878963,MAX-THEURER Victoria,Person,AUT,Austria,17.0,75.375,PERCENT,,,5,207
5073,2024-08-04T13:32:14+02:00,EQUODRESINDV----------GPFR000100--,EQUODRESINDV,Dressage Individual,Dressage Individual Grand Prix Freestyle,Grand Prix Freestyle - Individual Final,FINISHED,O,Equestrian,EQU,Château de Versailles,1890584,NILSHAGEN Therese,Person,SWE,Sweden,18.0,74.714,PERCENT,,,6,268
7569,2024-08-03T15:39:35+02:00,EQUODRESTEAM----------GPSP000100--,EQUODRESTEAM,Dressage Team,Dressage Team Grand Prix Special,Grand Prix Special - Team Final,FINISHED,O,Equestrian,EQU,Château de Versailles,EQUODRESTEAMGER01,Germany,Team,GER,Germany,1.0,235.790,PERCENT,,,10,
7570,2024-08-03T15:39:35+02:00,EQUODRESTEAM----------GPSP000100--,EQUODRESTEAM,Dressage Team,Dressage Team Grand Prix Special,Grand Prix Special - Team Final,FINISHED,O,Equestrian,EQU,Château de Versailles,EQUODRESTEAMDEN01,Denmark,Team,DEN,Denmark,2.0,235.669,PERCENT,,,9,
7571,2024-08-03T15:39:35+02:00,EQUODRESTEAM----------GPSP000100--,EQUODRESTEAM,Dressage Team,Dressage Team Grand Prix Special,Grand Prix Special - Team Final,FINISHED,O,Equestrian,EQU,Château de Versailles,EQUODRESTEAMGBR01,Great Britain,Team,GBR,Great Britain,3.0,232.492,PERCENT,,,8,
7572,2024-08-03T15:39:35+02:00,EQUODRESTEAM----------GPSP000100--,EQUODRESTEAM,Dressage Team,Dressage Team Grand Prix Special,Grand Prix Special - Team Final,FINISHED,O,Equestrian,EQU,Château de Versailles,EQUODRESTEAMNED01,Netherlands,Team,NED,Netherlands,4.0,221.048,PERCENT,,,7,
7573,2024-08-03T15:39:35+02:00,EQUODRESTEAM----------GPSP000100--,EQUODRESTEAM,Dressage Team,Dressage Team Grand Prix Special,Grand Prix Special - Team Final,FINISHED,O,Equestrian,EQU,Château de Versailles,EQUODRESTEAMBEL01,Belgium,Team,BEL,Belgium,5.0,215.714,PERCENT,,,5,
7574,2024-08-03T15:39:35+02:00,EQUODRESTEAM----------GPSP000100--,EQUODRESTEAM,Dressage Team,Dressage Team Grand Prix Special,Grand Prix Special - Team Final,FINISHED,O,Equestrian,EQU,Château de Versailles,EQUODRESTEAMFRA01,France,Team,FRA,France,6.0,215.289,PERCENT,,,4,
7575,2024-08-03T15:39:35+02:00,EQUODRESTEAM----------GPSP000100--,EQUODRESTEAM,Dressage Team,Dressage Team Grand Prix Special,Grand Prix Special - Team Final,FINISHED,O,Equestrian,EQU,Château de Versailles,EQUODRESTEAMSWE01,Sweden,Team,SWE,Sweden,7.0,212.811,PERCENT,,,6,
7576,2024-08-03T15:39:35+02:00,EQUODRESTEAM----------GPSP000100--,EQUODRESTEAM,Dressage Team,Dressage Team Grand Prix Special,Grand Prix Special - Team Final,FINISHED,O,Equestrian,EQU,Château de Versailles,EQUODRESTEAMFIN01,Finland,Team,FIN,Finland,8.0,212.036,PERCENT,,,2,
7577,2024-08-03T15:39:35+02:00,EQUODRESTEAM----------GPSP000100--,EQUODRESTEAM,Dressage Team,Dressage Team Grand Prix Special,Grand Prix Special - Team Final,FINISHED,O,Equestrian,EQU,Château de Versailles,EQUODRESTEAMAUT01,Austria,Team,AUT,Austria,9.0,211.505,PERCENT,,,3,
7578,2024-08-03T15:39:35+02:00,EQUODRESTEAM----------GPSP000100--,EQUODRESTEAM,Dressage Team,Dressage Team Grand Prix Special,Grand Prix Special - Team Final,FINISHED,O,Equestrian,EQU,Château de Versailles,EQUODRESTEAMAUS01,Australia,Team,AUS,Australia,10.0,207.203,PERCENT,,,1,
8780,2024-07-27T18:42:14+02:00,EQUOEVENINDV----------DRSS000100--,EQUOEVENINDV,Eventing Individual,Eventing Individual Dressage,Dressage,FINISHED,O,Equestrian,EQU,Château de Versailles,1970898,COLLETT Laura,Person,GBR,Great Britain,,17.50,POINTS,,,33,33
8781,2024-07-27T18:42:14+02:00,EQUOEVENINDV----------DRSS000100--,EQUOEVENINDV,Eventing Individual,Eventing Individual Dressage,Dressage,FINISHED,O,Equestrian,EQU,Château de Versailles,1914921,JUNG Michael,Person,GER,Germany,,17.80,POINTS,,,49,49
8782,2024-07-27T18:42:14+02:00,EQUOEVENINDV----------DRSS000100--,EQUOEVENINDV,Eventing Individual,Eventing Individual Dressage,Dressage,FINISHED,O,Equestrian,EQU,Château de Versailles,1927679,HUA TIAN Alex,Person,CHN,China,,22.00,POINTS,,,43,43
8783,2024-07-27T18:42:14+02:00,EQUOEVENINDV----------DRSS000100--,EQUOEVENINDV,Eventing Individual,Eventing Individual Dressage,Dressage,FINISHED,O,Equestrian,EQU,Château de Versailles,1940438,BURTON Christopher,Person,AUS,Australia,,22.00,POINTS,,,50,50
8784,2024-07-27T18:42:14+02:00,EQUOEVENINDV----------DRSS000100--,EQUOEVENINDV,Eventing Individual,Eventing Individual Dressage,Dressage,FINISHED,O,Equestrian,EQU,Château de Versailles,1977899,VOGG Felix,Person,SUI,Switzerland,,22.10,POINTS,,,53,53
8785,2024-07-27T18:42:14+02:00,EQUOEVENINDV----------DRSS000100--,EQUOEVENINDV,Eventing Individual,Eventing Individual Dressage,Dressage,FINISHED,O,Equestrian,EQU,Château de Versailles,1970892,CANTER Rosalind,Person,GBR,Great Britain,,23.40,POINTS,,,57,57
8786,2024-07-27T18:42:14+02:00,EQUOEVENINDV----------DRSS000100--,EQUOEVENINDV,Eventing Individual,Eventing Individual Dressage,Dressage,FINISHED,O,Equestrian,EQU,Château de Versailles,1899847,LANDOIS Stephane,Person,FRA,France,,24.40,POINTS,,,39,39
8787,2024-07-27T18:42:14+02:00,EQUOEVENINDV----------DRSS000100--,EQUOEVENINDV,Eventing Individual,Eventing Individual Dressage,Dressage,FINISHED,O,Equestrian,EQU,Château de Versailles,1946434,OIWA Yoshiaki,Person,JPN,Japan,,25.50,POINTS,,,36,36
8788,2024-07-27T18:42:14+02:00,EQUOEVENINDV----------DRSS000100--,EQUOEVENINDV,Eventing Individual,Eventing Individual Dressage,Dressage,FINISHED,O,Equestrian,EQU,Château de Versailles,1939479,JOHNSTONE Clarke,Person,NZL,New Zealand,,25.70,POINTS,,,35,35
8789,2024-07-27T18:42:14+02:00,EQUOEVENINDV----------DRSS000100--,EQUOEVENINDV,Eventing Individual,Eventing Individual Dressage,Dressage,FINISHED,O,Equestrian,EQU,Château de Versailles,1916988,UGOLOTTI Giovanni,Person,ITA,Italy,,25.70,POINTS,,,61,61
8790,2024-07-27T18:42:14+02:00,EQUOEVENINDV----------DRSS000100--,EQUOEVENINDV,Eventing Individual,Eventing Individual Dressage,Dressage,FINISHED,O,Equestrian,EQU,Château de Versailles,1970917,McEWEN Tom,Person,GBR,Great Britain,,25.80,POINTS,,,9,9
8791,2024-07-27T18:42:14+02:00,EQUOEVENINDV----------DRSS000100--,EQUOEVENINDV,Eventing Individual,Eventing Individual Dressage,Dressage,FINISHED,O,Equestrian,EQU,Château de Versailles,1939472,PRICE Tim,Person,NZL,New Zealand,,26.50,POINTS,,,59,59
8792,2024-07-27T18:42:14+02:00,EQUOEVENINDV----------DRSS000100--,EQUOEVENINDV,Eventing Individual,Eventing Individual Dressage,Dressage,FINISHED,O,Equestrian,EQU,Château de Versailles,1903178,DONCKERS Karin,Person,BEL,Belgium,,26.60,POINTS,,,16,16
8793,2024-07-27T18:42:14+02:00,EQUOEVENINDV----------DRSS000100--,EQUOEVENINDV,Eventing Individual,Eventing Individual Dressage,Dressage,FINISHED,O,Equestrian,EQU,Château de Versailles,1916976,BERTOLI Evelina,Person,ITA,Italy,,26.60,POINTS,,,37,37
8794,2024-07-27T18:42:14+02:00,EQUOEVENINDV----------DRSS000100--,EQUOEVENINDV,Eventing Individual,Eventing Individual Dressage,Dressage,FINISHED,O,Equestrian,EQU,Château de Versailles,1914923,KRAJEWSKI Julia,Person,GER,Germany,,26.90,POINTS,,,1,1
8795,2024-07-27T18:42:14+02:00,EQUOEVENINDV----------DRSS000100--,EQUOEVENINDV,Eventing Individual,Eventing Individual Dressage,Dressage,FINISHED,O,Equestrian,EQU,Château de Versailles,1976863,KOOREMANS Raf,Person,NED,Netherlands,,27.00,POINTS,,,62,62
8796,2024-07-27T18:42:14+02:00,EQUOEVENINDV----------DRSS000100--,EQUOEVENINDV,Eventing Individual,Eventing Individual Dressage,Dressage,FINISHED,O,Equestrian,EQU,Château de Versailles,1899866,TOUZAINT Nicolas,Person,FRA,France,,27.20,POINTS,,,63,63
8797,2024-07-27T18:42:14+02:00,EQUOEVENINDV----------DRSS000100--,EQUOEVENINDV,Eventing Individual,Eventing Individual Dressage,Dressage,FINISHED,O,Equestrian,EQU,Château de Versailles,1946438,TOMOTO Kazuma,Person,JPN,Japan,,27.40,POINTS,,,60,60
8798,2024-07-27T18:42:14+02:00,EQUOEVENINDV----------DRSS000100--,EQUOEVENINDV,Eventing Individual,Eventing Individual Dressage,Dressage,FINISHED,O,Equestrian,EQU,Château de Versailles,1951829,HALLIDAY Elisabeth,Person,USA,United States,,28.00,POINTS,,,30,30
8799,2024-07-27T18:42:14+02:00,EQUOEVENINDV----------DRSS000100--,EQUOEVENINDV,Eventing Individual,Eventing Individual Dressage,Dressage,FINISHED,O,Equestrian,EQU,Château de Versailles,1976544,GODEL Robin,Person,SUI,Switzerland,,29.10,POINTS,,,29,29
8800,2024-07-27T18:42:14+02:00,EQUOEVENINDV----------DRSS000100--,EQUOEVENINDV,Eventing Individual,Eventing Individual Dressage,Dressage,FINISHED,O,Equestrian,EQU,Château de Versailles,1914927,WAHLER Christoph,Person,GER,Germany,,29.40,POINTS,,,25,25
8801,2024-07-27T18:42:14+02:00,EQUOEVENINDV----------DRSS000100--,EQUOEVENINDV,Eventing Individual,Eventing Individual Dressage,Dressage,FINISHED,O,Equestrian,EQU,Château de Versailles,1899846,LAGHOUAG Karim Florent,Person,FRA,France,,29.60,POINTS,,,15,15
8802,2024-07-27T18:42:14+02:00,EQUOEVENINDV----------DRSS000100--,EQUOEVENINDV,Eventing Individual,Eventing Individual Dressage,Dressage,FINISHED,O,Equestrian,EQU,Château de Versailles,1903176,de LIEDEKERKE - MEIER Lara,Person,BEL,Belgium,,30.00,POINTS,,,64,64
8803,2024-07-27T18:42:14+02:00,EQUOEVENINDV----------DRSS000100--,EQUOEVENINDV,Eventing Individual,Eventing Individual Dressage,Dressage,FINISHED,O,Equestrian,EQU,Château de Versailles,1965395,DIAZ FERNANDEZ Carlos,Person,ESP,Spain,,30.20,POINTS,,,17,17
8804,2024-07-27T18:42:14+02:00,EQUOEVENINDV----------DRSS000100--,EQUOEVENINDV,Eventing Individual,Eventing Individual Dressage,Dressage,FINISHED,O,Equestrian,EQU,Château de Versailles,1951845,PAMUKCU Caroline,Person,USA,United States,,30.40,POINTS,,,6,6
8805,2024-07-27T18:42:14+02:00,EQUOEVENINDV----------DRSS000100--,EQUOEVENINDV,Eventing Individual,Eventing Individual Dressage,Dressage,FINISHED,O,Equestrian,EQU,Château de Versailles,1951844,MARTIN Boyd,Person,USA,United States,,30.50,POINTS,,,54,54
8806,2024-07-27T18:42:14+02:00,EQUOEVENINDV----------DRSS000100--,EQUOEVENINDV,Eventing Individual,Eventing Individual Dressage,Dressage,FINISHED,O,Equestrian,EQU,Château de Versailles,1939477,PRICE Jonelle,Person,NZL,New Zealand,,30.80,POINTS,,,11,11
8807,2024-07-27T18:42:14+02:00,EQUOEVENINDV----------DRSS000100--,EQUOEVENINDV,Eventing Individual,Eventing Individual Dressage,Dressage,FINISHED,O,Equestrian,EQU,Château de Versailles,1563914,O'CONNOR Austin,Person,IRL,Ireland,,31.70,POINTS,,,52,52
8808,2024-07-27T18:42:14+02:00,EQUOEVENINDV----------DRSS000100--,EQUOEVENINDV,Eventing Individual,Eventing Individual Dressage,Dressage,FINISHED,O,Equestrian,EQU,Château de Versailles,1976843,BOONZAAIJER Janneke,Person,NED,Netherlands,,31.90,POINTS,,,14,14
8809,2024-07-27T18:42:14+02:00,EQUOEVENINDV----------DRSS000100--,EQUOEVENINDV,Eventing Individual,Eventing Individual Dressage,Dressage,FINISHED,O,Equestrian,EQU,Château de Versailles,1892360,FLARUP Peter T.,Person,DEN,Denmark,,32.40,POINTS,,,23,23
8810,2024-07-27T18:42:14+02:00,EQUOEVENINDV----------DRSS000100--,EQUOEVENINDV,Eventing Individual,Eventing Individual Dressage,Dressage,FINISHED,O,Equestrian,EQU,Château de Versailles,1968112,MAMPRIN LOSANO Rafael,Person,BRA,Brazil,,32.40,POINTS,,,34,34
8811,2024-07-27T18:42:14+02:00,EQUOEVENINDV----------DRSS000100--,EQUOEVENINDV,Eventing Individual,Eventing Individual Dressage,Dressage,FINISHED,O,Equestrian,EQU,Château de Versailles,2779021,BERRY Susannah,Person,IRL,Ireland,,33.00,POINTS,,,28,28
8812,2024-07-27T18:42:14+02:00,EQUOEVENINDV----------DRSS000100--,EQUOEVENINDV,Eventing Individual,Eventing Individual Dressage,Dressage,FINISHED,O,Equestrian,EQU,Château de Versailles,1891524,SJOBORG Sofia,Person,SWE,Sweden,,33.30,POINTS,,,8,8
8813,2024-07-27T18:42:14+02:00,EQUOEVENINDV----------DRSS000100--,EQUOEVENINDV,Eventing Individual,Eventing Individual Dressage,Dressage,FINISHED,O,Equestrian,EQU,Château de Versailles,1891514,ANDERSEN Frida,Person,SWE,Sweden,,33.30,POINTS,,,32,32
8814,2024-07-27T18:42:14+02:00,EQUOEVENINDV----------DRSS000100--,EQUOEVENINDV,Eventing Individual,Eventing Individual Dressage,Dressage,FINISHED,O,Equestrian,EQU,Château de Versailles,1968102,CARVALHO JORGE Marcio,Person,BRA,Brazil,,33.30,POINTS,,,58,58
8815,2024-07-27T18:42:14+02:00,EQUOEVENINDV----------DRSS000100--,EQUOEVENINDV,Eventing Individual,Eventing Individual Dressage,Dressage,FINISHED,O,Equestrian,EQU,Château de Versailles,1927673,SUN Huadong,Person,CHN,China,,33.60,POINTS,,,20,20
8816,2024-07-27T18:42:14+02:00,EQUOEVENINDV----------DRSS000100--,EQUOEVENINDV,Eventing Individual,Eventing Individual Dressage,Dressage,FINISHED,O,Equestrian,EQU,Château de Versailles,1946432,KITAJIMA Ryuzo,Person,JPN,Japan,,34.50,POINTS,,,12,12
8817,2024-07-27T18:42:14+02:00,EQUOEVENINDV----------DRSS000100--,EQUOEVENINDV,Eventing Individual,Eventing Individual Dressage,Dressage,FINISHED,O,Equestrian,EQU,Château de Versailles,1940467,ROSE Shane,Person,AUS,Australia,,34.60,POINTS,,,2,2
8818,2024-07-27T18:42:14+02:00,EQUOEVENINDV----------DRSS000100--,EQUOEVENINDV,Eventing Individual,Eventing Individual Dressage,Dressage,FINISHED,O,Equestrian,EQU,Château de Versailles,1937644,POWALA Robert,Person,POL,Poland,,34.70,POINTS,,,55,55
8819,2024-07-27T18:42:14+02:00,EQUOEVENINDV----------DRSS000100--,EQUOEVENINDV,Eventing Individual,Eventing Individual Dressage,Dressage,FINISHED,O,Equestrian,EQU,Château de Versailles,1976860,de JONG Sanne,Person,NED,Netherlands,,34.80,POINTS,,,38,38
8820,2024-07-27T18:42:14+02:00,EQUOEVENINDV----------DRSS000100--,EQUOEVENINDV,Eventing Individual,Eventing Individual Dressage,Dressage,FINISHED,O,Equestrian,EQU,Château de Versailles,1940455,McNAB Kevin,Person,AUS,Australia,,34.90,POINTS,,,26,26
8821,2024-07-27T18:42:14+02:00,EQUOEVENINDV----------DRSS000100--,EQUOEVENINDV,Eventing Individual,Eventing Individual Dressage,Dressage,FINISHED,O,Equestrian,EQU,Château de Versailles,1974900,WINTER Michael,Person,CAN,Canada,,35.20,POINTS,,,3,3
8822,2024-07-27T18:42:14+02:00,EQUOEVENINDV----------DRSS000100--,EQUOEVENINDV,Eventing Individual,Eventing Individual Dressage,Dressage,FINISHED,O,Equestrian,EQU,Château de Versailles,1909058,SILTAKORPI Sanna,Person,FIN,Finland,,35.40,POINTS,,,41,41
8823,2024-07-27T18:42:14+02:00,EQUOEVENINDV----------DRSS000100--,EQUOEVENINDV,Eventing Individual,Eventing Individual Dressage,Dressage,FINISHED,O,Equestrian,EQU,Château de Versailles,1974855,PHOENIX Jessica,Person,CAN,Canada,,35.40,POINTS,,,51,51
8824,2024-07-27T18:42:14+02:00,EQUOEVENINDV----------DRSS000100--,EQUOEVENINDV,Eventing Individual,Eventing Individual Dressage,Dressage,FINISHED,O,Equestrian,EQU,Château de Versailles,1956670,PRIHODA JR Miloslav,Person,CZE,Czechia,,35.70,POINTS,,,47,47
8825,2024-07-27T18:42:14+02:00,EQUOEVENINDV----------DRSS000100--,EQUOEVENINDV,Eventing Individual,Eventing Individual Dressage,Dressage,FINISHED,O,Equestrian,EQU,Château de Versailles,1974890,SLEZAK Karl,Person,CAN,Canada,,35.80,POINTS,,,27,27
8826,2024-07-27T18:42:14+02:00,EQUOEVENINDV----------DRSS000100--,EQUOEVENINDV,Eventing Individual,Eventing Individual Dressage,Dressage,FINISHED,O,Equestrian,EQU,Château de Versailles,1937635,KAMINSKI Jan,Person,POL,Poland,,35.80,POINTS,,,31,31
8827,2024-07-27T18:42:14+02:00,EQUOEVENINDV----------DRSS000100--,EQUOEVENINDV,Eventing Individual,Eventing Individual Dressage,Dressage,FINISHED,O,Equestrian,EQU,Château de Versailles,1562276,SLAOUI Noor,Person,MAR,Morocco,,36.40,POINTS,,,45,45
8828,2024-07-27T18:42:14+02:00,EQUOEVENINDV----------DRSS000100--,EQUOEVENINDV,Eventing Individual,Eventing Individual Dressage,Dressage,FINISHED,O,Equestrian,EQU,Château de Versailles,1878976,AMBROS Harald,Person,AUT,Austria,,36.50,POINTS,,,46,46
8829,2024-07-27T18:42:14+02:00,EQUOEVENINDV----------DRSS000100--,EQUOEVENINDV,Eventing Individual,Eventing Individual Dressage,Dressage,FINISHED,O,Equestrian,EQU,Château de Versailles,1909054,MANNINEN Veera,Person,FIN,Finland,,36.80,POINTS,,,22,22
8830,2024-07-27T18:42:14+02:00,EQUOEVENINDV----------DRSS000100--,EQUOEVENINDV,Eventing Individual,Eventing Individual Dressage,Dressage,FINISHED,O,Equestrian,EQU,Château de Versailles,1968081,PARRO Carlos,Person,BRA,Brazil,,37.70,POINTS,,,10,10
8831,2024-07-27T18:42:14+02:00,EQUOEVENINDV----------DRSS000100--,EQUOEVENINDV,Eventing Individual,Eventing Individual Dressage,Dressage,FINISHED,O,Equestrian,EQU,Château de Versailles,1973936,ZABALA G. Ronald,Person,ECU,Ecuador,,37.70,POINTS,,,21,21
8832,2024-07-27T18:42:14+02:00,EQUOEVENINDV----------DRSS000100--,EQUOEVENINDV,Eventing Individual,Eventing Individual Dressage,Dressage,FINISHED,O,Equestrian,EQU,Château de Versailles,1891523,ROMEIKE Louise,Person,SWE,Sweden,,37.70,POINTS,,,56,56
8833,2024-07-27T18:42:14+02:00,EQUOEVENINDV----------DRSS000100--,EQUOEVENINDV,Eventing Individual,Eventing Individual Dressage,Dressage,FINISHED,O,Equestrian,EQU,Château de Versailles,1936611,ENNIS Sarah,Person,IRL,Ireland,,38.00,POINTS,,,4,4
8834,2024-07-27T18:42:14+02:00,EQUOEVENINDV----------DRSS000100--,EQUOEVENINDV,Eventing Individual,Eventing Individual Dressage,Dressage,FINISHED,O,Equestrian,EQU,Château de Versailles,1977663,JOHNER Melody,Person,SUI,Switzerland,,38.40,POINTS,,,5,5
8835,2024-07-27T18:42:14+02:00,EQUOEVENINDV----------DRSS000100--,EQUOEVENINDV,Eventing Individual,Eventing Individual Dressage,Dressage,FINISHED,O,Equestrian,EQU,Château de Versailles,1957927,PETERNELL Alexander,Person,RSA,South Africa,,39.00,POINTS,,,42,42
8836,2024-07-27T18:42:14+02:00,EQUOEVENINDV----------DRSS000100--,EQUOEVENINDV,Eventing Individual,Eventing Individual Dressage,Dressage,FINISHED,O,Equestrian,EQU,Château de Versailles,1937636,KORYCKA Malgorzata,Person,POL,Poland,,39.40,POINTS,,,7,7
8837,2024-07-27T18:42:14+02:00,EQUOEVENINDV----------DRSS000100--,EQUOEVENINDV,Eventing Individual,Eventing Individual Dressage,Dressage,FINISHED,O,Equestrian,EQU,Château de Versailles,1965387,BENITEZ VALLE Esteban,Person,ESP,Spain,,39.90,POINTS,,,24,24
8838,2024-07-27T18:42:14+02:00,EQUOEVENINDV----------DRSS000100--,EQUOEVENINDV,Eventing Individual,Eventing Individual Dressage,Dressage,FINISHED,O,Equestrian,EQU,Château de Versailles,4850481,GRAVE Manuel,Person,POR,Portugal,,40.90,POINTS,,,44,44
8839,2024-07-27T18:42:14+02:00,EQUOEVENINDV----------DRSS000100--,EQUOEVENINDV,Eventing Individual,Eventing Individual Dressage,Dressage,FINISHED,O,Equestrian,EQU,Château de Versailles,1973925,WETTSTEIN Nicolas,Person,ECU,Ecuador,,42.30,POINTS,,,48,48
8840,2024-07-27T18:42:14+02:00,EQUOEVENINDV----------DRSS000100--,EQUOEVENINDV,Eventing Individual,Eventing Individual Dressage,Dressage,FINISHED,O,Equestrian,EQU,Château de Versailles,1903180,MAGNUS Tine,Person,BEL,Belgium,,44.00,POINTS,,,40,40
8841,2024-07-27T18:42:14+02:00,EQUOEVENINDV----------DRSS000100--,EQUOEVENINDV,Eventing Individual,Eventing Individual Dressage,Dressage,FINISHED,O,Equestrian,EQU,Château de Versailles,1956174,KAIZINGER Balazs,Person,HUN,Hungary,,45.80,POINTS,,,18,18
8842,2024-07-27T18:42:14+02:00,EQUOEVENINDV----------DRSS000100--,EQUOEVENINDV,Eventing Individual,Eventing Individual Dressage,Dressage,FINISHED,O,Equestrian,EQU,Château de Versailles,1956668,TRUNDA Miroslav,Person,CZE,Czechia,,53.00,POINTS,,,19,19
8843,2024-07-27T18:42:14+02:00,EQUOEVENINDV----------DRSS000100--,EQUOEVENINDV,Eventing Individual,Eventing Individual Dressage,Dressage,FINISHED,O,Equestrian,EQU,Château de Versailles,1916982,PORTALE Emiliano,Person,ITA,Italy,,,IRM,EL,,13,13
6693,2024-07-28T16:07:14+02:00,EQUOEVENINDV----------XC--000100--,EQUOEVENINDV,Eventing Individual,Eventing Individual Cross Country,Cross Country,FINISHED,O,Equestrian,EQU,Château de Versailles,1914921,JUNG Michael,Person,GER,Germany,,0.00,POINTS,,,49,49
6694,2024-07-28T16:07:14+02:00,EQUOEVENINDV----------XC--000100--,EQUOEVENINDV,Eventing Individual,Eventing Individual Cross Country,Cross Country,FINISHED,O,Equestrian,EQU,Château de Versailles,1970898,COLLETT Laura,Person,GBR,Great Britain,,0.80,POINTS,,,33,33
6695,2024-07-28T16:07:14+02:00,EQUOEVENINDV----------XC--000100--,EQUOEVENINDV,Eventing Individual,Eventing Individual Cross Country,Cross Country,FINISHED,O,Equestrian,EQU,Château de Versailles,1940438,BURTON Christopher,Person,AUS,Australia,,0.00,POINTS,,,50,50
6696,2024-07-28T16:07:14+02:00,EQUOEVENINDV----------XC--000100--,EQUOEVENINDV,Eventing Individual,Eventing Individual Cross Country,Cross Country,FINISHED,O,Equestrian,EQU,Château de Versailles,1977899,VOGG Felix,Person,SUI,Switzerland,,0.00,POINTS,,,53,53
6697,2024-07-28T16:07:14+02:00,EQUOEVENINDV----------XC--000100--,EQUOEVENINDV,Eventing Individual,Eventing Individual Cross Country,Cross Country,FINISHED,O,Equestrian,EQU,Château de Versailles,1946434,OIWA Yoshiaki,Person,JPN,Japan,,0.00,POINTS,,,36,36
6698,2024-07-28T16:07:14+02:00,EQUOEVENINDV----------XC--000100--,EQUOEVENINDV,Eventing Individual,Eventing Individual Cross Country,Cross Country,FINISHED,O,Equestrian,EQU,Château de Versailles,1970917,McEWEN Tom,Person,GBR,Great Britain,,0.00,POINTS,,,9,9
6699,2024-07-28T16:07:14+02:00,EQUOEVENINDV----------XC--000100--,EQUOEVENINDV,Eventing Individual,Eventing Individual Cross Country,Cross Country,FINISHED,O,Equestrian,EQU,Château de Versailles,1899847,LANDOIS Stephane,Person,FRA,France,,2.80,POINTS,,,39,39
6700,2024-07-28T16:07:14+02:00,EQUOEVENINDV----------XC--000100--,EQUOEVENINDV,Eventing Individual,Eventing Individual Cross Country,Cross Country,FINISHED,O,Equestrian,EQU,Château de Versailles,1946438,TOMOTO Kazuma,Person,JPN,Japan,,0.00,POINTS,,,60,60
6701,2024-07-28T16:07:14+02:00,EQUOEVENINDV----------XC--000100--,EQUOEVENINDV,Eventing Individual,Eventing Individual Cross Country,Cross Country,FINISHED,O,Equestrian,EQU,Château de Versailles,1939472,PRICE Tim,Person,NZL,New Zealand,,2.00,POINTS,,,59,59
6702,2024-07-28T16:07:14+02:00,EQUOEVENINDV----------XC--000100--,EQUOEVENINDV,Eventing Individual,Eventing Individual Cross Country,Cross Country,FINISHED,O,Equestrian,EQU,Château de Versailles,1899846,LAGHOUAG Karim Florent,Person,FRA,France,,0.00,POINTS,,,15,15
6703,2024-07-28T16:07:14+02:00,EQUOEVENINDV----------XC--000100--,EQUOEVENINDV,Eventing Individual,Eventing Individual Cross Country,Cross Country,FINISHED,O,Equestrian,EQU,Château de Versailles,1899866,TOUZAINT Nicolas,Person,FRA,France,,3.20,POINTS,,,63,63
6704,2024-07-28T16:07:14+02:00,EQUOEVENINDV----------XC--000100--,EQUOEVENINDV,Eventing Individual,Eventing Individual Cross Country,Cross Country,FINISHED,O,Equestrian,EQU,Château de Versailles,1939479,JOHNSTONE Clarke,Person,NZL,New Zealand,,4.80,POINTS,,,35,35
6705,2024-07-28T16:07:14+02:00,EQUOEVENINDV----------XC--000100--,EQUOEVENINDV,Eventing Individual,Eventing Individual Cross Country,Cross Country,FINISHED,O,Equestrian,EQU,Château de Versailles,1903176,de LIEDEKERKE - MEIER Lara,Person,BEL,Belgium,,1.20,POINTS,,,64,64
6706,2024-07-28T16:07:14+02:00,EQUOEVENINDV----------XC--000100--,EQUOEVENINDV,Eventing Individual,Eventing Individual Cross Country,Cross Country,FINISHED,O,Equestrian,EQU,Château de Versailles,1914923,KRAJEWSKI Julia,Person,GER,Germany,,4.80,POINTS,,,1,1
6707,2024-07-28T16:07:14+02:00,EQUOEVENINDV----------XC--000100--,EQUOEVENINDV,Eventing Individual,Eventing Individual Cross Country,Cross Country,FINISHED,O,Equestrian,EQU,Château de Versailles,1563914,O'CONNOR Austin,Person,IRL,Ireland,,0.00,POINTS,,,52,52
6708,2024-07-28T16:07:14+02:00,EQUOEVENINDV----------XC--000100--,EQUOEVENINDV,Eventing Individual,Eventing Individual Cross Country,Cross Country,FINISHED,O,Equestrian,EQU,Château de Versailles,1976843,BOONZAAIJER Janneke,Person,NED,Netherlands,,0.00,POINTS,,,14,14
6709,2024-07-28T16:07:14+02:00,EQUOEVENINDV----------XC--000100--,EQUOEVENINDV,Eventing Individual,Eventing Individual Cross Country,Cross Country,FINISHED,O,Equestrian,EQU,Château de Versailles,1951844,MARTIN Boyd,Person,USA,United States,,1.60,POINTS,,,54,54
6710,2024-07-28T16:07:14+02:00,EQUOEVENINDV----------XC--000100--,EQUOEVENINDV,Eventing Individual,Eventing Individual Cross Country,Cross Country,FINISHED,O,Equestrian,EQU,Château de Versailles,1976863,KOOREMANS Raf,Person,NED,Netherlands,,5.60,POINTS,,,62,62
6711,2024-07-28T16:07:14+02:00,EQUOEVENINDV----------XC--000100--,EQUOEVENINDV,Eventing Individual,Eventing Individual Cross Country,Cross Country,FINISHED,O,Equestrian,EQU,Château de Versailles,1916976,BERTOLI Evelina,Person,ITA,Italy,,6.40,POINTS,,,37,37
6712,2024-07-28T16:07:14+02:00,EQUOEVENINDV----------XC--000100--,EQUOEVENINDV,Eventing Individual,Eventing Individual Cross Country,Cross Country,FINISHED,O,Equestrian,EQU,Château de Versailles,1891514,ANDERSEN Frida,Person,SWE,Sweden,,0.00,POINTS,,,32,32
6713,2024-07-28T16:07:14+02:00,EQUOEVENINDV----------XC--000100--,EQUOEVENINDV,Eventing Individual,Eventing Individual Cross Country,Cross Country,FINISHED,O,Equestrian,EQU,Château de Versailles,1903178,DONCKERS Karin,Person,BEL,Belgium,,7.20,POINTS,,,16,16
6714,2024-07-28T16:07:14+02:00,EQUOEVENINDV----------XC--000100--,EQUOEVENINDV,Eventing Individual,Eventing Individual Cross Country,Cross Country,FINISHED,O,Equestrian,EQU,Château de Versailles,1951829,HALLIDAY Elisabeth,Person,USA,United States,,6.00,POINTS,,,30,30
6715,2024-07-28T16:07:14+02:00,EQUOEVENINDV----------XC--000100--,EQUOEVENINDV,Eventing Individual,Eventing Individual Cross Country,Cross Country,FINISHED,O,Equestrian,EQU,Château de Versailles,1940467,ROSE Shane,Person,AUS,Australia,,2.80,POINTS,,,2,2
6716,2024-07-28T16:07:14+02:00,EQUOEVENINDV----------XC--000100--,EQUOEVENINDV,Eventing Individual,Eventing Individual Cross Country,Cross Country,FINISHED,O,Equestrian,EQU,Château de Versailles,1970892,CANTER Rosalind,Person,GBR,Great Britain,,15.00,POINTS,,,57,57
6717,2024-07-28T16:07:14+02:00,EQUOEVENINDV----------XC--000100--,EQUOEVENINDV,Eventing Individual,Eventing Individual Cross Country,Cross Country,FINISHED,O,Equestrian,EQU,Château de Versailles,1891523,ROMEIKE Louise,Person,SWE,Sweden,,0.80,POINTS,,,56,56
6718,2024-07-28T16:07:14+02:00,EQUOEVENINDV----------XC--000100--,EQUOEVENINDV,Eventing Individual,Eventing Individual Cross Country,Cross Country,FINISHED,O,Equestrian,EQU,Château de Versailles,1976544,GODEL Robin,Person,SUI,Switzerland,,9.60,POINTS,,,29,29
6719,2024-07-28T16:07:14+02:00,EQUOEVENINDV----------XC--000100--,EQUOEVENINDV,Eventing Individual,Eventing Individual Cross Country,Cross Country,FINISHED,O,Equestrian,EQU,Château de Versailles,1974890,SLEZAK Karl,Person,CAN,Canada,,4.80,POINTS,,,27,27
6720,2024-07-28T16:07:14+02:00,EQUOEVENINDV----------XC--000100--,EQUOEVENINDV,Eventing Individual,Eventing Individual Cross Country,Cross Country,FINISHED,O,Equestrian,EQU,Château de Versailles,1946432,KITAJIMA Ryuzo,Person,JPN,Japan,,6.40,POINTS,,,12,12
6721,2024-07-28T16:07:14+02:00,EQUOEVENINDV----------XC--000100--,EQUOEVENINDV,Eventing Individual,Eventing Individual Cross Country,Cross Country,FINISHED,O,Equestrian,EQU,Château de Versailles,1936611,ENNIS Sarah,Person,IRL,Ireland,,3.20,POINTS,,,4,4
6722,2024-07-28T16:07:14+02:00,EQUOEVENINDV----------XC--000100--,EQUOEVENINDV,Eventing Individual,Eventing Individual Cross Country,Cross Country,FINISHED,O,Equestrian,EQU,Château de Versailles,1977663,JOHNER Melody,Person,SUI,Switzerland,,3.20,POINTS,,,5,5
6723,2024-07-28T16:07:14+02:00,EQUOEVENINDV----------XC--000100--,EQUOEVENINDV,Eventing Individual,Eventing Individual Cross Country,Cross Country,FINISHED,O,Equestrian,EQU,Château de Versailles,1968112,MAMPRIN LOSANO Rafael,Person,BRA,Brazil,,9.20,POINTS,,,34,34
6724,2024-07-28T16:07:14+02:00,EQUOEVENINDV----------XC--000100--,EQUOEVENINDV,Eventing Individual,Eventing Individual Cross Country,Cross Country,FINISHED,O,Equestrian,EQU,Château de Versailles,1927679,HUA TIAN Alex,Person,CHN,China,,20.60,POINTS,,,43,43
6725,2024-07-28T16:07:14+02:00,EQUOEVENINDV----------XC--000100--,EQUOEVENINDV,Eventing Individual,Eventing Individual Cross Country,Cross Country,FINISHED,O,Equestrian,EQU,Château de Versailles,1878976,AMBROS Harald,Person,AUT,Austria,,6.80,POINTS,,,46,46
6726,2024-07-28T16:07:14+02:00,EQUOEVENINDV----------XC--000100--,EQUOEVENINDV,Eventing Individual,Eventing Individual Cross Country,Cross Country,FINISHED,O,Equestrian,EQU,Château de Versailles,1903180,MAGNUS Tine,Person,BEL,Belgium,,2.00,POINTS,,,40,40
6727,2024-07-28T16:07:14+02:00,EQUOEVENINDV----------XC--000100--,EQUOEVENINDV,Eventing Individual,Eventing Individual Cross Country,Cross Country,FINISHED,O,Equestrian,EQU,Château de Versailles,1965395,DIAZ FERNANDEZ Carlos,Person,ESP,Spain,,17.60,POINTS,,,17,17
6728,2024-07-28T16:07:14+02:00,EQUOEVENINDV----------XC--000100--,EQUOEVENINDV,Eventing Individual,Eventing Individual Cross Country,Cross Country,FINISHED,O,Equestrian,EQU,Château de Versailles,2779021,BERRY Susannah,Person,IRL,Ireland,,15.20,POINTS,,,28,28
6729,2024-07-28T16:07:14+02:00,EQUOEVENINDV----------XC--000100--,EQUOEVENINDV,Eventing Individual,Eventing Individual Cross Country,Cross Country,FINISHED,O,Equestrian,EQU,Château de Versailles,1891524,SJOBORG Sofia,Person,SWE,Sweden,,15.00,POINTS,,,8,8
6730,2024-07-28T16:07:14+02:00,EQUOEVENINDV----------XC--000100--,EQUOEVENINDV,Eventing Individual,Eventing Individual Cross Country,Cross Country,FINISHED,O,Equestrian,EQU,Château de Versailles,1974900,WINTER Michael,Person,CAN,Canada,,14.40,POINTS,,,3,3
6731,2024-07-28T16:07:14+02:00,EQUOEVENINDV----------XC--000100--,EQUOEVENINDV,Eventing Individual,Eventing Individual Cross Country,Cross Country,FINISHED,O,Equestrian,EQU,Château de Versailles,1909054,MANNINEN Veera,Person,FIN,Finland,,18.40,POINTS,,,22,22
6732,2024-07-28T16:07:14+02:00,EQUOEVENINDV----------XC--000100--,EQUOEVENINDV,Eventing Individual,Eventing Individual Cross Country,Cross Country,FINISHED,O,Equestrian,EQU,Château de Versailles,1909058,SILTAKORPI Sanna,Person,FIN,Finland,,21.80,POINTS,,,41,41
6733,2024-07-28T16:07:14+02:00,EQUOEVENINDV----------XC--000100--,EQUOEVENINDV,Eventing Individual,Eventing Individual Cross Country,Cross Country,FINISHED,O,Equestrian,EQU,Château de Versailles,1939477,PRICE Jonelle,Person,NZL,New Zealand,,28.40,POINTS,,,11,11
6734,2024-07-28T16:07:14+02:00,EQUOEVENINDV----------XC--000100--,EQUOEVENINDV,Eventing Individual,Eventing Individual Cross Country,Cross Country,FINISHED,O,Equestrian,EQU,Château de Versailles,1968081,PARRO Carlos,Person,BRA,Brazil,,22.40,POINTS,,,10,10
6735,2024-07-28T16:07:14+02:00,EQUOEVENINDV----------XC--000100--,EQUOEVENINDV,Eventing Individual,Eventing Individual Cross Country,Cross Country,FINISHED,O,Equestrian,EQU,Château de Versailles,1562276,SLAOUI Noor,Person,MAR,Morocco,,24.00,POINTS,,,45,45
6736,2024-07-28T16:07:14+02:00,EQUOEVENINDV----------XC--000100--,EQUOEVENINDV,Eventing Individual,Eventing Individual Cross Country,Cross Country,FINISHED,O,Equestrian,EQU,Château de Versailles,1937636,KORYCKA Malgorzata,Person,POL,Poland,,21.20,POINTS,,,7,7
6737,2024-07-28T16:07:14+02:00,EQUOEVENINDV----------XC--000100--,EQUOEVENINDV,Eventing Individual,Eventing Individual Cross Country,Cross Country,FINISHED,O,Equestrian,EQU,Château de Versailles,1956174,KAIZINGER Balazs,Person,HUN,Hungary,,16.00,POINTS,,,18,18
6738,2024-07-28T16:07:14+02:00,EQUOEVENINDV----------XC--000100--,EQUOEVENINDV,Eventing Individual,Eventing Individual Cross Country,Cross Country,FINISHED,O,Equestrian,EQU,Château de Versailles,1916988,UGOLOTTI Giovanni,Person,ITA,Italy,,36.40,POINTS,,,61,61
6739,2024-07-28T16:07:14+02:00,EQUOEVENINDV----------XC--000100--,EQUOEVENINDV,Eventing Individual,Eventing Individual Cross Country,Cross Country,FINISHED,O,Equestrian,EQU,Château de Versailles,1951845,PAMUKCU Caroline,Person,USA,United States,,32.00,POINTS,,,6,6
6740,2024-07-28T16:07:14+02:00,EQUOEVENINDV----------XC--000100--,EQUOEVENINDV,Eventing Individual,Eventing Individual Cross Country,Cross Country,FINISHED,O,Equestrian,EQU,Château de Versailles,1892360,FLARUP Peter T.,Person,DEN,Denmark,,33.60,POINTS,,,23,23
6741,2024-07-28T16:07:14+02:00,EQUOEVENINDV----------XC--000100--,EQUOEVENINDV,Eventing Individual,Eventing Individual Cross Country,Cross Country,FINISHED,O,Equestrian,EQU,Château de Versailles,1974855,PHOENIX Jessica,Person,CAN,Canada,,32.40,POINTS,,,51,51
6742,2024-07-28T16:07:14+02:00,EQUOEVENINDV----------XC--000100--,EQUOEVENINDV,Eventing Individual,Eventing Individual Cross Country,Cross Country,FINISHED,O,Equestrian,EQU,Château de Versailles,1965387,BENITEZ VALLE Esteban,Person,ESP,Spain,,29.00,POINTS,,,24,24
6743,2024-07-28T16:07:14+02:00,EQUOEVENINDV----------XC--000100--,EQUOEVENINDV,Eventing Individual,Eventing Individual Cross Country,Cross Country,FINISHED,O,Equestrian,EQU,Château de Versailles,1957927,PETERNELL Alexander,Person,RSA,South Africa,,33.20,POINTS,,,42,42
6744,2024-07-28T16:07:14+02:00,EQUOEVENINDV----------XC--000100--,EQUOEVENINDV,Eventing Individual,Eventing Individual Cross Country,Cross Country,FINISHED,O,Equestrian,EQU,Château de Versailles,1968102,CARVALHO JORGE Marcio,Person,BRA,Brazil,,42.40,POINTS,,,58,58
6745,2024-07-28T16:07:14+02:00,EQUOEVENINDV----------XC--000100--,EQUOEVENINDV,Eventing Individual,Eventing Individual Cross Country,Cross Country,FINISHED,O,Equestrian,EQU,Château de Versailles,1976860,de JONG Sanne,Person,NED,Netherlands,,48.20,POINTS,,,38,38
6746,2024-07-28T16:07:14+02:00,EQUOEVENINDV----------XC--000100--,EQUOEVENINDV,Eventing Individual,Eventing Individual Cross Country,Cross Country,FINISHED,O,Equestrian,EQU,Château de Versailles,1937644,POWALA Robert,Person,POL,Poland,,60.00,POINTS,,,55,55
6747,2024-07-28T16:07:14+02:00,EQUOEVENINDV----------XC--000100--,EQUOEVENINDV,Eventing Individual,Eventing Individual Cross Country,Cross Country,FINISHED,O,Equestrian,EQU,Château de Versailles,1973925,WETTSTEIN Nicolas,Person,ECU,Ecuador,,65.40,POINTS,,,48,48
6748,2024-07-28T16:07:14+02:00,EQUOEVENINDV----------XC--000100--,EQUOEVENINDV,Eventing Individual,Eventing Individual Cross Country,Cross Country,FINISHED,O,Equestrian,EQU,Château de Versailles,1956668,TRUNDA Miroslav,Person,CZE,Czechia,,72.00,POINTS,,,19,19
6749,2024-07-28T16:07:14+02:00,EQUOEVENINDV----------XC--000100--,EQUOEVENINDV,Eventing Individual,Eventing Individual Cross Country,Cross Country,FINISHED,O,Equestrian,EQU,Château de Versailles,1940455,McNAB Kevin,Person,AUS,Australia,,,IRM,RT,,26,26
6750,2024-07-28T16:07:14+02:00,EQUOEVENINDV----------XC--000100--,EQUOEVENINDV,Eventing Individual,Eventing Individual Cross Country,Cross Country,FINISHED,O,Equestrian,EQU,Château de Versailles,1973936,ZABALA G. Ronald,Person,ECU,Ecuador,,,IRM,EL,,21,21
6751,2024-07-28T16:07:14+02:00,EQUOEVENINDV----------XC--000100--,EQUOEVENINDV,Eventing Individual,Eventing Individual Cross Country,Cross Country,FINISHED,O,Equestrian,EQU,Château de Versailles,1914927,WAHLER Christoph,Person,GER,Germany,,,IRM,EL,,25,25
6752,2024-07-28T16:07:14+02:00,EQUOEVENINDV----------XC--000100--,EQUOEVENINDV,Eventing Individual,Eventing Individual Cross Country,Cross Country,FINISHED,O,Equestrian,EQU,Château de Versailles,1937635,KAMINSKI Jan,Person,POL,Poland,,,IRM,EL,,31,31
6753,2024-07-28T16:07:14+02:00,EQUOEVENINDV----------XC--000100--,EQUOEVENINDV,Eventing Individual,Eventing Individual Cross Country,Cross Country,FINISHED,O,Equestrian,EQU,Château de Versailles,4850481,GRAVE Manuel,Person,POR,Portugal,,,IRM,EL,,44,44
6754,2024-07-28T16:07:14+02:00,EQUOEVENINDV----------XC--000100--,EQUOEVENINDV,Eventing Individual,Eventing Individual Cross Country,Cross Country,FINISHED,O,Equestrian,EQU,Château de Versailles,1956670,PRIHODA JR Miloslav,Person,CZE,Czechia,,,IRM,EL,,47,47
6755,2024-07-28T16:07:14+02:00,EQUOEVENINDV----------XC--000100--,EQUOEVENINDV,Eventing Individual,Eventing Individual Cross Country,Cross Country,FINISHED,O,Equestrian,EQU,Château de Versailles,1927673,SUN Huadong,Person,CHN,China,,,IRM,WD,,20,20
6756,2024-07-28T16:07:14+02:00,EQUOEVENINDV----------XC--000100--,EQUOEVENINDV,Eventing Individual,Eventing Individual Cross Country,Cross Country,FINISHED,O,Equestrian,EQU,Château de Versailles,1916985,SANDEI Pietro,Person,ITA,Italy,,14.00,POINTS,,,13,74
2930,2024-07-29T13:50:43+02:00,EQUOEVENINDV----------JUMP000200--,EQUOEVENINDV,Eventing Individual,Eventing Individual Jumping Qualifier,Jumping Qualifier,FINISHED,O,Equestrian,EQU,Château de Versailles,1914921,JUNG Michael,Person,GER,Germany,,4.00,POINTS,,Q,45,49
2931,2024-07-29T13:50:43+02:00,EQUOEVENINDV----------JUMP000200--,EQUOEVENINDV,Eventing Individual,Eventing Individual Jumping Qualifier,Jumping Qualifier,FINISHED,O,Equestrian,EQU,Château de Versailles,1940438,BURTON Christopher,Person,AUS,Australia,,0.40,POINTS,,Q,44,50
2932,2024-07-29T13:50:43+02:00,EQUOEVENINDV----------JUMP000200--,EQUOEVENINDV,Eventing Individual,Eventing Individual Jumping Qualifier,Jumping Qualifier,FINISHED,O,Equestrian,EQU,Château de Versailles,1970898,COLLETT Laura,Person,GBR,Great Britain,,4.80,POINTS,,Q,58,33
2933,2024-07-29T13:50:43+02:00,EQUOEVENINDV----------JUMP000200--,EQUOEVENINDV,Eventing Individual,Eventing Individual Jumping Qualifier,Jumping Qualifier,FINISHED,O,Equestrian,EQU,Château de Versailles,1970917,McEWEN Tom,Person,GBR,Great Britain,,0.00,POINTS,,Q,42,9
2934,2024-07-29T13:50:43+02:00,EQUOEVENINDV----------JUMP000200--,EQUOEVENINDV,Eventing Individual,Eventing Individual Jumping Qualifier,Jumping Qualifier,FINISHED,O,Equestrian,EQU,Château de Versailles,1946434,OIWA Yoshiaki,Person,JPN,Japan,,0.40,POINTS,,Q,54,36
2935,2024-07-29T13:50:43+02:00,EQUOEVENINDV----------JUMP000200--,EQUOEVENINDV,Eventing Individual,Eventing Individual Jumping Qualifier,Jumping Qualifier,FINISHED,O,Equestrian,EQU,Château de Versailles,1977899,VOGG Felix,Person,SUI,Switzerland,,4.00,POINTS,,Q,56,53
2936,2024-07-29T13:50:43+02:00,EQUOEVENINDV----------JUMP000200--,EQUOEVENINDV,Eventing Individual,Eventing Individual Jumping Qualifier,Jumping Qualifier,FINISHED,O,Equestrian,EQU,Château de Versailles,1946438,TOMOTO Kazuma,Person,JPN,Japan,,0.00,POINTS,,Q,38,60
2937,2024-07-29T13:50:43+02:00,EQUOEVENINDV----------JUMP000200--,EQUOEVENINDV,Eventing Individual,Eventing Individual Jumping Qualifier,Jumping Qualifier,FINISHED,O,Equestrian,EQU,Château de Versailles,1939472,PRICE Tim,Person,NZL,New Zealand,,0.00,POINTS,,Q,53,59
2938,2024-07-29T13:50:43+02:00,EQUOEVENINDV----------JUMP000200--,EQUOEVENINDV,Eventing Individual,Eventing Individual Jumping Qualifier,Jumping Qualifier,FINISHED,O,Equestrian,EQU,Château de Versailles,1899847,LANDOIS Stephane,Person,FRA,France,,4.40,POINTS,,Q,57,39
2939,2024-07-29T13:50:43+02:00,EQUOEVENINDV----------JUMP000200--,EQUOEVENINDV,Eventing Individual,Eventing Individual Jumping Qualifier,Jumping Qualifier,FINISHED,O,Equestrian,EQU,Château de Versailles,1976843,BOONZAAIJER Janneke,Person,NED,Netherlands,,0.00,POINTS,,Q,49,14
2940,2024-07-29T13:50:43+02:00,EQUOEVENINDV----------JUMP000200--,EQUOEVENINDV,Eventing Individual,Eventing Individual Jumping Qualifier,Jumping Qualifier,FINISHED,O,Equestrian,EQU,Château de Versailles,1914923,KRAJEWSKI Julia,Person,GER,Germany,,0.40,POINTS,,Q,29,1
2941,2024-07-29T13:50:43+02:00,EQUOEVENINDV----------JUMP000200--,EQUOEVENINDV,Eventing Individual,Eventing Individual Jumping Qualifier,Jumping Qualifier,FINISHED,O,Equestrian,EQU,Château de Versailles,1951844,MARTIN Boyd,Person,USA,United States,,0.00,POINTS,,Q,51,54
2942,2024-07-29T13:50:43+02:00,EQUOEVENINDV----------JUMP000200--,EQUOEVENINDV,Eventing Individual,Eventing Individual Jumping Qualifier,Jumping Qualifier,FINISHED,O,Equestrian,EQU,Château de Versailles,1891514,ANDERSEN Frida,Person,SWE,Sweden,,0.00,POINTS,,Q,52,32
2943,2024-07-29T13:50:43+02:00,EQUOEVENINDV----------JUMP000200--,EQUOEVENINDV,Eventing Individual,Eventing Individual Jumping Qualifier,Jumping Qualifier,FINISHED,O,Equestrian,EQU,Château de Versailles,1899846,LAGHOUAG Karim Florent,Person,FRA,France,,4.00,POINTS,,Q,41,15
2944,2024-07-29T13:50:43+02:00,EQUOEVENINDV----------JUMP000200--,EQUOEVENINDV,Eventing Individual,Eventing Individual Jumping Qualifier,Jumping Qualifier,FINISHED,O,Equestrian,EQU,Château de Versailles,1951829,HALLIDAY Elisabeth,Person,USA,United States,,0.80,POINTS,,Q,35,30
2945,2024-07-29T13:50:43+02:00,EQUOEVENINDV----------JUMP000200--,EQUOEVENINDV,Eventing Individual,Eventing Individual Jumping Qualifier,Jumping Qualifier,FINISHED,O,Equestrian,EQU,Château de Versailles,1939479,JOHNSTONE Clarke,Person,NZL,New Zealand,,4.40,POINTS,,Q,37,35
2946,2024-07-29T13:50:43+02:00,EQUOEVENINDV----------JUMP000200--,EQUOEVENINDV,Eventing Individual,Eventing Individual Jumping Qualifier,Jumping Qualifier,FINISHED,O,Equestrian,EQU,Château de Versailles,1903176,de LIEDEKERKE - MEIER Lara,Person,BEL,Belgium,,4.40,POINTS,,Q,55,64
2947,2024-07-29T13:50:43+02:00,EQUOEVENINDV----------JUMP000200--,EQUOEVENINDV,Eventing Individual,Eventing Individual Jumping Qualifier,Jumping Qualifier,FINISHED,O,Equestrian,EQU,Château de Versailles,1903178,DONCKERS Karin,Person,BEL,Belgium,,4.00,POINTS,,Q,39,16
2948,2024-07-29T13:50:43+02:00,EQUOEVENINDV----------JUMP000200--,EQUOEVENINDV,Eventing Individual,Eventing Individual Jumping Qualifier,Jumping Qualifier,FINISHED,O,Equestrian,EQU,Château de Versailles,1916976,BERTOLI Evelina,Person,ITA,Italy,,5.20,POINTS,,Q,46,37
2949,2024-07-29T13:50:43+02:00,EQUOEVENINDV----------JUMP000200--,EQUOEVENINDV,Eventing Individual,Eventing Individual Jumping Qualifier,Jumping Qualifier,FINISHED,O,Equestrian,EQU,Château de Versailles,1899866,TOUZAINT Nicolas,Person,FRA,France,,8.00,POINTS,,Q,25,63
2950,2024-07-29T13:50:43+02:00,EQUOEVENINDV----------JUMP000200--,EQUOEVENINDV,Eventing Individual,Eventing Individual Jumping Qualifier,Jumping Qualifier,FINISHED,O,Equestrian,EQU,Château de Versailles,1563914,O'CONNOR Austin,Person,IRL,Ireland,,8.00,POINTS,,Q,50,52
2951,2024-07-29T13:50:43+02:00,EQUOEVENINDV----------JUMP000200--,EQUOEVENINDV,Eventing Individual,Eventing Individual Jumping Qualifier,Jumping Qualifier,FINISHED,O,Equestrian,EQU,Château de Versailles,1940467,ROSE Shane,Person,AUS,Australia,,4.40,POINTS,,Q,28,2
2952,2024-07-29T13:50:43+02:00,EQUOEVENINDV----------JUMP000200--,EQUOEVENINDV,Eventing Individual,Eventing Individual Jumping Qualifier,Jumping Qualifier,FINISHED,O,Equestrian,EQU,Château de Versailles,1970892,CANTER Rosalind,Person,GBR,Great Britain,,4.00,POINTS,,Q,26,57
2953,2024-07-29T13:50:43+02:00,EQUOEVENINDV----------JUMP000200--,EQUOEVENINDV,Eventing Individual,Eventing Individual Jumping Qualifier,Jumping Qualifier,FINISHED,O,Equestrian,EQU,Château de Versailles,1891523,ROMEIKE Louise,Person,SWE,Sweden,,5.60,POINTS,,Q,36,56
2954,2024-07-29T13:50:43+02:00,EQUOEVENINDV----------JUMP000200--,EQUOEVENINDV,Eventing Individual,Eventing Individual Jumping Qualifier,Jumping Qualifier,FINISHED,O,Equestrian,EQU,Château de Versailles,1927679,HUA TIAN Alex,Person,CHN,China,,1.60,POINTS,,Q,10,43
2955,2024-07-29T13:50:43+02:00,EQUOEVENINDV----------JUMP000200--,EQUOEVENINDV,Eventing Individual,Eventing Individual Jumping Qualifier,Jumping Qualifier,FINISHED,O,Equestrian,EQU,Château de Versailles,1976863,KOOREMANS Raf,Person,NED,Netherlands,,12.80,POINTS,,,33,62
2956,2024-07-29T13:50:43+02:00,EQUOEVENINDV----------JUMP000200--,EQUOEVENINDV,Eventing Individual,Eventing Individual Jumping Qualifier,Jumping Qualifier,FINISHED,O,Equestrian,EQU,Château de Versailles,1968112,MAMPRIN LOSANO Rafael,Person,BRA,Brazil,,5.20,POINTS,,,47,34
2957,2024-07-29T13:50:43+02:00,EQUOEVENINDV----------JUMP000200--,EQUOEVENINDV,Eventing Individual,Eventing Individual Jumping Qualifier,Jumping Qualifier,FINISHED,O,Equestrian,EQU,Château de Versailles,1903180,MAGNUS Tine,Person,BEL,Belgium,,4.00,POINTS,,,23,40
2958,2024-07-29T13:50:43+02:00,EQUOEVENINDV----------JUMP000200--,EQUOEVENINDV,Eventing Individual,Eventing Individual Jumping Qualifier,Jumping Qualifier,FINISHED,O,Equestrian,EQU,Château de Versailles,1977663,JOHNER Melody,Person,SUI,Switzerland,,8.80,POINTS,,,24,5
2959,2024-07-29T13:50:43+02:00,EQUOEVENINDV----------JUMP000200--,EQUOEVENINDV,Eventing Individual,Eventing Individual Jumping Qualifier,Jumping Qualifier,FINISHED,O,Equestrian,EQU,Château de Versailles,1976544,GODEL Robin,Person,SUI,Switzerland,,13.20,POINTS,,,40,29
2960,2024-07-29T13:50:43+02:00,EQUOEVENINDV----------JUMP000200--,EQUOEVENINDV,Eventing Individual,Eventing Individual Jumping Qualifier,Jumping Qualifier,FINISHED,O,Equestrian,EQU,Château de Versailles,2779021,BERRY Susannah,Person,IRL,Ireland,,4.00,POINTS,,,34,28
2961,2024-07-29T13:50:43+02:00,EQUOEVENINDV----------JUMP000200--,EQUOEVENINDV,Eventing Individual,Eventing Individual Jumping Qualifier,Jumping Qualifier,FINISHED,O,Equestrian,EQU,Château de Versailles,1974890,SLEZAK Karl,Person,CAN,Canada,,12.00,POINTS,,,48,27
2962,2024-07-29T13:50:43+02:00,EQUOEVENINDV----------JUMP000200--,EQUOEVENINDV,Eventing Individual,Eventing Individual Jumping Qualifier,Jumping Qualifier,FINISHED,O,Equestrian,EQU,Château de Versailles,1891524,SJOBORG Sofia,Person,SWE,Sweden,,4.80,POINTS,,,20,8
2963,2024-07-29T13:50:43+02:00,EQUOEVENINDV----------JUMP000200--,EQUOEVENINDV,Eventing Individual,Eventing Individual Jumping Qualifier,Jumping Qualifier,FINISHED,O,Equestrian,EQU,Château de Versailles,1878976,AMBROS Harald,Person,AUT,Austria,,10.00,POINTS,,,9,46
2964,2024-07-29T13:50:43+02:00,EQUOEVENINDV----------JUMP000200--,EQUOEVENINDV,Eventing Individual,Eventing Individual Jumping Qualifier,Jumping Qualifier,FINISHED,O,Equestrian,EQU,Château de Versailles,1974900,WINTER Michael,Person,CAN,Canada,,4.00,POINTS,,,32,3
2965,2024-07-29T13:50:43+02:00,EQUOEVENINDV----------JUMP000200--,EQUOEVENINDV,Eventing Individual,Eventing Individual Jumping Qualifier,Jumping Qualifier,FINISHED,O,Equestrian,EQU,Château de Versailles,1909054,MANNINEN Veera,Person,FIN,Finland,,1.20,POINTS,,,8,22
2966,2024-07-29T13:50:43+02:00,EQUOEVENINDV----------JUMP000200--,EQUOEVENINDV,Eventing Individual,Eventing Individual Jumping Qualifier,Jumping Qualifier,FINISHED,O,Equestrian,EQU,Château de Versailles,1951845,PAMUKCU Caroline,Person,USA,United States,,4.40,POINTS,,,19,6
2967,2024-07-29T13:50:43+02:00,EQUOEVENINDV----------JUMP000200--,EQUOEVENINDV,Eventing Individual,Eventing Individual Jumping Qualifier,Jumping Qualifier,FINISHED,O,Equestrian,EQU,Château de Versailles,1974855,PHOENIX Jessica,Person,CAN,Canada,,0.00,POINTS,,,16,51
2968,2024-07-29T13:50:43+02:00,EQUOEVENINDV----------JUMP000200--,EQUOEVENINDV,Eventing Individual,Eventing Individual Jumping Qualifier,Jumping Qualifier,FINISHED,O,Equestrian,EQU,Château de Versailles,1937636,KORYCKA Malgorzata,Person,POL,Poland,,10.00,POINTS,,,43,7
2969,2024-07-29T13:50:43+02:00,EQUOEVENINDV----------JUMP000200--,EQUOEVENINDV,Eventing Individual,Eventing Individual Jumping Qualifier,Jumping Qualifier,FINISHED,O,Equestrian,EQU,Château de Versailles,1939477,PRICE Jonelle,Person,NZL,New Zealand,,12.00,POINTS,,,21,11
2970,2024-07-29T13:50:43+02:00,EQUOEVENINDV----------JUMP000200--,EQUOEVENINDV,Eventing Individual,Eventing Individual Jumping Qualifier,Jumping Qualifier,FINISHED,O,Equestrian,EQU,Château de Versailles,1956174,KAIZINGER Balazs,Person,HUN,Hungary,,10.00,POINTS,,,6,18
2971,2024-07-29T13:50:43+02:00,EQUOEVENINDV----------JUMP000200--,EQUOEVENINDV,Eventing Individual,Eventing Individual Jumping Qualifier,Jumping Qualifier,FINISHED,O,Equestrian,EQU,Château de Versailles,1892360,FLARUP Peter T.,Person,DEN,Denmark,,9.60,POINTS,,,5,23
2972,2024-07-29T13:50:43+02:00,EQUOEVENINDV----------JUMP000200--,EQUOEVENINDV,Eventing Individual,Eventing Individual Jumping Qualifier,Jumping Qualifier,FINISHED,O,Equestrian,EQU,Château de Versailles,1957927,PETERNELL Alexander,Person,RSA,South Africa,,5.60,POINTS,,,3,42
2973,2024-07-29T13:50:43+02:00,EQUOEVENINDV----------JUMP000200--,EQUOEVENINDV,Eventing Individual,Eventing Individual Jumping Qualifier,Jumping Qualifier,FINISHED,O,Equestrian,EQU,Château de Versailles,1968102,CARVALHO JORGE Marcio,Person,BRA,Brazil,,4.00,POINTS,,,31,58
2974,2024-07-29T13:50:43+02:00,EQUOEVENINDV----------JUMP000200--,EQUOEVENINDV,Eventing Individual,Eventing Individual Jumping Qualifier,Jumping Qualifier,FINISHED,O,Equestrian,EQU,Château de Versailles,1562276,SLAOUI Noor,Person,MAR,Morocco,,20.80,POINTS,,,7,45
2975,2024-07-29T13:50:43+02:00,EQUOEVENINDV----------JUMP000200--,EQUOEVENINDV,Eventing Individual,Eventing Individual Jumping Qualifier,Jumping Qualifier,FINISHED,O,Equestrian,EQU,Château de Versailles,1916988,UGOLOTTI Giovanni,Person,ITA,Italy,,22.00,POINTS,,,30,61
2976,2024-07-29T13:50:43+02:00,EQUOEVENINDV----------JUMP000200--,EQUOEVENINDV,Eventing Individual,Eventing Individual Jumping Qualifier,Jumping Qualifier,FINISHED,O,Equestrian,EQU,Château de Versailles,1976860,de JONG Sanne,Person,NED,Netherlands,,5.20,POINTS,,,17,38
2977,2024-07-29T13:50:43+02:00,EQUOEVENINDV----------JUMP000200--,EQUOEVENINDV,Eventing Individual,Eventing Individual Jumping Qualifier,Jumping Qualifier,FINISHED,O,Equestrian,EQU,Château de Versailles,1937644,POWALA Robert,Person,POL,Poland,,1.60,POINTS,,,27,55
2978,2024-07-29T13:50:43+02:00,EQUOEVENINDV----------JUMP000200--,EQUOEVENINDV,Eventing Individual,Eventing Individual Jumping Qualifier,Jumping Qualifier,FINISHED,O,Equestrian,EQU,Château de Versailles,1965387,BENITEZ VALLE Esteban,Person,ESP,Spain,,29.20,POINTS,,,4,24
2979,2024-07-29T13:50:43+02:00,EQUOEVENINDV----------JUMP000200--,EQUOEVENINDV,Eventing Individual,Eventing Individual Jumping Qualifier,Jumping Qualifier,FINISHED,O,Equestrian,EQU,Château de Versailles,1956668,TRUNDA Miroslav,Person,CZE,Czechia,,30.00,POINTS,,,1,19
2980,2024-07-29T13:50:43+02:00,EQUOEVENINDV----------JUMP000200--,EQUOEVENINDV,Eventing Individual,Eventing Individual Jumping Qualifier,Jumping Qualifier,FINISHED,O,Equestrian,EQU,Château de Versailles,1973925,WETTSTEIN Nicolas,Person,ECU,Ecuador,,50.80,POINTS,,,2,48
2981,2024-07-29T13:50:43+02:00,EQUOEVENINDV----------JUMP000200--,EQUOEVENINDV,Eventing Individual,Eventing Individual Jumping Qualifier,Jumping Qualifier,FINISHED,O,Equestrian,EQU,Château de Versailles,1914927,WAHLER Christoph,Person,GER,Germany,,0.00,POINTS,,,13,25
2982,2024-07-29T13:50:43+02:00,EQUOEVENINDV----------JUMP000200--,EQUOEVENINDV,Eventing Individual,Eventing Individual Jumping Qualifier,Jumping Qualifier,FINISHED,O,Equestrian,EQU,Château de Versailles,1937640,KNAP Wiktoria,Person,POL,Poland,,22.80,POINTS,,,11,78
2983,2024-07-29T13:50:43+02:00,EQUOEVENINDV----------JUMP000200--,EQUOEVENINDV,Eventing Individual,Eventing Individual Jumping Qualifier,Jumping Qualifier,FINISHED,O,Equestrian,EQU,Château de Versailles,1940468,LOWINGS Shenae,Person,AUS,Australia,,9.20,POINTS,,,12,66
2984,2024-07-29T13:50:43+02:00,EQUOEVENINDV----------JUMP000200--,EQUOEVENINDV,Eventing Individual,Eventing Individual Jumping Qualifier,Jumping Qualifier,FINISHED,O,Equestrian,EQU,Château de Versailles,1916985,SANDEI Pietro,Person,ITA,Italy,,8.40,POINTS,,,14,74
2985,2024-07-29T13:50:43+02:00,EQUOEVENINDV----------JUMP000200--,EQUOEVENINDV,Eventing Individual,Eventing Individual Jumping Qualifier,Jumping Qualifier,FINISHED,O,Equestrian,EQU,Château de Versailles,1968116,FONSECA Ruy,Person,BRA,Brazil,,8.00,POINTS,,,15,68
2986,2024-07-29T13:50:43+02:00,EQUOEVENINDV----------JUMP000200--,EQUOEVENINDV,Eventing Individual,Eventing Individual Jumping Qualifier,Jumping Qualifier,FINISHED,O,Equestrian,EQU,Château de Versailles,1555109,CLARK Aoife,Person,IRL,Ireland,,4.00,POINTS,,,18,73
2987,2024-07-29T13:50:43+02:00,EQUOEVENINDV----------JUMP000200--,EQUOEVENINDV,Eventing Individual,Eventing Individual Jumping Qualifier,Jumping Qualifier,FINISHED,O,Equestrian,EQU,Château de Versailles,1946428,TANAKA Toshiyuki,Person,JPN,Japan,,1.60,POINTS,,,22,75
7439,2024-07-29T15:58:57+02:00,EQUOEVENINDV----------JUMP000100--,EQUOEVENINDV,Eventing Individual,Eventing Individual Jumping Final,Jumping - Individual Final,FINISHED,O,Equestrian,EQU,Château de Versailles,1914921,JUNG Michael,Person,GER,Germany,,0.00,POINTS,,,25,49
7440,2024-07-29T15:58:57+02:00,EQUOEVENINDV----------JUMP000100--,EQUOEVENINDV,Eventing Individual,Eventing Individual Jumping Final,Jumping - Individual Final,FINISHED,O,Equestrian,EQU,Château de Versailles,1940438,BURTON Christopher,Person,AUS,Australia,,0.00,POINTS,,,24,50
7441,2024-07-29T15:58:57+02:00,EQUOEVENINDV----------JUMP000100--,EQUOEVENINDV,Eventing Individual,Eventing Individual Jumping Final,Jumping - Individual Final,FINISHED,O,Equestrian,EQU,Château de Versailles,1970898,COLLETT Laura,Person,GBR,Great Britain,,0.00,POINTS,,,23,33
7442,2024-07-29T15:58:57+02:00,EQUOEVENINDV----------JUMP000100--,EQUOEVENINDV,Eventing Individual,Eventing Individual Jumping Final,Jumping - Individual Final,FINISHED,O,Equestrian,EQU,Château de Versailles,1970917,McEWEN Tom,Person,GBR,Great Britain,,0.00,POINTS,,,22,9
7443,2024-07-29T15:58:57+02:00,EQUOEVENINDV----------JUMP000100--,EQUOEVENINDV,Eventing Individual,Eventing Individual Jumping Final,Jumping - Individual Final,FINISHED,O,Equestrian,EQU,Château de Versailles,1946438,TOMOTO Kazuma,Person,JPN,Japan,,0.00,POINTS,,,19,60
7444,2024-07-29T15:58:57+02:00,EQUOEVENINDV----------JUMP000100--,EQUOEVENINDV,Eventing Individual,Eventing Individual Jumping Final,Jumping - Individual Final,FINISHED,O,Equestrian,EQU,Château de Versailles,1939472,PRICE Tim,Person,NZL,New Zealand,,0.00,POINTS,,,18,59
7445,2024-07-29T15:58:57+02:00,EQUOEVENINDV----------JUMP000100--,EQUOEVENINDV,Eventing Individual,Eventing Individual Jumping Final,Jumping - Individual Final,FINISHED,O,Equestrian,EQU,Château de Versailles,1946434,OIWA Yoshiaki,Person,JPN,Japan,,4.40,POINTS,,,21,36
7446,2024-07-29T15:58:57+02:00,EQUOEVENINDV----------JUMP000100--,EQUOEVENINDV,Eventing Individual,Eventing Individual Jumping Final,Jumping - Individual Final,FINISHED,O,Equestrian,EQU,Château de Versailles,1977899,VOGG Felix,Person,SUI,Switzerland,,4.40,POINTS,,,20,53
7447,2024-07-29T15:58:57+02:00,EQUOEVENINDV----------JUMP000100--,EQUOEVENINDV,Eventing Individual,Eventing Individual Jumping Final,Jumping - Individual Final,FINISHED,O,Equestrian,EQU,Château de Versailles,1976843,BOONZAAIJER Janneke,Person,NED,Netherlands,,0.00,POINTS,,,16,14
7448,2024-07-29T15:58:57+02:00,EQUOEVENINDV----------JUMP000100--,EQUOEVENINDV,Eventing Individual,Eventing Individual Jumping Final,Jumping - Individual Final,FINISHED,O,Equestrian,EQU,Château de Versailles,1951844,MARTIN Boyd,Person,USA,United States,,0.00,POINTS,,,15,54
7449,2024-07-29T15:58:57+02:00,EQUOEVENINDV----------JUMP000100--,EQUOEVENINDV,Eventing Individual,Eventing Individual Jumping Final,Jumping - Individual Final,FINISHED,O,Equestrian,EQU,Château de Versailles,1914923,KRAJEWSKI Julia,Person,GER,Germany,,0.00,POINTS,,,14,1
7450,2024-07-29T15:58:57+02:00,EQUOEVENINDV----------JUMP000100--,EQUOEVENINDV,Eventing Individual,Eventing Individual Jumping Final,Jumping - Individual Final,FINISHED,O,Equestrian,EQU,Château de Versailles,1891514,ANDERSEN Frida,Person,SWE,Sweden,,0.00,POINTS,,,13,32
7451,2024-07-29T15:58:57+02:00,EQUOEVENINDV----------JUMP000100--,EQUOEVENINDV,Eventing Individual,Eventing Individual Jumping Final,Jumping - Individual Final,FINISHED,O,Equestrian,EQU,Château de Versailles,1903176,de LIEDEKERKE - MEIER Lara,Person,BEL,Belgium,,0.00,POINTS,,,9,64
7452,2024-07-29T15:58:57+02:00,EQUOEVENINDV----------JUMP000100--,EQUOEVENINDV,Eventing Individual,Eventing Individual Jumping Final,Jumping - Individual Final,FINISHED,O,Equestrian,EQU,Château de Versailles,1899847,LANDOIS Stephane,Person,FRA,France,,4.00,POINTS,,,17,39
7453,2024-07-29T15:58:57+02:00,EQUOEVENINDV----------JUMP000100--,EQUOEVENINDV,Eventing Individual,Eventing Individual Jumping Final,Jumping - Individual Final,FINISHED,O,Equestrian,EQU,Château de Versailles,1899846,LAGHOUAG Karim Florent,Person,FRA,France,,4.00,POINTS,,,12,15
7454,2024-07-29T15:58:57+02:00,EQUOEVENINDV----------JUMP000100--,EQUOEVENINDV,Eventing Individual,Eventing Individual Jumping Final,Jumping - Individual Final,FINISHED,O,Equestrian,EQU,Château de Versailles,1903178,DONCKERS Karin,Person,BEL,Belgium,,0.40,POINTS,,,8,16
7455,2024-07-29T15:58:57+02:00,EQUOEVENINDV----------JUMP000100--,EQUOEVENINDV,Eventing Individual,Eventing Individual Jumping Final,Jumping - Individual Final,FINISHED,O,Equestrian,EQU,Château de Versailles,1563914,O'CONNOR Austin,Person,IRL,Ireland,,0.00,POINTS,,,5,52
7456,2024-07-29T15:58:57+02:00,EQUOEVENINDV----------JUMP000100--,EQUOEVENINDV,Eventing Individual,Eventing Individual Jumping Final,Jumping - Individual Final,FINISHED,O,Equestrian,EQU,Château de Versailles,1939479,JOHNSTONE Clarke,Person,NZL,New Zealand,,4.80,POINTS,,,10,35
7457,2024-07-29T15:58:57+02:00,EQUOEVENINDV----------JUMP000100--,EQUOEVENINDV,Eventing Individual,Eventing Individual Jumping Final,Jumping - Individual Final,FINISHED,O,Equestrian,EQU,Château de Versailles,1951829,HALLIDAY Elisabeth,Person,USA,United States,,5.20,POINTS,,,11,30
7458,2024-07-29T15:58:57+02:00,EQUOEVENINDV----------JUMP000100--,EQUOEVENINDV,Eventing Individual,Eventing Individual Jumping Final,Jumping - Individual Final,FINISHED,O,Equestrian,EQU,Château de Versailles,1940467,ROSE Shane,Person,AUS,Australia,,0.00,POINTS,,,4,2
7459,2024-07-29T15:58:57+02:00,EQUOEVENINDV----------JUMP000100--,EQUOEVENINDV,Eventing Individual,Eventing Individual Jumping Final,Jumping - Individual Final,FINISHED,O,Equestrian,EQU,Château de Versailles,1970892,CANTER Rosalind,Person,GBR,Great Britain,,0.00,POINTS,,,3,57
7460,2024-07-29T15:58:57+02:00,EQUOEVENINDV----------JUMP000100--,EQUOEVENINDV,Eventing Individual,Eventing Individual Jumping Final,Jumping - Individual Final,FINISHED,O,Equestrian,EQU,Château de Versailles,1916976,BERTOLI Evelina,Person,ITA,Italy,,4.40,POINTS,,,7,37
7461,2024-07-29T15:58:57+02:00,EQUOEVENINDV----------JUMP000100--,EQUOEVENINDV,Eventing Individual,Eventing Individual Jumping Final,Jumping - Individual Final,FINISHED,O,Equestrian,EQU,Château de Versailles,1927679,HUA TIAN Alex,Person,CHN,China,,0.00,POINTS,,,1,43
7462,2024-07-29T15:58:57+02:00,EQUOEVENINDV----------JUMP000100--,EQUOEVENINDV,Eventing Individual,Eventing Individual Jumping Final,Jumping - Individual Final,FINISHED,O,Equestrian,EQU,Château de Versailles,1891523,ROMEIKE Louise,Person,SWE,Sweden,,0.40,POINTS,,,2,56
7463,2024-07-29T15:58:57+02:00,EQUOEVENINDV----------JUMP000100--,EQUOEVENINDV,Eventing Individual,Eventing Individual Jumping Final,Jumping - Individual Final,FINISHED,O,Equestrian,EQU,Château de Versailles,1899866,TOUZAINT Nicolas,Person,FRA,France,,8.00,POINTS,,,6,63
7585,2024-07-27T18:42:15+02:00,EQUOEVENTEAM----------DRSS000100--,EQUOEVENTEAM,Eventing Team,Eventing Team Dressage,Dressage,FINISHED,O,Equestrian,EQU,Château de Versailles,EQUOEVENTEAMGBR01,Great Britain,Team,GBR,Great Britain,,66.70,POINTS,,,9,
7586,2024-07-27T18:42:15+02:00,EQUOEVENTEAM----------DRSS000100--,EQUOEVENTEAM,Eventing Team,Eventing Team Dressage,Dressage,FINISHED,O,Equestrian,EQU,Château de Versailles,EQUOEVENTEAMGER01,Germany,Team,GER,Germany,,74.10,POINTS,,,1,
7587,2024-07-27T18:42:15+02:00,EQUOEVENTEAM----------DRSS000100--,EQUOEVENTEAM,Eventing Team,Eventing Team Dressage,Dressage,FINISHED,O,Equestrian,EQU,Château de Versailles,EQUOEVENTEAMFRA01,France,Team,FRA,France,,81.20,POINTS,,,15,
7588,2024-07-27T18:42:15+02:00,EQUOEVENTEAM----------DRSS000100--,EQUOEVENTEAM,Eventing Team,Eventing Team Dressage,Dressage,FINISHED,O,Equestrian,EQU,Château de Versailles,EQUOEVENTEAMNZL01,New Zealand,Team,NZL,New Zealand,,83.00,POINTS,,,11,
7589,2024-07-27T18:42:15+02:00,EQUOEVENTEAM----------DRSS000100--,EQUOEVENTEAM,Eventing Team,Eventing Team Dressage,Dressage,FINISHED,O,Equestrian,EQU,Château de Versailles,EQUOEVENTEAMJPN01,Japan,Team,JPN,Japan,,87.40,POINTS,,,12,
7590,2024-07-27T18:42:15+02:00,EQUOEVENTEAM----------DRSS000100--,EQUOEVENTEAM,Eventing Team,Eventing Team Dressage,Dressage,FINISHED,O,Equestrian,EQU,Château de Versailles,EQUOEVENTEAMUSA01,United States of America,Team,USA,United States,,88.90,POINTS,,,6,
7591,2024-07-27T18:42:15+02:00,EQUOEVENTEAM----------DRSS000100--,EQUOEVENTEAM,Eventing Team,Eventing Team Dressage,Dressage,FINISHED,O,Equestrian,EQU,Château de Versailles,EQUOEVENTEAMSUI01,Switzerland,Team,SUI,Switzerland,,89.60,POINTS,,,5,
7592,2024-07-27T18:42:15+02:00,EQUOEVENTEAM----------DRSS000100--,EQUOEVENTEAM,Eventing Team,Eventing Team Dressage,Dressage,FINISHED,O,Equestrian,EQU,Château de Versailles,EQUOEVENTEAMAUS01,Australia,Team,AUS,Australia,,91.50,POINTS,,,2,
7593,2024-07-27T18:42:15+02:00,EQUOEVENTEAM----------DRSS000100--,EQUOEVENTEAM,Eventing Team,Eventing Team Dressage,Dressage,FINISHED,O,Equestrian,EQU,Château de Versailles,EQUOEVENTEAMNED01,Netherlands,Team,NED,Netherlands,,93.70,POINTS,,,14,
7594,2024-07-27T18:42:15+02:00,EQUOEVENTEAM----------DRSS000100--,EQUOEVENTEAM,Eventing Team,Eventing Team Dressage,Dressage,FINISHED,O,Equestrian,EQU,Château de Versailles,EQUOEVENTEAMBEL01,Belgium,Team,BEL,Belgium,,100.60,POINTS,,,16,
7595,2024-07-27T18:42:15+02:00,EQUOEVENTEAM----------DRSS000100--,EQUOEVENTEAM,Eventing Team,Eventing Team Dressage,Dressage,FINISHED,O,Equestrian,EQU,Château de Versailles,EQUOEVENTEAMIRL01,Ireland,Team,IRL,Ireland,,102.70,POINTS,,,4,
7596,2024-07-27T18:42:15+02:00,EQUOEVENTEAM----------DRSS000100--,EQUOEVENTEAM,Eventing Team,Eventing Team Dressage,Dressage,FINISHED,O,Equestrian,EQU,Château de Versailles,EQUOEVENTEAMBRA01,Brazil,Team,BRA,Brazil,,103.40,POINTS,,,10,
7597,2024-07-27T18:42:15+02:00,EQUOEVENTEAM----------DRSS000100--,EQUOEVENTEAM,Eventing Team,Eventing Team Dressage,Dressage,FINISHED,O,Equestrian,EQU,Château de Versailles,EQUOEVENTEAMSWE01,Sweden,Team,SWE,Sweden,,104.30,POINTS,,,8,
7598,2024-07-27T18:42:15+02:00,EQUOEVENTEAM----------DRSS000100--,EQUOEVENTEAM,Eventing Team,Eventing Team Dressage,Dressage,FINISHED,O,Equestrian,EQU,Château de Versailles,EQUOEVENTEAMCAN01,Canada,Team,CAN,Canada,,106.40,POINTS,,,3,
7599,2024-07-27T18:42:15+02:00,EQUOEVENTEAM----------DRSS000100--,EQUOEVENTEAM,Eventing Team,Eventing Team Dressage,Dressage,FINISHED,O,Equestrian,EQU,Château de Versailles,EQUOEVENTEAMPOL01,Poland,Team,POL,Poland,,109.90,POINTS,,,7,
7600,2024-07-27T18:42:15+02:00,EQUOEVENTEAM----------DRSS000100--,EQUOEVENTEAM,Eventing Team,Eventing Team Dressage,Dressage,FINISHED,O,Equestrian,EQU,Château de Versailles,EQUOEVENTEAMITA01,Italy,Team,ITA,Italy,,152.30,POINTS,,,13,
4426,2024-07-28T16:07:16+02:00,EQUOEVENTEAM----------XC--000100--,EQUOEVENTEAM,Eventing Team,Eventing Team Cross Country,Cross Country,FINISHED,O,Equestrian,EQU,Château de Versailles,EQUOEVENTEAMGBR01,Great Britain,Team,GBR,Great Britain,,15.80,POINTS,,,9,
4427,2024-07-28T16:07:16+02:00,EQUOEVENTEAM----------XC--000100--,EQUOEVENTEAM,Eventing Team,Eventing Team Cross Country,Cross Country,FINISHED,O,Equestrian,EQU,Château de Versailles,EQUOEVENTEAMFRA01,France,Team,FRA,France,,6.00,POINTS,,,15,
4428,2024-07-28T16:07:16+02:00,EQUOEVENTEAM----------XC--000100--,EQUOEVENTEAM,Eventing Team,Eventing Team Cross Country,Cross Country,FINISHED,O,Equestrian,EQU,Château de Versailles,EQUOEVENTEAMJPN01,Japan,Team,JPN,Japan,,6.40,POINTS,,,12,
4429,2024-07-28T16:07:16+02:00,EQUOEVENTEAM----------XC--000100--,EQUOEVENTEAM,Eventing Team,Eventing Team Cross Country,Cross Country,FINISHED,O,Equestrian,EQU,Château de Versailles,EQUOEVENTEAMSUI01,Switzerland,Team,SUI,Switzerland,,12.80,POINTS,,,5,
4430,2024-07-28T16:07:16+02:00,EQUOEVENTEAM----------XC--000100--,EQUOEVENTEAM,Eventing Team,Eventing Team Cross Country,Cross Country,FINISHED,O,Equestrian,EQU,Château de Versailles,EQUOEVENTEAMBEL01,Belgium,Team,BEL,Belgium,,10.40,POINTS,,,16,
4431,2024-07-28T16:07:16+02:00,EQUOEVENTEAM----------XC--000100--,EQUOEVENTEAM,Eventing Team,Eventing Team Cross Country,Cross Country,FINISHED,O,Equestrian,EQU,Château de Versailles,EQUOEVENTEAMNZL01,New Zealand,Team,NZL,New Zealand,,35.20,POINTS,,,11,
4432,2024-07-28T16:07:16+02:00,EQUOEVENTEAM----------XC--000100--,EQUOEVENTEAM,Eventing Team,Eventing Team Cross Country,Cross Country,FINISHED,O,Equestrian,EQU,Château de Versailles,EQUOEVENTEAMSWE01,Sweden,Team,SWE,Sweden,,15.80,POINTS,,,8,
4433,2024-07-28T16:07:16+02:00,EQUOEVENTEAM----------XC--000100--,EQUOEVENTEAM,Eventing Team,Eventing Team Cross Country,Cross Country,FINISHED,O,Equestrian,EQU,Château de Versailles,EQUOEVENTEAMIRL01,Ireland,Team,IRL,Ireland,,18.40,POINTS,,,4,
4434,2024-07-28T16:07:16+02:00,EQUOEVENTEAM----------XC--000100--,EQUOEVENTEAM,Eventing Team,Eventing Team Cross Country,Cross Country,FINISHED,O,Equestrian,EQU,Château de Versailles,EQUOEVENTEAMUSA01,United States of America,Team,USA,United States,,39.60,POINTS,,,6,
4435,2024-07-28T16:07:16+02:00,EQUOEVENTEAM----------XC--000100--,EQUOEVENTEAM,Eventing Team,Eventing Team Cross Country,Cross Country,FINISHED,O,Equestrian,EQU,Château de Versailles,EQUOEVENTEAMNED01,Netherlands,Team,NED,Netherlands,,53.80,POINTS,,,14,
4436,2024-07-28T16:07:16+02:00,EQUOEVENTEAM----------XC--000100--,EQUOEVENTEAM,Eventing Team,Eventing Team Cross Country,Cross Country,FINISHED,O,Equestrian,EQU,Château de Versailles,EQUOEVENTEAMCAN01,Canada,Team,CAN,Canada,,51.60,POINTS,,,3,
4437,2024-07-28T16:07:16+02:00,EQUOEVENTEAM----------XC--000100--,EQUOEVENTEAM,Eventing Team,Eventing Team Cross Country,Cross Country,FINISHED,O,Equestrian,EQU,Château de Versailles,EQUOEVENTEAMBRA01,Brazil,Team,BRA,Brazil,,74.00,POINTS,,,10,
4438,2024-07-28T16:07:16+02:00,EQUOEVENTEAM----------XC--000100--,EQUOEVENTEAM,Eventing Team,Eventing Team Cross Country,Cross Country,FINISHED,O,Equestrian,EQU,Château de Versailles,EQUOEVENTEAMITA01,Italy,Team,ITA,Italy,,76.80,POINTS,,,13,
4439,2024-07-28T16:07:16+02:00,EQUOEVENTEAM----------XC--000100--,EQUOEVENTEAM,Eventing Team,Eventing Team Cross Country,Cross Country,FINISHED,O,Equestrian,EQU,Château de Versailles,EQUOEVENTEAMGER01,Germany,Team,GER,Germany,,204.80,POINTS,,,1,
4440,2024-07-28T16:07:16+02:00,EQUOEVENTEAM----------XC--000100--,EQUOEVENTEAM,Eventing Team,Eventing Team Cross Country,Cross Country,FINISHED,O,Equestrian,EQU,Château de Versailles,EQUOEVENTEAMAUS01,Australia,Team,AUS,Australia,,202.80,POINTS,,,2,
4441,2024-07-28T16:07:16+02:00,EQUOEVENTEAM----------XC--000100--,EQUOEVENTEAM,Eventing Team,Eventing Team Cross Country,Cross Country,FINISHED,O,Equestrian,EQU,Château de Versailles,EQUOEVENTEAMPOL01,Poland,Team,POL,Poland,,281.20,POINTS,,,7,
8490,2024-07-29T13:50:45+02:00,EQUOEVENTEAM----------JUMP000100--,EQUOEVENTEAM,Eventing Team,Eventing Team Jumping Final,Jumping - Team Final,FINISHED,O,Equestrian,EQU,Château de Versailles,EQUOEVENTEAMGBR01,Great Britain,Team,GBR,Great Britain,,8.80,POINTS,,,16,
8491,2024-07-29T13:50:45+02:00,EQUOEVENTEAM----------JUMP000100--,EQUOEVENTEAM,Eventing Team,Eventing Team Jumping Final,Jumping - Team Final,FINISHED,O,Equestrian,EQU,Château de Versailles,EQUOEVENTEAMFRA01,France,Team,FRA,France,,16.40,POINTS,,,15,
8492,2024-07-29T13:50:45+02:00,EQUOEVENTEAM----------JUMP000100--,EQUOEVENTEAM,Eventing Team,Eventing Team Jumping Final,Jumping - Team Final,FINISHED,O,Equestrian,EQU,Château de Versailles,EQUOEVENTEAMJPN01,Japan,Team,JPN,Japan,,2.00,POINTS,,,12,
8493,2024-07-29T13:50:45+02:00,EQUOEVENTEAM----------JUMP000100--,EQUOEVENTEAM,Eventing Team,Eventing Team Jumping Final,Jumping - Team Final,FINISHED,O,Equestrian,EQU,Château de Versailles,EQUOEVENTEAMBEL01,Belgium,Team,BEL,Belgium,,12.40,POINTS,,,13,
8494,2024-07-29T13:50:45+02:00,EQUOEVENTEAM----------JUMP000100--,EQUOEVENTEAM,Eventing Team,Eventing Team Jumping Final,Jumping - Team Final,FINISHED,O,Equestrian,EQU,Château de Versailles,EQUOEVENTEAMSUI01,Switzerland,Team,SUI,Switzerland,,26.00,POINTS,,,14,
8495,2024-07-29T13:50:45+02:00,EQUOEVENTEAM----------JUMP000100--,EQUOEVENTEAM,Eventing Team,Eventing Team Jumping Final,Jumping - Team Final,FINISHED,O,Equestrian,EQU,Château de Versailles,EQUOEVENTEAMSWE01,Sweden,Team,SWE,Sweden,,10.40,POINTS,,,10,
8496,2024-07-29T13:50:45+02:00,EQUOEVENTEAM----------JUMP000100--,EQUOEVENTEAM,Eventing Team,Eventing Team Jumping Final,Jumping - Team Final,FINISHED,O,Equestrian,EQU,Château de Versailles,EQUOEVENTEAMUSA01,United States of America,Team,USA,United States,,5.20,POINTS,,,9,
8497,2024-07-29T13:50:45+02:00,EQUOEVENTEAM----------JUMP000100--,EQUOEVENTEAM,Eventing Team,Eventing Team Jumping Final,Jumping - Team Final,FINISHED,O,Equestrian,EQU,Château de Versailles,EQUOEVENTEAMNZL01,New Zealand,Team,NZL,New Zealand,,16.40,POINTS,,,11,
8498,2024-07-29T13:50:45+02:00,EQUOEVENTEAM----------JUMP000100--,EQUOEVENTEAM,Eventing Team,Eventing Team Jumping Final,Jumping - Team Final,FINISHED,O,Equestrian,EQU,Château de Versailles,EQUOEVENTEAMIRL01,Ireland,Team,IRL,Ireland,,16.00,POINTS,,,8,
8499,2024-07-29T13:50:45+02:00,EQUOEVENTEAM----------JUMP000100--,EQUOEVENTEAM,Eventing Team,Eventing Team Jumping Final,Jumping - Team Final,FINISHED,O,Equestrian,EQU,Château de Versailles,EQUOEVENTEAMNED01,Netherlands,Team,NED,Netherlands,,18.00,POINTS,,,7,
8500,2024-07-29T13:50:45+02:00,EQUOEVENTEAM----------JUMP000100--,EQUOEVENTEAM,Eventing Team,Eventing Team Jumping Final,Jumping - Team Final,FINISHED,O,Equestrian,EQU,Château de Versailles,EQUOEVENTEAMCAN01,Canada,Team,CAN,Canada,,16.00,POINTS,,,6,
8501,2024-07-29T13:50:45+02:00,EQUOEVENTEAM----------JUMP000100--,EQUOEVENTEAM,Eventing Team,Eventing Team Jumping Final,Jumping - Team Final,FINISHED,O,Equestrian,EQU,Château de Versailles,EQUOEVENTEAMBRA01,Brazil,Team,BRA,Brazil,,17.20,POINTS,,,5,
8502,2024-07-29T13:50:45+02:00,EQUOEVENTEAM----------JUMP000100--,EQUOEVENTEAM,Eventing Team,Eventing Team Jumping Final,Jumping - Team Final,FINISHED,O,Equestrian,EQU,Château de Versailles,EQUOEVENTEAMITA01,Italy,Team,ITA,Italy,,35.60,POINTS,,,4,
8503,2024-07-29T13:50:45+02:00,EQUOEVENTEAM----------JUMP000100--,EQUOEVENTEAM,Eventing Team,Eventing Team Jumping Final,Jumping - Team Final,FINISHED,O,Equestrian,EQU,Château de Versailles,EQUOEVENTEAMGER01,Germany,Team,GER,Germany,,4.40,POINTS,,,3,
8504,2024-07-29T13:50:45+02:00,EQUOEVENTEAM----------JUMP000100--,EQUOEVENTEAM,Eventing Team,Eventing Team Jumping Final,Jumping - Team Final,FINISHED,O,Equestrian,EQU,Château de Versailles,EQUOEVENTEAMAUS01,Australia,Team,AUS,Australia,,14.00,POINTS,,,2,
8505,2024-07-29T13:50:45+02:00,EQUOEVENTEAM----------JUMP000100--,EQUOEVENTEAM,Eventing Team,Eventing Team Jumping Final,Jumping - Team Final,FINISHED,O,Equestrian,EQU,Château de Versailles,EQUOEVENTEAMPOL01,Poland,Team,POL,Poland,,34.40,POINTS,,,1,
4508,2024-08-01T14:32:16+02:00,EQUOJUMPTEAM----------QUAL000100--,EQUOJUMPTEAM,Jumping Team,Jumping Team Qualifier,Qualifier,FINISHED,O,Equestrian,EQU,Château de Versailles,EQUOJUMPTEAMGER01,Germany,Team,GER,Germany,1.0,0,POINTS,,Q,11,
4509,2024-08-01T14:32:16+02:00,EQUOJUMPTEAM----------QUAL000100--,EQUOJUMPTEAM,Jumping Team,Jumping Team Qualifier,Qualifier,FINISHED,O,Equestrian,EQU,Château de Versailles,EQUOJUMPTEAMUSA01,United States of America,Team,USA,United States,2.0,6,POINTS,,Q,13,
4510,2024-08-01T14:32:16+02:00,EQUOJUMPTEAM----------QUAL000100--,EQUOJUMPTEAM,Jumping Team,Jumping Team Qualifier,Qualifier,FINISHED,O,Equestrian,EQU,Château de Versailles,EQUOJUMPTEAMGBR01,Great Britain,Team,GBR,Great Britain,3.0,8,POINTS,,Q,10,
4511,2024-08-01T14:32:16+02:00,EQUOJUMPTEAM----------QUAL000100--,EQUOJUMPTEAM,Jumping Team,Jumping Team Qualifier,Qualifier,FINISHED,O,Equestrian,EQU,Château de Versailles,EQUOJUMPTEAMBEL01,Belgium,Team,BEL,Belgium,4.0,8,POINTS,,Q,20,
4512,2024-08-01T14:32:16+02:00,EQUOJUMPTEAM----------QUAL000100--,EQUOJUMPTEAM,Jumping Team,Jumping Team Qualifier,Qualifier,FINISHED,O,Equestrian,EQU,Château de Versailles,EQUOJUMPTEAMNED01,Netherlands,Team,NED,Netherlands,5.0,8,POINTS,,Q,14,
4513,2024-08-01T14:32:16+02:00,EQUOJUMPTEAM----------QUAL000100--,EQUOJUMPTEAM,Jumping Team,Jumping Team Qualifier,Qualifier,FINISHED,O,Equestrian,EQU,Château de Versailles,EQUOJUMPTEAMIRL01,Ireland,Team,IRL,Ireland,6.0,9,POINTS,,Q,9,
4514,2024-08-01T14:32:16+02:00,EQUOJUMPTEAM----------QUAL000100--,EQUOJUMPTEAM,Jumping Team,Jumping Team Qualifier,Qualifier,FINISHED,O,Equestrian,EQU,Château de Versailles,EQUOJUMPTEAMFRA01,France,Team,FRA,France,7.0,12,POINTS,,Q,8,
4515,2024-08-01T14:32:16+02:00,EQUOJUMPTEAM----------QUAL000100--,EQUOJUMPTEAM,Jumping Team,Jumping Team Qualifier,Qualifier,FINISHED,O,Equestrian,EQU,Château de Versailles,EQUOJUMPTEAMSWE01,Sweden,Team,SWE,Sweden,8.0,17,POINTS,,Q,5,
4516,2024-08-01T14:32:16+02:00,EQUOJUMPTEAM----------QUAL000100--,EQUOJUMPTEAM,Jumping Team,Jumping Team Qualifier,Qualifier,FINISHED,O,Equestrian,EQU,Château de Versailles,EQUOJUMPTEAMISR01,Israel,Team,ISR,Israel,9.0,20,POINTS,,Q,12,
4517,2024-08-01T14:32:16+02:00,EQUOJUMPTEAM----------QUAL000100--,EQUOJUMPTEAM,Jumping Team,Jumping Team Qualifier,Qualifier,FINISHED,O,Equestrian,EQU,Château de Versailles,EQUOJUMPTEAMMEX01,Mexico,Team,MEX,Mexico,10.0,20,POINTS,,Q,3,
4518,2024-08-01T14:32:16+02:00,EQUOJUMPTEAM----------QUAL000100--,EQUOJUMPTEAM,Jumping Team,Jumping Team Qualifier,Qualifier,FINISHED,O,Equestrian,EQU,Château de Versailles,EQUOJUMPTEAMESP01,Spain,Team,ESP,Spain,11.0,21,POINTS,,,1,
4519,2024-08-01T14:32:16+02:00,EQUOJUMPTEAM----------QUAL000100--,EQUOJUMPTEAM,Jumping Team,Jumping Team Qualifier,Qualifier,FINISHED,O,Equestrian,EQU,Château de Versailles,EQUOJUMPTEAMSUI01,Switzerland,Team,SUI,Switzerland,12.0,24,POINTS,,,4,
4520,2024-08-01T14:32:16+02:00,EQUOJUMPTEAM----------QUAL000100--,EQUOJUMPTEAM,Jumping Team,Jumping Team Qualifier,Qualifier,FINISHED,O,Equestrian,EQU,Château de Versailles,EQUOJUMPTEAMAUT01,Austria,Team,AUT,Austria,13.0,28,POINTS,,,2,
4521,2024-08-01T14:32:16+02:00,EQUOJUMPTEAM----------QUAL000100--,EQUOJUMPTEAM,Jumping Team,Jumping Team Qualifier,Qualifier,FINISHED,O,Equestrian,EQU,Château de Versailles,EQUOJUMPTEAMCAN01,Canada,Team,CAN,Canada,14.0,32,POINTS,,,19,
4522,2024-08-01T14:32:16+02:00,EQUOJUMPTEAM----------QUAL000100--,EQUOJUMPTEAM,Jumping Team,Jumping Team Qualifier,Qualifier,FINISHED,O,Equestrian,EQU,Château de Versailles,EQUOJUMPTEAMAUS01,Australia,Team,AUS,Australia,15.0,36,POINTS,,,18,
4523,2024-08-01T14:32:16+02:00,EQUOJUMPTEAM----------QUAL000100--,EQUOJUMPTEAM,Jumping Team,Jumping Team Qualifier,Qualifier,FINISHED,O,Equestrian,EQU,Château de Versailles,EQUOJUMPTEAMJPN01,Japan,Team,JPN,Japan,16.0,51,POINTS,,,6,
4524,2024-08-01T14:32:16+02:00,EQUOJUMPTEAM----------QUAL000100--,EQUOJUMPTEAM,Jumping Team,Jumping Team Qualifier,Qualifier,FINISHED,O,Equestrian,EQU,Château de Versailles,EQUOJUMPTEAMPOL01,Poland,Team,POL,Poland,17.0,53,POINTS,,,7,
4525,2024-08-01T14:32:16+02:00,EQUOJUMPTEAM----------QUAL000100--,EQUOJUMPTEAM,Jumping Team,Jumping Team Qualifier,Qualifier,FINISHED,O,Equestrian,EQU,Château de Versailles,EQUOJUMPTEAMUAE01,United Arab Emirates,Team,UAE,UA Emirates,18.0,72,POINTS,,,16,
4526,2024-08-01T14:32:16+02:00,EQUOJUMPTEAM----------QUAL000100--,EQUOJUMPTEAM,Jumping Team,Jumping Team Qualifier,Qualifier,FINISHED,O,Equestrian,EQU,Château de Versailles,EQUOJUMPTEAMKSA01,Saudi Arabia,Team,KSA,Saudi Arabia,19.0,28,POINTS,,,17,
4527,2024-08-01T14:32:16+02:00,EQUOJUMPTEAM----------QUAL000100--,EQUOJUMPTEAM,Jumping Team,Jumping Team Qualifier,Qualifier,FINISHED,O,Equestrian,EQU,Château de Versailles,EQUOJUMPTEAMBRA01,Brazil,Team,BRA,Brazil,,,IRM,EL,,15,
12308,2024-08-02T15:45:23+02:00,EQUOJUMPTEAM----------FNL-000100--,EQUOJUMPTEAM,Jumping Team,Jumping Team Final,Final,FINISHED,O,Equestrian,EQU,Château de Versailles,EQUOJUMPTEAMGBR01,Great Britain,Team,GBR,Great Britain,1.0,2,POINTS,,,8,
12309,2024-08-02T15:45:23+02:00,EQUOJUMPTEAM----------FNL-000100--,EQUOJUMPTEAM,Jumping Team,Jumping Team Final,Final,FINISHED,O,Equestrian,EQU,Château de Versailles,EQUOJUMPTEAMUSA01,United States of America,Team,USA,United States,2.0,4,POINTS,,,9,
12310,2024-08-02T15:45:23+02:00,EQUOJUMPTEAM----------FNL-000100--,EQUOJUMPTEAM,Jumping Team,Jumping Team Final,Final,FINISHED,O,Equestrian,EQU,Château de Versailles,EQUOJUMPTEAMFRA01,France,Team,FRA,France,3.0,7,POINTS,,,4,
12311,2024-08-02T15:45:23+02:00,EQUOJUMPTEAM----------FNL-000100--,EQUOJUMPTEAM,Jumping Team,Jumping Team Final,Final,FINISHED,O,Equestrian,EQU,Château de Versailles,EQUOJUMPTEAMNED01,Netherlands,Team,NED,Netherlands,4.0,7,POINTS,,,6,
12312,2024-08-02T15:45:23+02:00,EQUOJUMPTEAM----------FNL-000100--,EQUOJUMPTEAM,Jumping Team,Jumping Team Final,Final,FINISHED,O,Equestrian,EQU,Château de Versailles,EQUOJUMPTEAMGER01,Germany,Team,GER,Germany,5.0,8,POINTS,,,10,
12313,2024-08-02T15:45:23+02:00,EQUOJUMPTEAM----------FNL-000100--,EQUOJUMPTEAM,Jumping Team,Jumping Team Final,Final,FINISHED,O,Equestrian,EQU,Château de Versailles,EQUOJUMPTEAMSWE01,Sweden,Team,SWE,Sweden,6.0,12,POINTS,,,3,
12314,2024-08-02T15:45:23+02:00,EQUOJUMPTEAM----------FNL-000100--,EQUOJUMPTEAM,Jumping Team,Jumping Team Final,Final,FINISHED,O,Equestrian,EQU,Château de Versailles,EQUOJUMPTEAMIRL01,Ireland,Team,IRL,Ireland,7.0,14,POINTS,,,5,
12315,2024-08-02T15:45:23+02:00,EQUOJUMPTEAM----------FNL-000100--,EQUOJUMPTEAM,Jumping Team,Jumping Team Final,Final,FINISHED,O,Equestrian,EQU,Château de Versailles,EQUOJUMPTEAMBEL01,Belgium,Team,BEL,Belgium,8.0,20,POINTS,,,7,
12316,2024-08-02T15:45:23+02:00,EQUOJUMPTEAM----------FNL-000100--,EQUOJUMPTEAM,Jumping Team,Jumping Team Final,Final,FINISHED,O,Equestrian,EQU,Château de Versailles,EQUOJUMPTEAMISR01,Israel,Team,ISR,Israel,9.0,33,POINTS,,,2,
12317,2024-08-02T15:45:23+02:00,EQUOJUMPTEAM----------FNL-000100--,EQUOJUMPTEAM,Jumping Team,Jumping Team Final,Final,FINISHED,O,Equestrian,EQU,Château de Versailles,EQUOJUMPTEAMMEX01,Mexico,Team,MEX,Mexico,,,IRM,WD,,1,
