,date,stage_code,event_code,event_name,event_stage,stage,stage_status,gender,discipline_name,discipline_code,venue,participant_code,participant_name,participant_type,participant_country_code,participant_country,rank,result,result_type,result_IRM,start_order
11216,2024-08-01T19:30:00+02:00,GLFMSTROKE------------FNL-000100--,GLFMSTROKE,Men's Individual Stroke Play,Men's Individual Stroke Play Round 1,Round 1,FINISHED,M,Golf,GLF,Le Golf National,1961406,MATSUYAMA Hideki,Person,JPN,Japan,1.0,63,STROKES,,14
11217,2024-08-01T19:30:00+02:00,GLFMSTROKE------------FNL-000100--,GLFMSTROKE,Men's Individual Stroke Play,Men's Individual Stroke Play Round 1,Round 1,FINISHED,M,Golf,GLF,Le Golf National,1951723,SCHAUFFELE Xander,Person,USA,United States,2.0,65,STROKES,,46
11218,2024-08-01T19:30:00+02:00,GLFMSTROKE------------FNL-000100--,GLFMSTROKE,Men's Individual Stroke Play,Men's Individual Stroke Play Round 1,Round 1,FINISHED,M,Golf,GLF,Le Golf National,1935109,NIEMANN Joaquin,Person,CHI,Chile,3.0,66,STROKES,,6
11219,2024-08-01T19:30:00+02:00,GLFMSTROKE------------FNL-000100--,GLFMSTROKE,Men's Individual Stroke Play,Men's Individual Stroke Play Round 1,Round 1,FINISHED,M,Golf,GLF,Le Golf National,1937366,GRILLO Emiliano,Person,ARG,Argentina,3.0,66,STROKES,,7
11220,2024-08-01T19:30:00+02:00,GLFMSTROKE------------FNL-000100--,GLFMSTROKE,Men's Individual Stroke Play,Men's Individual Stroke Play Round 1,Round 1,FINISHED,M,Golf,GLF,Le Golf National,1572181,KIM Tom,Person,KOR,Korea,3.0,66,STROKES,,18
11221,2024-08-01T19:30:00+02:00,GLFMSTROKE------------FNL-000100--,GLFMSTROKE,Men's Individual Stroke Play,Men's Individual Stroke Play Round 1,Round 1,FINISHED,M,Golf,GLF,Le Golf National,1880177,NOREN Alex,Person,SWE,Sweden,6.0,67,STROKES,,8
11222,2024-08-01T19:30:00+02:00,GLFMSTROKE------------FNL-000100--,GLFMSTROKE,Men's Individual Stroke Play,Men's Individual Stroke Play Round 1,Round 1,FINISHED,M,Golf,GLF,Le Golf National,1939554,FOX Ryan,Person,NZL,New Zealand,6.0,67,STROKES,,9
11223,2024-08-01T19:30:00+02:00,GLFMSTROKE------------FNL-000100--,GLFMSTROKE,Men's Individual Stroke Play,Men's Individual Stroke Play Round 1,Round 1,FINISHED,M,Golf,GLF,Le Golf National,1923629,FLEETWOOD Tommy,Person,GBR,Great Britain,6.0,67,STROKES,,15
11224,2024-08-01T19:30:00+02:00,GLFMSTROKE------------FNL-000100--,GLFMSTROKE,Men's Individual Stroke Play,Men's Individual Stroke Play Round 1,Round 1,FINISHED,M,Golf,GLF,Le Golf National,1572603,STRAKA Sepp,Person,AUT,Austria,6.0,67,STROKES,,16
11225,2024-08-01T19:30:00+02:00,GLFMSTROKE------------FNL-000100--,GLFMSTROKE,Men's Individual Stroke Play,Men's Individual Stroke Play Round 1,Round 1,FINISHED,M,Golf,GLF,Le Golf National,1951724,SCHEFFLER Scottie,Person,USA,United States,6.0,67,STROKES,,19
11226,2024-08-01T19:30:00+02:00,GLFMSTROKE------------FNL-000100--,GLFMSTROKE,Men's Individual Stroke Play,Men's Individual Stroke Play Round 1,Round 1,FINISHED,M,Golf,GLF,Le Golf National,1905109,VALIMAKI Sami,Person,FIN,Finland,6.0,67,STROKES,,35
11227,2024-08-01T19:30:00+02:00,GLFMSTROKE------------FNL-000100--,GLFMSTROKE,Men's Individual Stroke Play,Men's Individual Stroke Play Round 1,Round 1,FINISHED,M,Golf,GLF,Le Golf National,1897777,van ROOYEN Erik,Person,RSA,South Africa,6.0,67,STROKES,,37
11228,2024-08-01T19:30:00+02:00,GLFMSTROKE------------FNL-000100--,GLFMSTROKE,Men's Individual Stroke Play,Men's Individual Stroke Play Round 1,Round 1,FINISHED,M,Golf,GLF,Le Golf National,1898582,RAHM Jon,Person,ESP,Spain,6.0,67,STROKES,,48
11229,2024-08-01T19:30:00+02:00,GLFMSTROKE------------FNL-000100--,GLFMSTROKE,Men's Individual Stroke Play,Men's Individual Stroke Play Round 1,Round 1,FINISHED,M,Golf,GLF,Le Golf National,1892513,SCHMID Matthias,Person,GER,Germany,14.0,68,STROKES,,2
11230,2024-08-01T19:30:00+02:00,GLFMSTROKE------------FNL-000100--,GLFMSTROKE,Men's Individual Stroke Play,Men's Individual Stroke Play Round 1,Round 1,FINISHED,M,Golf,GLF,Le Golf National,1540039,TOSTI Alejandro,Person,ARG,Argentina,14.0,68,STROKES,,5
11231,2024-08-01T19:30:00+02:00,GLFMSTROKE------------FNL-000100--,GLFMSTROKE,Men's Individual Stroke Play,Men's Individual Stroke Play Round 1,Round 1,FINISHED,M,Golf,GLF,Le Golf National,1966402,CONNERS Corey,Person,CAN,Canada,14.0,68,STROKES,,11
11232,2024-08-01T19:30:00+02:00,GLFMSTROKE------------FNL-000100--,GLFMSTROKE,Men's Individual Stroke Play,Men's Individual Stroke Play Round 1,Round 1,FINISHED,M,Golf,GLF,Le Golf National,1910508,McILROY Rory,Person,IRL,Ireland,14.0,68,STROKES,,20
11233,2024-08-01T19:30:00+02:00,GLFMSTROKE------------FNL-000100--,GLFMSTROKE,Men's Individual Stroke Play,Men's Individual Stroke Play Round 1,Round 1,FINISHED,M,Golf,GLF,Le Golf National,1880175,ABERG Ludvig,Person,SWE,Sweden,14.0,68,STROKES,,21
11234,2024-08-01T19:30:00+02:00,GLFMSTROKE------------FNL-000100--,GLFMSTROKE,Men's Individual Stroke Play,Men's Individual Stroke Play Round 1,Round 1,FINISHED,M,Golf,GLF,Le Golf National,1903740,MIGLIOZZI Guido,Person,ITA,Italy,14.0,68,STROKES,,24
11235,2024-08-01T19:30:00+02:00,GLFMSTROKE------------FNL-000100--,GLFMSTROKE,Men's Individual Stroke Play,Men's Individual Stroke Play Round 1,Round 1,FINISHED,M,Golf,GLF,Le Golf National,1557703,ORTIZ Carlos,Person,MEX,Mexico,14.0,68,STROKES,,54
11236,2024-08-01T19:30:00+02:00,GLFMSTROKE------------FNL-000100--,GLFMSTROKE,Men's Individual Stroke Play,Men's Individual Stroke Play Round 1,Round 1,FINISHED,M,Golf,GLF,Le Golf National,1909042,PAN C.T.,Person,TPE,Chinese Taipei,21.0,69,STROKES,,3
11237,2024-08-01T19:30:00+02:00,GLFMSTROKE------------FNL-000100--,GLFMSTROKE,Men's Individual Stroke Play,Men's Individual Stroke Play Round 1,Round 1,FINISHED,M,Golf,GLF,Le Golf National,1941773,DAY Jason,Person,AUS,Australia,21.0,69,STROKES,,17
11238,2024-08-01T19:30:00+02:00,GLFMSTROKE------------FNL-000100--,GLFMSTROKE,Men's Individual Stroke Play,Men's Individual Stroke Play Round 1,Round 1,FINISHED,M,Golf,GLF,Le Golf National,1913209,DOU Zecheng,Person,CHN,China,21.0,69,STROKES,,30
11239,2024-08-01T19:30:00+02:00,GLFMSTROKE------------FNL-000100--,GLFMSTROKE,Men's Individual Stroke Play,Men's Individual Stroke Play Round 1,Round 1,FINISHED,M,Golf,GLF,Le Golf National,1903732,MANASSERO Matteo,Person,ITA,Italy,21.0,69,STROKES,,33
11240,2024-08-01T19:30:00+02:00,GLFMSTROKE------------FNL-000100--,GLFMSTROKE,Men's Individual Stroke Play,Men's Individual Stroke Play Round 1,Round 1,FINISHED,M,Golf,GLF,Le Golf National,1898581,PUIG David,Person,ESP,Spain,21.0,69,STROKES,,36
11241,2024-08-01T19:30:00+02:00,GLFMSTROKE------------FNL-000100--,GLFMSTROKE,Men's Individual Stroke Play,Men's Individual Stroke Play Round 1,Round 1,FINISHED,M,Golf,GLF,Le Golf National,1935118,PEREIRA Mito,Person,CHI,Chile,21.0,69,STROKES,,56
11242,2024-08-01T19:30:00+02:00,GLFMSTROKE------------FNL-000100--,GLFMSTROKE,Men's Individual Stroke Play,Men's Individual Stroke Play Round 1,Round 1,FINISHED,M,Golf,GLF,Le Golf National,1976538,GIRRBACH Joel,Person,SUI,Switzerland,21.0,69,STROKES,,59
11243,2024-08-01T19:30:00+02:00,GLFMSTROKE------------FNL-000100--,GLFMSTROKE,Men's Individual Stroke Play,Men's Individual Stroke Play Round 1,Round 1,FINISHED,M,Golf,GLF,Le Golf National,1905105,PULKKANEN Tapio,Person,FIN,Finland,21.0,69,STROKES,,60
11244,2024-08-01T19:30:00+02:00,GLFMSTROKE------------FNL-000100--,GLFMSTROKE,Men's Individual Stroke Play,Men's Individual Stroke Play Round 1,Round 1,FINISHED,M,Golf,GLF,Le Golf National,1912058,PEREZ Victor,Person,FRA,France,29.0,70,STROKES,,1
11245,2024-08-01T19:30:00+02:00,GLFMSTROKE------------FNL-000100--,GLFMSTROKE,Men's Individual Stroke Play,Men's Individual Stroke Play Round 1,Round 1,FINISHED,M,Golf,GLF,Le Golf National,1897778,BEZUIDENHOUT Christiaan,Person,RSA,South Africa,29.0,70,STROKES,,12
11246,2024-08-01T19:30:00+02:00,GLFMSTROKE------------FNL-000100--,GLFMSTROKE,Men's Individual Stroke Play,Men's Individual Stroke Play Round 1,Round 1,FINISHED,M,Golf,GLF,Le Golf National,1903186,DUMONT de CHASSART Adrien,Person,BEL,Belgium,29.0,70,STROKES,,22
11247,2024-08-01T19:30:00+02:00,GLFMSTROKE------------FNL-000100--,GLFMSTROKE,Men's Individual Stroke Play,Men's Individual Stroke Play Round 1,Round 1,FINISHED,M,Golf,GLF,Le Golf National,1945630,KHONGWATMAI Phachara,Person,THA,Thailand,29.0,70,STROKES,,28
11248,2024-08-01T19:30:00+02:00,GLFMSTROKE------------FNL-000100--,GLFMSTROKE,Men's Individual Stroke Play,Men's Individual Stroke Play Round 1,Round 1,FINISHED,M,Golf,GLF,Le Golf National,1536341,ANCER Abraham,Person,MEX,Mexico,29.0,70,STROKES,,29
11249,2024-08-01T19:30:00+02:00,GLFMSTROKE------------FNL-000100--,GLFMSTROKE,Men's Individual Stroke Play,Men's Individual Stroke Play Round 1,Round 1,FINISHED,M,Golf,GLF,Le Golf National,1913217,YUAN Yechun,Person,CHN,China,29.0,70,STROKES,,31
11250,2024-08-01T19:30:00+02:00,GLFMSTROKE------------FNL-000100--,GLFMSTROKE,Men's Individual Stroke Play,Men's Individual Stroke Play Round 1,Round 1,FINISHED,M,Golf,GLF,Le Golf National,1961431,NAKAJIMA Keita,Person,JPN,Japan,29.0,70,STROKES,,38
11251,2024-08-01T19:30:00+02:00,GLFMSTROKE------------FNL-000100--,GLFMSTROKE,Men's Individual Stroke Play,Men's Individual Stroke Play Round 1,Round 1,FINISHED,M,Golf,GLF,Le Golf National,1889028,HOJGAARD Nicolai,Person,DEN,Denmark,29.0,70,STROKES,,41
11252,2024-08-01T19:30:00+02:00,GLFMSTROKE------------FNL-000100--,GLFMSTROKE,Men's Individual Stroke Play,Men's Individual Stroke Play Round 1,Round 1,FINISHED,M,Golf,GLF,Le Golf National,1966414,TAYLOR Nick,Person,CAN,Canada,29.0,70,STROKES,,45
11253,2024-08-01T19:30:00+02:00,GLFMSTROKE------------FNL-000100--,GLFMSTROKE,Men's Individual Stroke Play,Men's Individual Stroke Play Round 1,Round 1,FINISHED,M,Golf,GLF,Le Golf National,1878428,HOVLAND Viktor,Person,NOR,Norway,29.0,70,STROKES,,47
11254,2024-08-01T19:30:00+02:00,GLFMSTROKE------------FNL-000100--,GLFMSTROKE,Men's Individual Stroke Play,Men's Individual Stroke Play Round 1,Round 1,FINISHED,M,Golf,GLF,Le Golf National,1951721,MORIKAWA Collin,Person,USA,United States,29.0,70,STROKES,,50
11255,2024-08-01T19:30:00+02:00,GLFMSTROKE------------FNL-000100--,GLFMSTROKE,Men's Individual Stroke Play,Men's Individual Stroke Play Round 1,Round 1,FINISHED,M,Golf,GLF,Le Golf National,1536368,SHARMA Shubhankar,Person,IND,India,29.0,70,STROKES,,52
11256,2024-08-01T19:30:00+02:00,GLFMSTROKE------------FNL-000100--,GLFMSTROKE,Men's Individual Stroke Play,Men's Individual Stroke Play Round 1,Round 1,FINISHED,M,Golf,GLF,Le Golf National,1546614,ZANOTTI Fabrizio,Person,PAR,Paraguay,29.0,70,STROKES,,58
11257,2024-08-01T19:30:00+02:00,GLFMSTROKE------------FNL-000100--,GLFMSTROKE,Men's Individual Stroke Play,Men's Individual Stroke Play Round 1,Round 1,FINISHED,M,Golf,GLF,Le Golf National,1889030,OLESEN Thorbjorn,Person,DEN,Denmark,42.0,71,STROKES,,4
11258,2024-08-01T19:30:00+02:00,GLFMSTROKE------------FNL-000100--,GLFMSTROKE,Men's Individual Stroke Play,Men's Individual Stroke Play Round 1,Round 1,FINISHED,M,Golf,GLF,Le Golf National,1892516,JAEGER Stephan,Person,GER,Germany,42.0,71,STROKES,,40
11259,2024-08-01T19:30:00+02:00,GLFMSTROKE------------FNL-000100--,GLFMSTROKE,Men's Individual Stroke Play,Men's Individual Stroke Play Round 1,Round 1,FINISHED,M,Golf,GLF,Le Golf National,1903185,DETRY Thomas,Person,BEL,Belgium,42.0,71,STROKES,,42
11260,2024-08-01T19:30:00+02:00,GLFMSTROKE------------FNL-000100--,GLFMSTROKE,Men's Individual Stroke Play,Men's Individual Stroke Play Round 1,Round 1,FINISHED,M,Golf,GLF,Le Golf National,1899121,LOWRY Shane,Person,IRL,Ireland,42.0,71,STROKES,,44
11261,2024-08-01T19:30:00+02:00,GLFMSTROKE------------FNL-000100--,GLFMSTROKE,Men's Individual Stroke Play,Men's Individual Stroke Play Round 1,Round 1,FINISHED,M,Golf,GLF,Le Golf National,1912059,PAVON Matthieu,Person,FRA,France,42.0,71,STROKES,,49
11262,2024-08-01T19:30:00+02:00,GLFMSTROKE------------FNL-000100--,GLFMSTROKE,Men's Individual Stroke Play,Men's Individual Stroke Play Round 1,Round 1,FINISHED,M,Golf,GLF,Le Golf National,1889174,VENTURA Kristoffer,Person,NOR,Norway,42.0,71,STROKES,,57
11263,2024-08-01T19:30:00+02:00,GLFMSTROKE------------FNL-000100--,GLFMSTROKE,Men's Individual Stroke Play,Men's Individual Stroke Play Round 1,Round 1,FINISHED,M,Golf,GLF,Le Golf National,1572177,AN Byeong Hun,Person,KOR,Korea,48.0,72,STROKES,,43
11264,2024-08-01T19:30:00+02:00,GLFMSTROKE------------FNL-000100--,GLFMSTROKE,Men's Individual Stroke Play,Men's Individual Stroke Play Round 1,Round 1,FINISHED,M,Golf,GLF,Le Golf National,1937888,MERONK Adrian,Person,POL,Poland,49.0,73,STROKES,,34
11265,2024-08-01T19:30:00+02:00,GLFMSTROKE------------FNL-000100--,GLFMSTROKE,Men's Individual Stroke Play,Men's Individual Stroke Play Round 1,Round 1,FINISHED,M,Golf,GLF,Le Golf National,1909144,YU Kevin,Person,TPE,Chinese Taipei,49.0,73,STROKES,,39
11266,2024-08-01T19:30:00+02:00,GLFMSTROKE------------FNL-000100--,GLFMSTROKE,Men's Individual Stroke Play,Men's Individual Stroke Play Round 1,Round 1,FINISHED,M,Golf,GLF,Le Golf National,1898169,FITZPATRICK Matt,Person,GBR,Great Britain,49.0,73,STROKES,,51
11267,2024-08-01T19:30:00+02:00,GLFMSTROKE------------FNL-000100--,GLFMSTROKE,Men's Individual Stroke Play,Men's Individual Stroke Play Round 1,Round 1,FINISHED,M,Golf,GLF,Le Golf National,1550000,CAMPOS Rafa,Person,PUR,Puerto Rico,49.0,73,STROKES,,53
11268,2024-08-01T19:30:00+02:00,GLFMSTROKE------------FNL-000100--,GLFMSTROKE,Men's Individual Stroke Play,Men's Individual Stroke Play Round 1,Round 1,FINISHED,M,Golf,GLF,Le Golf National,2500123,APHIBARNRAT Kiradech,Person,THA,Thailand,53.0,74,STROKES,,25
11269,2024-08-01T19:30:00+02:00,GLFMSTROKE------------FNL-000100--,GLFMSTROKE,Men's Individual Stroke Play,Men's Individual Stroke Play Round 1,Round 1,FINISHED,M,Golf,GLF,Le Golf National,1556796,GREEN Gavin,Person,MAS,Malaysia,53.0,74,STROKES,,26
11270,2024-08-01T19:30:00+02:00,GLFMSTROKE------------FNL-000100--,GLFMSTROKE,Men's Individual Stroke Play,Men's Individual Stroke Play Round 1,Round 1,FINISHED,M,Golf,GLF,Le Golf National,1938134,ECHAVARRIA Nico,Person,COL,Colombia,53.0,74,STROKES,,55
11271,2024-08-01T19:30:00+02:00,GLFMSTROKE------------FNL-000100--,GLFMSTROKE,Men's Individual Stroke Play,Men's Individual Stroke Play Round 1,Round 1,FINISHED,M,Golf,GLF,Le Golf National,1951700,CLARK Wyndham,Person,USA,United States,56.0,75,STROKES,,13
11272,2024-08-01T19:30:00+02:00,GLFMSTROKE------------FNL-000100--,GLFMSTROKE,Men's Individual Stroke Play,Men's Individual Stroke Play Round 1,Round 1,FINISHED,M,Golf,GLF,Le Golf National,1939559,HILLIER Daniel,Person,NZL,New Zealand,56.0,75,STROKES,,23
11273,2024-08-01T19:30:00+02:00,GLFMSTROKE------------FNL-000100--,GLFMSTROKE,Men's Individual Stroke Play,Men's Individual Stroke Play Round 1,Round 1,FINISHED,M,Golf,GLF,Le Golf National,1536371,BHULLAR Gaganjeet,Person,IND,India,56.0,75,STROKES,,27
11274,2024-08-01T19:30:00+02:00,GLFMSTROKE------------FNL-000100--,GLFMSTROKE,Men's Individual Stroke Play,Men's Individual Stroke Play Round 1,Round 1,FINISHED,M,Golf,GLF,Le Golf National,1941775,LEE Min Woo,Person,AUS,Australia,59.0,76,STROKES,,10
11275,2024-08-01T19:30:00+02:00,GLFMSTROKE------------FNL-000100--,GLFMSTROKE,Men's Individual Stroke Play,Men's Individual Stroke Play Round 1,Round 1,FINISHED,M,Golf,GLF,Le Golf National,1938070,VILLEGAS Camilo,Person,COL,Colombia,59.0,76,STROKES,,32
5199,2024-08-02T17:54:13+02:00,GLFMSTROKE------------FNL-000200--,GLFMSTROKE,Men's Individual Stroke Play,Men's Individual Stroke Play Round 2,Round 2,FINISHED,M,Golf,GLF,Le Golf National,1903185,DETRY Thomas,Person,BEL,Belgium,1.0,63,STROKES,,12
5200,2024-08-02T17:54:13+02:00,GLFMSTROKE------------FNL-000200--,GLFMSTROKE,Men's Individual Stroke Play,Men's Individual Stroke Play Round 2,Round 2,FINISHED,M,Golf,GLF,Le Golf National,1892516,JAEGER Stephan,Person,GER,Germany,2.0,64,STROKES,,10
5201,2024-08-02T17:54:13+02:00,GLFMSTROKE------------FNL-000200--,GLFMSTROKE,Men's Individual Stroke Play,Men's Individual Stroke Play Round 2,Round 2,FINISHED,M,Golf,GLF,Le Golf National,1898169,FITZPATRICK Matt,Person,GBR,Great Britain,2.0,64,STROKES,,21
5202,2024-08-02T17:54:13+02:00,GLFMSTROKE------------FNL-000200--,GLFMSTROKE,Men's Individual Stroke Play,Men's Individual Stroke Play Round 2,Round 2,FINISHED,M,Golf,GLF,Le Golf National,1923629,FLEETWOOD Tommy,Person,GBR,Great Britain,2.0,64,STROKES,,45
5203,2024-08-02T17:54:13+02:00,GLFMSTROKE------------FNL-000200--,GLFMSTROKE,Men's Individual Stroke Play,Men's Individual Stroke Play Round 2,Round 2,FINISHED,M,Golf,GLF,Le Golf National,1909042,PAN C.T.,Person,TPE,Chinese Taipei,5.0,65,STROKES,,33
5204,2024-08-02T17:54:13+02:00,GLFMSTROKE------------FNL-000200--,GLFMSTROKE,Men's Individual Stroke Play,Men's Individual Stroke Play Round 2,Round 2,FINISHED,M,Golf,GLF,Le Golf National,1941775,LEE Min Woo,Person,AUS,Australia,5.0,65,STROKES,,40
5205,2024-08-02T17:54:13+02:00,GLFMSTROKE------------FNL-000200--,GLFMSTROKE,Men's Individual Stroke Play,Men's Individual Stroke Play Round 2,Round 2,FINISHED,M,Golf,GLF,Le Golf National,1951723,SCHAUFFELE Xander,Person,USA,United States,7.0,66,STROKES,,16
5206,2024-08-02T17:54:13+02:00,GLFMSTROKE------------FNL-000200--,GLFMSTROKE,Men's Individual Stroke Play,Men's Individual Stroke Play Round 2,Round 2,FINISHED,M,Golf,GLF,Le Golf National,1898582,RAHM Jon,Person,ESP,Spain,7.0,66,STROKES,,18
5207,2024-08-02T17:54:13+02:00,GLFMSTROKE------------FNL-000200--,GLFMSTROKE,Men's Individual Stroke Play,Men's Individual Stroke Play Round 2,Round 2,FINISHED,M,Golf,GLF,Le Golf National,1912058,PEREZ Victor,Person,FRA,France,9.0,67,STROKES,,31
5208,2024-08-02T17:54:13+02:00,GLFMSTROKE------------FNL-000200--,GLFMSTROKE,Men's Individual Stroke Play,Men's Individual Stroke Play Round 2,Round 2,FINISHED,M,Golf,GLF,Le Golf National,1903740,MIGLIOZZI Guido,Person,ITA,Italy,9.0,67,STROKES,,54
5209,2024-08-02T17:54:13+02:00,GLFMSTROKE------------FNL-000200--,GLFMSTROKE,Men's Individual Stroke Play,Men's Individual Stroke Play Round 2,Round 2,FINISHED,M,Golf,GLF,Le Golf National,1572177,AN Byeong Hun,Person,KOR,Korea,11.0,68,STROKES,,13
5210,2024-08-02T17:54:13+02:00,GLFMSTROKE------------FNL-000200--,GLFMSTROKE,Men's Individual Stroke Play,Men's Individual Stroke Play Round 2,Round 2,FINISHED,M,Golf,GLF,Le Golf National,1951721,MORIKAWA Collin,Person,USA,United States,11.0,68,STROKES,,20
5211,2024-08-02T17:54:13+02:00,GLFMSTROKE------------FNL-000200--,GLFMSTROKE,Men's Individual Stroke Play,Men's Individual Stroke Play Round 2,Round 2,FINISHED,M,Golf,GLF,Le Golf National,1889174,VENTURA Kristoffer,Person,NOR,Norway,11.0,68,STROKES,,27
5212,2024-08-02T17:54:13+02:00,GLFMSTROKE------------FNL-000200--,GLFMSTROKE,Men's Individual Stroke Play,Men's Individual Stroke Play Round 2,Round 2,FINISHED,M,Golf,GLF,Le Golf National,1889030,OLESEN Thorbjorn,Person,DEN,Denmark,11.0,68,STROKES,,34
5213,2024-08-02T17:54:13+02:00,GLFMSTROKE------------FNL-000200--,GLFMSTROKE,Men's Individual Stroke Play,Men's Individual Stroke Play Round 2,Round 2,FINISHED,M,Golf,GLF,Le Golf National,1951700,CLARK Wyndham,Person,USA,United States,11.0,68,STROKES,,43
5214,2024-08-02T17:54:13+02:00,GLFMSTROKE------------FNL-000200--,GLFMSTROKE,Men's Individual Stroke Play,Men's Individual Stroke Play Round 2,Round 2,FINISHED,M,Golf,GLF,Le Golf National,1961406,MATSUYAMA Hideki,Person,JPN,Japan,11.0,68,STROKES,,44
5215,2024-08-02T17:54:13+02:00,GLFMSTROKE------------FNL-000200--,GLFMSTROKE,Men's Individual Stroke Play,Men's Individual Stroke Play Round 2,Round 2,FINISHED,M,Golf,GLF,Le Golf National,1941773,DAY Jason,Person,AUS,Australia,11.0,68,STROKES,,47
5216,2024-08-02T17:54:13+02:00,GLFMSTROKE------------FNL-000200--,GLFMSTROKE,Men's Individual Stroke Play,Men's Individual Stroke Play Round 2,Round 2,FINISHED,M,Golf,GLF,Le Golf National,1572181,KIM Tom,Person,KOR,Korea,11.0,68,STROKES,,48
5217,2024-08-02T17:54:13+02:00,GLFMSTROKE------------FNL-000200--,GLFMSTROKE,Men's Individual Stroke Play,Men's Individual Stroke Play Round 2,Round 2,FINISHED,M,Golf,GLF,Le Golf National,1903732,MANASSERO Matteo,Person,ITA,Italy,19.0,69,STROKES,,3
5218,2024-08-02T17:54:13+02:00,GLFMSTROKE------------FNL-000200--,GLFMSTROKE,Men's Individual Stroke Play,Men's Individual Stroke Play Round 2,Round 2,FINISHED,M,Golf,GLF,Le Golf National,1898581,PUIG David,Person,ESP,Spain,19.0,69,STROKES,,6
5219,2024-08-02T17:54:13+02:00,GLFMSTROKE------------FNL-000200--,GLFMSTROKE,Men's Individual Stroke Play,Men's Individual Stroke Play Round 2,Round 2,FINISHED,M,Golf,GLF,Le Golf National,1897777,van ROOYEN Erik,Person,RSA,South Africa,19.0,69,STROKES,,7
5220,2024-08-02T17:54:13+02:00,GLFMSTROKE------------FNL-000200--,GLFMSTROKE,Men's Individual Stroke Play,Men's Individual Stroke Play Round 2,Round 2,FINISHED,M,Golf,GLF,Le Golf National,1909144,YU Kevin,Person,TPE,Chinese Taipei,19.0,69,STROKES,,9
5221,2024-08-02T17:54:13+02:00,GLFMSTROKE------------FNL-000200--,GLFMSTROKE,Men's Individual Stroke Play,Men's Individual Stroke Play Round 2,Round 2,FINISHED,M,Golf,GLF,Le Golf National,1536368,SHARMA Shubhankar,Person,IND,India,19.0,69,STROKES,,22
5222,2024-08-02T17:54:13+02:00,GLFMSTROKE------------FNL-000200--,GLFMSTROKE,Men's Individual Stroke Play,Men's Individual Stroke Play Round 2,Round 2,FINISHED,M,Golf,GLF,Le Golf National,1938134,ECHAVARRIA Nico,Person,COL,Colombia,19.0,69,STROKES,,25
5223,2024-08-02T17:54:13+02:00,GLFMSTROKE------------FNL-000200--,GLFMSTROKE,Men's Individual Stroke Play,Men's Individual Stroke Play Round 2,Round 2,FINISHED,M,Golf,GLF,Le Golf National,1546614,ZANOTTI Fabrizio,Person,PAR,Paraguay,19.0,69,STROKES,,28
5224,2024-08-02T17:54:13+02:00,GLFMSTROKE------------FNL-000200--,GLFMSTROKE,Men's Individual Stroke Play,Men's Individual Stroke Play Round 2,Round 2,FINISHED,M,Golf,GLF,Le Golf National,1540039,TOSTI Alejandro,Person,ARG,Argentina,19.0,69,STROKES,,35
5225,2024-08-02T17:54:13+02:00,GLFMSTROKE------------FNL-000200--,GLFMSTROKE,Men's Individual Stroke Play,Men's Individual Stroke Play Round 2,Round 2,FINISHED,M,Golf,GLF,Le Golf National,1966402,CONNERS Corey,Person,CAN,Canada,19.0,69,STROKES,,41
5226,2024-08-02T17:54:13+02:00,GLFMSTROKE------------FNL-000200--,GLFMSTROKE,Men's Individual Stroke Play,Men's Individual Stroke Play Round 2,Round 2,FINISHED,M,Golf,GLF,Le Golf National,1951724,SCHEFFLER Scottie,Person,USA,United States,19.0,69,STROKES,,49
5227,2024-08-02T17:54:13+02:00,GLFMSTROKE------------FNL-000200--,GLFMSTROKE,Men's Individual Stroke Play,Men's Individual Stroke Play Round 2,Round 2,FINISHED,M,Golf,GLF,Le Golf National,1910508,McILROY Rory,Person,IRL,Ireland,19.0,69,STROKES,,50
5228,2024-08-02T17:54:13+02:00,GLFMSTROKE------------FNL-000200--,GLFMSTROKE,Men's Individual Stroke Play,Men's Individual Stroke Play Round 2,Round 2,FINISHED,M,Golf,GLF,Le Golf National,1556796,GREEN Gavin,Person,MAS,Malaysia,19.0,69,STROKES,,56
5229,2024-08-02T17:54:13+02:00,GLFMSTROKE------------FNL-000200--,GLFMSTROKE,Men's Individual Stroke Play,Men's Individual Stroke Play Round 2,Round 2,FINISHED,M,Golf,GLF,Le Golf National,1536371,BHULLAR Gaganjeet,Person,IND,India,19.0,69,STROKES,,57
5230,2024-08-02T17:54:13+02:00,GLFMSTROKE------------FNL-000200--,GLFMSTROKE,Men's Individual Stroke Play,Men's Individual Stroke Play Round 2,Round 2,FINISHED,M,Golf,GLF,Le Golf National,1961431,NAKAJIMA Keita,Person,JPN,Japan,32.0,70,STROKES,,8
5231,2024-08-02T17:54:13+02:00,GLFMSTROKE------------FNL-000200--,GLFMSTROKE,Men's Individual Stroke Play,Men's Individual Stroke Play Round 2,Round 2,FINISHED,M,Golf,GLF,Le Golf National,1889028,HOJGAARD Nicolai,Person,DEN,Denmark,32.0,70,STROKES,,11
5232,2024-08-02T17:54:13+02:00,GLFMSTROKE------------FNL-000200--,GLFMSTROKE,Men's Individual Stroke Play,Men's Individual Stroke Play Round 2,Round 2,FINISHED,M,Golf,GLF,Le Golf National,1550000,CAMPOS Rafa,Person,PUR,Puerto Rico,32.0,70,STROKES,,23
5233,2024-08-02T17:54:13+02:00,GLFMSTROKE------------FNL-000200--,GLFMSTROKE,Men's Individual Stroke Play,Men's Individual Stroke Play Round 2,Round 2,FINISHED,M,Golf,GLF,Le Golf National,1557703,ORTIZ Carlos,Person,MEX,Mexico,32.0,70,STROKES,,24
5234,2024-08-02T17:54:13+02:00,GLFMSTROKE------------FNL-000200--,GLFMSTROKE,Men's Individual Stroke Play,Men's Individual Stroke Play Round 2,Round 2,FINISHED,M,Golf,GLF,Le Golf National,1935109,NIEMANN Joaquin,Person,CHI,Chile,32.0,70,STROKES,,36
5235,2024-08-02T17:54:13+02:00,GLFMSTROKE------------FNL-000200--,GLFMSTROKE,Men's Individual Stroke Play,Men's Individual Stroke Play Round 2,Round 2,FINISHED,M,Golf,GLF,Le Golf National,1880175,ABERG Ludvig,Person,SWE,Sweden,32.0,70,STROKES,,51
5236,2024-08-02T17:54:13+02:00,GLFMSTROKE------------FNL-000200--,GLFMSTROKE,Men's Individual Stroke Play,Men's Individual Stroke Play Round 2,Round 2,FINISHED,M,Golf,GLF,Le Golf National,1903186,DUMONT de CHASSART Adrien,Person,BEL,Belgium,32.0,70,STROKES,,52
5237,2024-08-02T17:54:13+02:00,GLFMSTROKE------------FNL-000200--,GLFMSTROKE,Men's Individual Stroke Play,Men's Individual Stroke Play Round 2,Round 2,FINISHED,M,Golf,GLF,Le Golf National,1913209,DOU Zecheng,Person,CHN,China,32.0,70,STROKES,,60
5238,2024-08-02T17:54:13+02:00,GLFMSTROKE------------FNL-000200--,GLFMSTROKE,Men's Individual Stroke Play,Men's Individual Stroke Play Round 2,Round 2,FINISHED,M,Golf,GLF,Le Golf National,1937888,MERONK Adrian,Person,POL,Poland,40.0,71,STROKES,,4
5239,2024-08-02T17:54:13+02:00,GLFMSTROKE------------FNL-000200--,GLFMSTROKE,Men's Individual Stroke Play,Men's Individual Stroke Play Round 2,Round 2,FINISHED,M,Golf,GLF,Le Golf National,1905109,VALIMAKI Sami,Person,FIN,Finland,40.0,71,STROKES,,5
5240,2024-08-02T17:54:13+02:00,GLFMSTROKE------------FNL-000200--,GLFMSTROKE,Men's Individual Stroke Play,Men's Individual Stroke Play Round 2,Round 2,FINISHED,M,Golf,GLF,Le Golf National,1899121,LOWRY Shane,Person,IRL,Ireland,40.0,71,STROKES,,14
5241,2024-08-02T17:54:13+02:00,GLFMSTROKE------------FNL-000200--,GLFMSTROKE,Men's Individual Stroke Play,Men's Individual Stroke Play Round 2,Round 2,FINISHED,M,Golf,GLF,Le Golf National,1897778,BEZUIDENHOUT Christiaan,Person,RSA,South Africa,40.0,71,STROKES,,42
5242,2024-08-02T17:54:13+02:00,GLFMSTROKE------------FNL-000200--,GLFMSTROKE,Men's Individual Stroke Play,Men's Individual Stroke Play Round 2,Round 2,FINISHED,M,Golf,GLF,Le Golf National,1536341,ANCER Abraham,Person,MEX,Mexico,40.0,71,STROKES,,59
5243,2024-08-02T17:54:13+02:00,GLFMSTROKE------------FNL-000200--,GLFMSTROKE,Men's Individual Stroke Play,Men's Individual Stroke Play Round 2,Round 2,FINISHED,M,Golf,GLF,Le Golf National,1913217,YUAN Yechun,Person,CHN,China,45.0,72,STROKES,,1
5244,2024-08-02T17:54:13+02:00,GLFMSTROKE------------FNL-000200--,GLFMSTROKE,Men's Individual Stroke Play,Men's Individual Stroke Play Round 2,Round 2,FINISHED,M,Golf,GLF,Le Golf National,1976538,GIRRBACH Joel,Person,SUI,Switzerland,45.0,72,STROKES,,29
5245,2024-08-02T17:54:13+02:00,GLFMSTROKE------------FNL-000200--,GLFMSTROKE,Men's Individual Stroke Play,Men's Individual Stroke Play Round 2,Round 2,FINISHED,M,Golf,GLF,Le Golf National,1905105,PULKKANEN Tapio,Person,FIN,Finland,45.0,72,STROKES,,30
5246,2024-08-02T17:54:13+02:00,GLFMSTROKE------------FNL-000200--,GLFMSTROKE,Men's Individual Stroke Play,Men's Individual Stroke Play Round 2,Round 2,FINISHED,M,Golf,GLF,Le Golf National,1966414,TAYLOR Nick,Person,CAN,Canada,48.0,73,STROKES,,15
5247,2024-08-02T17:54:13+02:00,GLFMSTROKE------------FNL-000200--,GLFMSTROKE,Men's Individual Stroke Play,Men's Individual Stroke Play Round 2,Round 2,FINISHED,M,Golf,GLF,Le Golf National,1939554,FOX Ryan,Person,NZL,New Zealand,48.0,73,STROKES,,39
5248,2024-08-02T17:54:13+02:00,GLFMSTROKE------------FNL-000200--,GLFMSTROKE,Men's Individual Stroke Play,Men's Individual Stroke Play Round 2,Round 2,FINISHED,M,Golf,GLF,Le Golf National,1939559,HILLIER Daniel,Person,NZL,New Zealand,48.0,73,STROKES,,53
5249,2024-08-02T17:54:13+02:00,GLFMSTROKE------------FNL-000200--,GLFMSTROKE,Men's Individual Stroke Play,Men's Individual Stroke Play Round 2,Round 2,FINISHED,M,Golf,GLF,Le Golf National,2500123,APHIBARNRAT Kiradech,Person,THA,Thailand,48.0,73,STROKES,,55
5250,2024-08-02T17:54:13+02:00,GLFMSTROKE------------FNL-000200--,GLFMSTROKE,Men's Individual Stroke Play,Men's Individual Stroke Play Round 2,Round 2,FINISHED,M,Golf,GLF,Le Golf National,1938070,VILLEGAS Camilo,Person,COL,Colombia,52.0,74,STROKES,,2
5251,2024-08-02T17:54:13+02:00,GLFMSTROKE------------FNL-000200--,GLFMSTROKE,Men's Individual Stroke Play,Men's Individual Stroke Play Round 2,Round 2,FINISHED,M,Golf,GLF,Le Golf National,1880177,NOREN Alex,Person,SWE,Sweden,52.0,74,STROKES,,38
5252,2024-08-02T17:54:13+02:00,GLFMSTROKE------------FNL-000200--,GLFMSTROKE,Men's Individual Stroke Play,Men's Individual Stroke Play Round 2,Round 2,FINISHED,M,Golf,GLF,Le Golf National,1572603,STRAKA Sepp,Person,AUT,Austria,52.0,74,STROKES,,46
5253,2024-08-02T17:54:13+02:00,GLFMSTROKE------------FNL-000200--,GLFMSTROKE,Men's Individual Stroke Play,Men's Individual Stroke Play Round 2,Round 2,FINISHED,M,Golf,GLF,Le Golf National,1878428,HOVLAND Viktor,Person,NOR,Norway,55.0,75,STROKES,,17
5254,2024-08-02T17:54:13+02:00,GLFMSTROKE------------FNL-000200--,GLFMSTROKE,Men's Individual Stroke Play,Men's Individual Stroke Play Round 2,Round 2,FINISHED,M,Golf,GLF,Le Golf National,1912059,PAVON Matthieu,Person,FRA,France,55.0,75,STROKES,,19
5255,2024-08-02T17:54:13+02:00,GLFMSTROKE------------FNL-000200--,GLFMSTROKE,Men's Individual Stroke Play,Men's Individual Stroke Play Round 2,Round 2,FINISHED,M,Golf,GLF,Le Golf National,1892513,SCHMID Matthias,Person,GER,Germany,55.0,75,STROKES,,32
5256,2024-08-02T17:54:13+02:00,GLFMSTROKE------------FNL-000200--,GLFMSTROKE,Men's Individual Stroke Play,Men's Individual Stroke Play Round 2,Round 2,FINISHED,M,Golf,GLF,Le Golf National,1937366,GRILLO Emiliano,Person,ARG,Argentina,55.0,75,STROKES,,37
5257,2024-08-02T17:54:13+02:00,GLFMSTROKE------------FNL-000200--,GLFMSTROKE,Men's Individual Stroke Play,Men's Individual Stroke Play Round 2,Round 2,FINISHED,M,Golf,GLF,Le Golf National,1945630,KHONGWATMAI Phachara,Person,THA,Thailand,55.0,75,STROKES,,58
5258,2024-08-02T17:54:13+02:00,GLFMSTROKE------------FNL-000200--,GLFMSTROKE,Men's Individual Stroke Play,Men's Individual Stroke Play Round 2,Round 2,FINISHED,M,Golf,GLF,Le Golf National,1935118,PEREIRA Mito,Person,CHI,Chile,60.0,76,STROKES,,26
5303,2024-08-03T17:49:32+02:00,GLFMSTROKE------------FNL-000300--,GLFMSTROKE,Men's Individual Stroke Play,Men's Individual Stroke Play Round 3,Round 3,FINISHED,M,Golf,GLF,Le Golf National,1889028,HOJGAARD Nicolai,Person,DEN,Denmark,1.0,62,STROKES,,28
5304,2024-08-03T17:49:32+02:00,GLFMSTROKE------------FNL-000300--,GLFMSTROKE,Men's Individual Stroke Play,Men's Individual Stroke Play Round 3,Round 3,FINISHED,M,Golf,GLF,Le Golf National,1897778,BEZUIDENHOUT Christiaan,Person,RSA,South Africa,2.0,64,STROKES,,19
5305,2024-08-03T17:49:32+02:00,GLFMSTROKE------------FNL-000300--,GLFMSTROKE,Men's Individual Stroke Play,Men's Individual Stroke Play Round 3,Round 3,FINISHED,M,Golf,GLF,Le Golf National,1951700,CLARK Wyndham,Person,USA,United States,3.0,65,STROKES,,11
5306,2024-08-03T17:49:32+02:00,GLFMSTROKE------------FNL-000300--,GLFMSTROKE,Men's Individual Stroke Play,Men's Individual Stroke Play Round 3,Round 3,FINISHED,M,Golf,GLF,Le Golf National,1899121,LOWRY Shane,Person,IRL,Ireland,4.0,66,STROKES,,18
5307,2024-08-03T17:49:32+02:00,GLFMSTROKE------------FNL-000300--,GLFMSTROKE,Men's Individual Stroke Play,Men's Individual Stroke Play Round 3,Round 3,FINISHED,M,Golf,GLF,Le Golf National,1572177,AN Byeong Hun,Person,KOR,Korea,4.0,66,STROKES,,29
5308,2024-08-03T17:49:32+02:00,GLFMSTROKE------------FNL-000300--,GLFMSTROKE,Men's Individual Stroke Play,Men's Individual Stroke Play Round 3,Round 3,FINISHED,M,Golf,GLF,Le Golf National,1889030,OLESEN Thorbjorn,Person,DEN,Denmark,4.0,66,STROKES,,31
5309,2024-08-03T17:49:32+02:00,GLFMSTROKE------------FNL-000300--,GLFMSTROKE,Men's Individual Stroke Play,Men's Individual Stroke Play Round 3,Round 3,FINISHED,M,Golf,GLF,Le Golf National,1880175,ABERG Ludvig,Person,SWE,Sweden,4.0,66,STROKES,,39
5310,2024-08-03T17:49:32+02:00,GLFMSTROKE------------FNL-000300--,GLFMSTROKE,Men's Individual Stroke Play,Men's Individual Stroke Play Round 3,Round 3,FINISHED,M,Golf,GLF,Le Golf National,1910508,McILROY Rory,Person,IRL,Ireland,4.0,66,STROKES,,45
5311,2024-08-03T17:49:32+02:00,GLFMSTROKE------------FNL-000300--,GLFMSTROKE,Men's Individual Stroke Play,Men's Individual Stroke Play Round 3,Round 3,FINISHED,M,Golf,GLF,Le Golf National,1898582,RAHM Jon,Person,ESP,Spain,4.0,66,STROKES,,55
5312,2024-08-03T17:49:32+02:00,GLFMSTROKE------------FNL-000300--,GLFMSTROKE,Men's Individual Stroke Play,Men's Individual Stroke Play Round 3,Round 3,FINISHED,M,Golf,GLF,Le Golf National,1878428,HOVLAND Viktor,Person,NOR,Norway,10.0,67,STROKES,,9
5313,2024-08-03T17:49:32+02:00,GLFMSTROKE------------FNL-000300--,GLFMSTROKE,Men's Individual Stroke Play,Men's Individual Stroke Play Round 3,Round 3,FINISHED,M,Golf,GLF,Le Golf National,1941773,DAY Jason,Person,AUS,Australia,10.0,67,STROKES,,44
5314,2024-08-03T17:49:32+02:00,GLFMSTROKE------------FNL-000300--,GLFMSTROKE,Men's Individual Stroke Play,Men's Individual Stroke Play Round 3,Round 3,FINISHED,M,Golf,GLF,Le Golf National,1951724,SCHEFFLER Scottie,Person,USA,United States,10.0,67,STROKES,,51
5315,2024-08-03T17:49:32+02:00,GLFMSTROKE------------FNL-000300--,GLFMSTROKE,Men's Individual Stroke Play,Men's Individual Stroke Play Round 3,Round 3,FINISHED,M,Golf,GLF,Le Golf National,1966414,TAYLOR Nick,Person,CAN,Canada,13.0,68,STROKES,,13
5316,2024-08-03T17:49:32+02:00,GLFMSTROKE------------FNL-000300--,GLFMSTROKE,Men's Individual Stroke Play,Men's Individual Stroke Play Round 3,Round 3,FINISHED,M,Golf,GLF,Le Golf National,1941775,LEE Min Woo,Person,AUS,Australia,13.0,68,STROKES,,24
5317,2024-08-03T17:49:32+02:00,GLFMSTROKE------------FNL-000300--,GLFMSTROKE,Men's Individual Stroke Play,Men's Individual Stroke Play Round 3,Round 3,FINISHED,M,Golf,GLF,Le Golf National,1939554,FOX Ryan,Person,NZL,New Zealand,13.0,68,STROKES,,30
5318,2024-08-03T17:49:32+02:00,GLFMSTROKE------------FNL-000300--,GLFMSTROKE,Men's Individual Stroke Play,Men's Individual Stroke Play Round 3,Round 3,FINISHED,M,Golf,GLF,Le Golf National,1912058,PEREZ Victor,Person,FRA,France,13.0,68,STROKES,,47
5319,2024-08-03T17:49:32+02:00,GLFMSTROKE------------FNL-000300--,GLFMSTROKE,Men's Individual Stroke Play,Men's Individual Stroke Play Round 3,Round 3,FINISHED,M,Golf,GLF,Le Golf National,1935109,NIEMANN Joaquin,Person,CHI,Chile,13.0,68,STROKES,,50
5320,2024-08-03T17:49:32+02:00,GLFMSTROKE------------FNL-000300--,GLFMSTROKE,Men's Individual Stroke Play,Men's Individual Stroke Play Round 3,Round 3,FINISHED,M,Golf,GLF,Le Golf National,1951723,SCHAUFFELE Xander,Person,USA,United States,13.0,68,STROKES,,58
5321,2024-08-03T17:49:32+02:00,GLFMSTROKE------------FNL-000300--,GLFMSTROKE,Men's Individual Stroke Play,Men's Individual Stroke Play Round 3,Round 3,FINISHED,M,Golf,GLF,Le Golf National,1892513,SCHMID Matthias,Person,GER,Germany,19.0,69,STROKES,,10
5322,2024-08-03T17:49:32+02:00,GLFMSTROKE------------FNL-000300--,GLFMSTROKE,Men's Individual Stroke Play,Men's Individual Stroke Play Round 3,Round 3,FINISHED,M,Golf,GLF,Le Golf National,1556796,GREEN Gavin,Person,MAS,Malaysia,19.0,69,STROKES,,12
5323,2024-08-03T17:49:32+02:00,GLFMSTROKE------------FNL-000300--,GLFMSTROKE,Men's Individual Stroke Play,Men's Individual Stroke Play Round 3,Round 3,FINISHED,M,Golf,GLF,Le Golf National,1903732,MANASSERO Matteo,Person,ITA,Italy,19.0,69,STROKES,,40
5324,2024-08-03T17:49:32+02:00,GLFMSTROKE------------FNL-000300--,GLFMSTROKE,Men's Individual Stroke Play,Men's Individual Stroke Play Round 3,Round 3,FINISHED,M,Golf,GLF,Le Golf National,1966402,CONNERS Corey,Person,CAN,Canada,19.0,69,STROKES,,43
5325,2024-08-03T17:49:32+02:00,GLFMSTROKE------------FNL-000300--,GLFMSTROKE,Men's Individual Stroke Play,Men's Individual Stroke Play Round 3,Round 3,FINISHED,M,Golf,GLF,Le Golf National,1540039,TOSTI Alejandro,Person,ARG,Argentina,19.0,69,STROKES,,48
5326,2024-08-03T17:49:32+02:00,GLFMSTROKE------------FNL-000300--,GLFMSTROKE,Men's Individual Stroke Play,Men's Individual Stroke Play Round 3,Round 3,FINISHED,M,Golf,GLF,Le Golf National,1897777,van ROOYEN Erik,Person,RSA,South Africa,19.0,69,STROKES,,49
5327,2024-08-03T17:49:32+02:00,GLFMSTROKE------------FNL-000300--,GLFMSTROKE,Men's Individual Stroke Play,Men's Individual Stroke Play Round 3,Round 3,FINISHED,M,Golf,GLF,Le Golf National,1572181,KIM Tom,Person,KOR,Korea,19.0,69,STROKES,,52
5328,2024-08-03T17:49:32+02:00,GLFMSTROKE------------FNL-000300--,GLFMSTROKE,Men's Individual Stroke Play,Men's Individual Stroke Play Round 3,Round 3,FINISHED,M,Golf,GLF,Le Golf National,1903185,DETRY Thomas,Person,BEL,Belgium,19.0,69,STROKES,,56
5329,2024-08-03T17:49:32+02:00,GLFMSTROKE------------FNL-000300--,GLFMSTROKE,Men's Individual Stroke Play,Men's Individual Stroke Play Round 3,Round 3,FINISHED,M,Golf,GLF,Le Golf National,1923629,FLEETWOOD Tommy,Person,GBR,Great Britain,19.0,69,STROKES,,60
5330,2024-08-03T17:49:32+02:00,GLFMSTROKE------------FNL-000300--,GLFMSTROKE,Men's Individual Stroke Play,Men's Individual Stroke Play Round 3,Round 3,FINISHED,M,Golf,GLF,Le Golf National,1939559,HILLIER Daniel,Person,NZL,New Zealand,28.0,70,STROKES,,2
5331,2024-08-03T17:49:32+02:00,GLFMSTROKE------------FNL-000300--,GLFMSTROKE,Men's Individual Stroke Play,Men's Individual Stroke Play Round 3,Round 3,FINISHED,M,Golf,GLF,Le Golf National,1550000,CAMPOS Rafa,Person,PUR,Puerto Rico,28.0,70,STROKES,,14
5332,2024-08-03T17:49:32+02:00,GLFMSTROKE------------FNL-000300--,GLFMSTROKE,Men's Individual Stroke Play,Men's Individual Stroke Play Round 3,Round 3,FINISHED,M,Golf,GLF,Le Golf National,1572603,STRAKA Sepp,Person,AUT,Austria,28.0,70,STROKES,,20
5333,2024-08-03T17:49:32+02:00,GLFMSTROKE------------FNL-000300--,GLFMSTROKE,Men's Individual Stroke Play,Men's Individual Stroke Play Round 3,Round 3,FINISHED,M,Golf,GLF,Le Golf National,1903186,DUMONT de CHASSART Adrien,Person,BEL,Belgium,28.0,70,STROKES,,25
5334,2024-08-03T17:49:32+02:00,GLFMSTROKE------------FNL-000300--,GLFMSTROKE,Men's Individual Stroke Play,Men's Individual Stroke Play Round 3,Round 3,FINISHED,M,Golf,GLF,Le Golf National,1976538,GIRRBACH Joel,Person,SUI,Switzerland,28.0,70,STROKES,,26
5335,2024-08-03T17:49:32+02:00,GLFMSTROKE------------FNL-000300--,GLFMSTROKE,Men's Individual Stroke Play,Men's Individual Stroke Play Round 3,Round 3,FINISHED,M,Golf,GLF,Le Golf National,1951721,MORIKAWA Collin,Person,USA,United States,28.0,70,STROKES,,37
5336,2024-08-03T17:49:32+02:00,GLFMSTROKE------------FNL-000300--,GLFMSTROKE,Men's Individual Stroke Play,Men's Individual Stroke Play Round 3,Round 3,FINISHED,M,Golf,GLF,Le Golf National,1557703,ORTIZ Carlos,Person,MEX,Mexico,28.0,70,STROKES,,38
5337,2024-08-03T17:49:32+02:00,GLFMSTROKE------------FNL-000300--,GLFMSTROKE,Men's Individual Stroke Play,Men's Individual Stroke Play Round 3,Round 3,FINISHED,M,Golf,GLF,Le Golf National,1898581,PUIG David,Person,ESP,Spain,28.0,70,STROKES,,42
5338,2024-08-03T17:49:32+02:00,GLFMSTROKE------------FNL-000300--,GLFMSTROKE,Men's Individual Stroke Play,Men's Individual Stroke Play Round 3,Round 3,FINISHED,M,Golf,GLF,Le Golf National,1536371,BHULLAR Gaganjeet,Person,IND,India,36.0,71,STROKES,,8
5339,2024-08-03T17:49:32+02:00,GLFMSTROKE------------FNL-000300--,GLFMSTROKE,Men's Individual Stroke Play,Men's Individual Stroke Play Round 3,Round 3,FINISHED,M,Golf,GLF,Le Golf National,1938134,ECHAVARRIA Nico,Person,COL,Colombia,36.0,71,STROKES,,15
5340,2024-08-03T17:49:32+02:00,GLFMSTROKE------------FNL-000300--,GLFMSTROKE,Men's Individual Stroke Play,Men's Individual Stroke Play Round 3,Round 3,FINISHED,M,Golf,GLF,Le Golf National,1536341,ANCER Abraham,Person,MEX,Mexico,36.0,71,STROKES,,21
5341,2024-08-03T17:49:32+02:00,GLFMSTROKE------------FNL-000300--,GLFMSTROKE,Men's Individual Stroke Play,Men's Individual Stroke Play Round 3,Round 3,FINISHED,M,Golf,GLF,Le Golf National,1880177,NOREN Alex,Person,SWE,Sweden,36.0,71,STROKES,,23
5342,2024-08-03T17:49:32+02:00,GLFMSTROKE------------FNL-000300--,GLFMSTROKE,Men's Individual Stroke Play,Men's Individual Stroke Play Round 3,Round 3,FINISHED,M,Golf,GLF,Le Golf National,1905105,PULKKANEN Tapio,Person,FIN,Finland,36.0,71,STROKES,,27
5343,2024-08-03T17:49:32+02:00,GLFMSTROKE------------FNL-000300--,GLFMSTROKE,Men's Individual Stroke Play,Men's Individual Stroke Play Round 3,Round 3,FINISHED,M,Golf,GLF,Le Golf National,1546614,ZANOTTI Fabrizio,Person,PAR,Paraguay,36.0,71,STROKES,,36
5344,2024-08-03T17:49:32+02:00,GLFMSTROKE------------FNL-000300--,GLFMSTROKE,Men's Individual Stroke Play,Men's Individual Stroke Play Round 3,Round 3,FINISHED,M,Golf,GLF,Le Golf National,1961406,MATSUYAMA Hideki,Person,JPN,Japan,36.0,71,STROKES,,59
5345,2024-08-03T17:49:32+02:00,GLFMSTROKE------------FNL-000300--,GLFMSTROKE,Men's Individual Stroke Play,Men's Individual Stroke Play Round 3,Round 3,FINISHED,M,Golf,GLF,Le Golf National,2500123,APHIBARNRAT Kiradech,Person,THA,Thailand,43.0,72,STROKES,,1
5346,2024-08-03T17:49:32+02:00,GLFMSTROKE------------FNL-000300--,GLFMSTROKE,Men's Individual Stroke Play,Men's Individual Stroke Play Round 3,Round 3,FINISHED,M,Golf,GLF,Le Golf National,1938070,VILLEGAS Camilo,Person,COL,Colombia,43.0,72,STROKES,,3
5347,2024-08-03T17:49:32+02:00,GLFMSTROKE------------FNL-000300--,GLFMSTROKE,Men's Individual Stroke Play,Men's Individual Stroke Play Round 3,Round 3,FINISHED,M,Golf,GLF,Le Golf National,1937888,MERONK Adrian,Person,POL,Poland,43.0,72,STROKES,,7
5348,2024-08-03T17:49:32+02:00,GLFMSTROKE------------FNL-000300--,GLFMSTROKE,Men's Individual Stroke Play,Men's Individual Stroke Play Round 3,Round 3,FINISHED,M,Golf,GLF,Le Golf National,1909144,YU Kevin,Person,TPE,Chinese Taipei,43.0,72,STROKES,,17
5349,2024-08-03T17:49:32+02:00,GLFMSTROKE------------FNL-000300--,GLFMSTROKE,Men's Individual Stroke Play,Men's Individual Stroke Play Round 3,Round 3,FINISHED,M,Golf,GLF,Le Golf National,1536368,SHARMA Shubhankar,Person,IND,India,43.0,72,STROKES,,34
5350,2024-08-03T17:49:32+02:00,GLFMSTROKE------------FNL-000300--,GLFMSTROKE,Men's Individual Stroke Play,Men's Individual Stroke Play Round 3,Round 3,FINISHED,M,Golf,GLF,Le Golf National,1905109,VALIMAKI Sami,Person,FIN,Finland,43.0,72,STROKES,,41
5351,2024-08-03T17:49:32+02:00,GLFMSTROKE------------FNL-000300--,GLFMSTROKE,Men's Individual Stroke Play,Men's Individual Stroke Play Round 3,Round 3,FINISHED,M,Golf,GLF,Le Golf National,1892516,JAEGER Stephan,Person,GER,Germany,43.0,72,STROKES,,53
5352,2024-08-03T17:49:32+02:00,GLFMSTROKE------------FNL-000300--,GLFMSTROKE,Men's Individual Stroke Play,Men's Individual Stroke Play Round 3,Round 3,FINISHED,M,Golf,GLF,Le Golf National,1909042,PAN C.T.,Person,TPE,Chinese Taipei,43.0,72,STROKES,,57
5353,2024-08-03T17:49:32+02:00,GLFMSTROKE------------FNL-000300--,GLFMSTROKE,Men's Individual Stroke Play,Men's Individual Stroke Play Round 3,Round 3,FINISHED,M,Golf,GLF,Le Golf National,1961431,NAKAJIMA Keita,Person,JPN,Japan,51.0,73,STROKES,,33
5354,2024-08-03T17:49:32+02:00,GLFMSTROKE------------FNL-000300--,GLFMSTROKE,Men's Individual Stroke Play,Men's Individual Stroke Play Round 3,Round 3,FINISHED,M,Golf,GLF,Le Golf National,1935118,PEREIRA Mito,Person,CHI,Chile,52.0,74,STROKES,,4
5355,2024-08-03T17:49:32+02:00,GLFMSTROKE------------FNL-000300--,GLFMSTROKE,Men's Individual Stroke Play,Men's Individual Stroke Play Round 3,Round 3,FINISHED,M,Golf,GLF,Le Golf National,1945630,KHONGWATMAI Phachara,Person,THA,Thailand,52.0,74,STROKES,,5
5356,2024-08-03T17:49:32+02:00,GLFMSTROKE------------FNL-000300--,GLFMSTROKE,Men's Individual Stroke Play,Men's Individual Stroke Play Round 3,Round 3,FINISHED,M,Golf,GLF,Le Golf National,1903740,MIGLIOZZI Guido,Person,ITA,Italy,52.0,74,STROKES,,54
5357,2024-08-03T17:49:32+02:00,GLFMSTROKE------------FNL-000300--,GLFMSTROKE,Men's Individual Stroke Play,Men's Individual Stroke Play Round 3,Round 3,FINISHED,M,Golf,GLF,Le Golf National,1937366,GRILLO Emiliano,Person,ARG,Argentina,55.0,75,STROKES,,22
5358,2024-08-03T17:49:32+02:00,GLFMSTROKE------------FNL-000300--,GLFMSTROKE,Men's Individual Stroke Play,Men's Individual Stroke Play Round 3,Round 3,FINISHED,M,Golf,GLF,Le Golf National,1889174,VENTURA Kristoffer,Person,NOR,Norway,56.0,76,STROKES,,35
5359,2024-08-03T17:49:32+02:00,GLFMSTROKE------------FNL-000300--,GLFMSTROKE,Men's Individual Stroke Play,Men's Individual Stroke Play Round 3,Round 3,FINISHED,M,Golf,GLF,Le Golf National,1912059,PAVON Matthieu,Person,FRA,France,57.0,77,STROKES,,6
5360,2024-08-03T17:49:32+02:00,GLFMSTROKE------------FNL-000300--,GLFMSTROKE,Men's Individual Stroke Play,Men's Individual Stroke Play Round 3,Round 3,FINISHED,M,Golf,GLF,Le Golf National,1913209,DOU Zecheng,Person,CHN,China,57.0,77,STROKES,,32
5361,2024-08-03T17:49:32+02:00,GLFMSTROKE------------FNL-000300--,GLFMSTROKE,Men's Individual Stroke Play,Men's Individual Stroke Play Round 3,Round 3,FINISHED,M,Golf,GLF,Le Golf National,1913217,YUAN Yechun,Person,CHN,China,59.0,78,STROKES,,16
5362,2024-08-03T17:49:32+02:00,GLFMSTROKE------------FNL-000300--,GLFMSTROKE,Men's Individual Stroke Play,Men's Individual Stroke Play Round 3,Round 3,FINISHED,M,Golf,GLF,Le Golf National,1898169,FITZPATRICK Matt,Person,GBR,Great Britain,60.0,81,STROKES,,46
8,2024-08-04T17:51:04+02:00,GLFMSTROKE------------FNL-000400--,GLFMSTROKE,Men's Individual Stroke Play,Men's Individual Stroke Play Round 4,Round 4,FINISHED,M,Golf,GLF,Le Golf National,1951724,SCHEFFLER Scottie,Person,USA,United States,1.0,62,STROKES,,51
9,2024-08-04T17:51:04+02:00,GLFMSTROKE------------FNL-000400--,GLFMSTROKE,Men's Individual Stroke Play,Men's Individual Stroke Play Round 4,Round 4,FINISHED,M,Golf,GLF,Le Golf National,1912058,PEREZ Victor,Person,FRA,France,2.0,63,STROKES,,47
10,2024-08-04T17:51:04+02:00,GLFMSTROKE------------FNL-000400--,GLFMSTROKE,Men's Individual Stroke Play,Men's Individual Stroke Play Round 4,Round 4,FINISHED,M,Golf,GLF,Le Golf National,1951700,CLARK Wyndham,Person,USA,United States,3.0,65,STROKES,,37
11,2024-08-04T17:51:04+02:00,GLFMSTROKE------------FNL-000400--,GLFMSTROKE,Men's Individual Stroke Play,Men's Individual Stroke Play Round 4,Round 4,FINISHED,M,Golf,GLF,Le Golf National,1961406,MATSUYAMA Hideki,Person,JPN,Japan,3.0,65,STROKES,,55
12,2024-08-04T17:51:04+02:00,GLFMSTROKE------------FNL-000400--,GLFMSTROKE,Men's Individual Stroke Play,Men's Individual Stroke Play Round 4,Round 4,FINISHED,M,Golf,GLF,Le Golf National,1935118,PEREIRA Mito,Person,CHI,Chile,5.0,66,STROKES,,3
13,2024-08-04T17:51:04+02:00,GLFMSTROKE------------FNL-000400--,GLFMSTROKE,Men's Individual Stroke Play,Men's Individual Stroke Play Round 4,Round 4,FINISHED,M,Golf,GLF,Le Golf National,1966402,CONNERS Corey,Person,CAN,Canada,5.0,66,STROKES,,44
14,2024-08-04T17:51:04+02:00,GLFMSTROKE------------FNL-000400--,GLFMSTROKE,Men's Individual Stroke Play,Men's Individual Stroke Play Round 4,Round 4,FINISHED,M,Golf,GLF,Le Golf National,1910508,McILROY Rory,Person,IRL,Ireland,5.0,66,STROKES,,56
15,2024-08-04T17:51:04+02:00,GLFMSTROKE------------FNL-000400--,GLFMSTROKE,Men's Individual Stroke Play,Men's Individual Stroke Play Round 4,Round 4,FINISHED,M,Golf,GLF,Le Golf National,1923629,FLEETWOOD Tommy,Person,GBR,Great Britain,5.0,66,STROKES,,59
16,2024-08-04T17:51:04+02:00,GLFMSTROKE------------FNL-000400--,GLFMSTROKE,Men's Individual Stroke Play,Men's Individual Stroke Play Round 4,Round 4,FINISHED,M,Golf,GLF,Le Golf National,1550000,CAMPOS Rafa,Person,PUR,Puerto Rico,9.0,67,STROKES,,16
17,2024-08-04T17:51:04+02:00,GLFMSTROKE------------FNL-000400--,GLFMSTROKE,Men's Individual Stroke Play,Men's Individual Stroke Play Round 4,Round 4,FINISHED,M,Golf,GLF,Le Golf National,1892513,SCHMID Matthias,Person,GER,Germany,9.0,67,STROKES,,23
18,2024-08-04T17:51:04+02:00,GLFMSTROKE------------FNL-000400--,GLFMSTROKE,Men's Individual Stroke Play,Men's Individual Stroke Play Round 4,Round 4,FINISHED,M,Golf,GLF,Le Golf National,1937366,GRILLO Emiliano,Person,ARG,Argentina,11.0,68,STROKES,,11
19,2024-08-04T17:51:04+02:00,GLFMSTROKE------------FNL-000400--,GLFMSTROKE,Men's Individual Stroke Play,Men's Individual Stroke Play Round 4,Round 4,FINISHED,M,Golf,GLF,Le Golf National,1938134,ECHAVARRIA Nico,Person,COL,Colombia,11.0,68,STROKES,,12
20,2024-08-04T17:51:04+02:00,GLFMSTROKE------------FNL-000400--,GLFMSTROKE,Men's Individual Stroke Play,Men's Individual Stroke Play Round 4,Round 4,FINISHED,M,Golf,GLF,Le Golf National,1878428,HOVLAND Viktor,Person,NOR,Norway,11.0,68,STROKES,,22
21,2024-08-04T17:51:04+02:00,GLFMSTROKE------------FNL-000400--,GLFMSTROKE,Men's Individual Stroke Play,Men's Individual Stroke Play Round 4,Round 4,FINISHED,M,Golf,GLF,Le Golf National,1941775,LEE Min Woo,Person,AUS,Australia,11.0,68,STROKES,,31
22,2024-08-04T17:51:04+02:00,GLFMSTROKE------------FNL-000400--,GLFMSTROKE,Men's Individual Stroke Play,Men's Individual Stroke Play Round 4,Round 4,FINISHED,M,Golf,GLF,Le Golf National,1903740,MIGLIOZZI Guido,Person,ITA,Italy,11.0,68,STROKES,,32
23,2024-08-04T17:51:04+02:00,GLFMSTROKE------------FNL-000400--,GLFMSTROKE,Men's Individual Stroke Play,Men's Individual Stroke Play Round 4,Round 4,FINISHED,M,Golf,GLF,Le Golf National,1889030,OLESEN Thorbjorn,Person,DEN,Denmark,11.0,68,STROKES,,46
24,2024-08-04T17:51:04+02:00,GLFMSTROKE------------FNL-000400--,GLFMSTROKE,Men's Individual Stroke Play,Men's Individual Stroke Play Round 4,Round 4,FINISHED,M,Golf,GLF,Le Golf National,1941773,DAY Jason,Person,AUS,Australia,11.0,68,STROKES,,49
25,2024-08-04T17:51:04+02:00,GLFMSTROKE------------FNL-000400--,GLFMSTROKE,Men's Individual Stroke Play,Men's Individual Stroke Play Round 4,Round 4,FINISHED,M,Golf,GLF,Le Golf National,1935109,NIEMANN Joaquin,Person,CHI,Chile,11.0,68,STROKES,,50
26,2024-08-04T17:51:04+02:00,GLFMSTROKE------------FNL-000400--,GLFMSTROKE,Men's Individual Stroke Play,Men's Individual Stroke Play Round 4,Round 4,FINISHED,M,Golf,GLF,Le Golf National,1572181,KIM Tom,Person,KOR,Korea,11.0,68,STROKES,,52
27,2024-08-04T17:51:04+02:00,GLFMSTROKE------------FNL-000400--,GLFMSTROKE,Men's Individual Stroke Play,Men's Individual Stroke Play Round 4,Round 4,FINISHED,M,Golf,GLF,Le Golf National,1889028,HOJGAARD Nicolai,Person,DEN,Denmark,11.0,68,STROKES,,54
28,2024-08-04T17:51:04+02:00,GLFMSTROKE------------FNL-000400--,GLFMSTROKE,Men's Individual Stroke Play,Men's Individual Stroke Play Round 4,Round 4,FINISHED,M,Golf,GLF,Le Golf National,1889174,VENTURA Kristoffer,Person,NOR,Norway,21.0,69,STROKES,,9
29,2024-08-04T17:51:04+02:00,GLFMSTROKE------------FNL-000400--,GLFMSTROKE,Men's Individual Stroke Play,Men's Individual Stroke Play Round 4,Round 4,FINISHED,M,Golf,GLF,Le Golf National,1556796,GREEN Gavin,Person,MAS,Malaysia,21.0,69,STROKES,,18
30,2024-08-04T17:51:04+02:00,GLFMSTROKE------------FNL-000400--,GLFMSTROKE,Men's Individual Stroke Play,Men's Individual Stroke Play Round 4,Round 4,FINISHED,M,Golf,GLF,Le Golf National,1966414,TAYLOR Nick,Person,CAN,Canada,21.0,69,STROKES,,24
31,2024-08-04T17:51:04+02:00,GLFMSTROKE------------FNL-000400--,GLFMSTROKE,Men's Individual Stroke Play,Men's Individual Stroke Play Round 4,Round 4,FINISHED,M,Golf,GLF,Le Golf National,1903732,MANASSERO Matteo,Person,ITA,Italy,21.0,69,STROKES,,41
32,2024-08-04T17:51:04+02:00,GLFMSTROKE------------FNL-000400--,GLFMSTROKE,Men's Individual Stroke Play,Men's Individual Stroke Play Round 4,Round 4,FINISHED,M,Golf,GLF,Le Golf National,1897778,BEZUIDENHOUT Christiaan,Person,RSA,South Africa,21.0,69,STROKES,,45
33,2024-08-04T17:51:04+02:00,GLFMSTROKE------------FNL-000400--,GLFMSTROKE,Men's Individual Stroke Play,Men's Individual Stroke Play Round 4,Round 4,FINISHED,M,Golf,GLF,Le Golf National,1903185,DETRY Thomas,Person,BEL,Belgium,21.0,69,STROKES,,53
34,2024-08-04T17:51:04+02:00,GLFMSTROKE------------FNL-000400--,GLFMSTROKE,Men's Individual Stroke Play,Men's Individual Stroke Play Round 4,Round 4,FINISHED,M,Golf,GLF,Le Golf National,1536371,BHULLAR Gaganjeet,Person,IND,India,27.0,70,STROKES,,14
35,2024-08-04T17:51:04+02:00,GLFMSTROKE------------FNL-000400--,GLFMSTROKE,Men's Individual Stroke Play,Men's Individual Stroke Play Round 4,Round 4,FINISHED,M,Golf,GLF,Le Golf National,1905105,PULKKANEN Tapio,Person,FIN,Finland,27.0,70,STROKES,,15
36,2024-08-04T17:51:04+02:00,GLFMSTROKE------------FNL-000400--,GLFMSTROKE,Men's Individual Stroke Play,Men's Individual Stroke Play Round 4,Round 4,FINISHED,M,Golf,GLF,Le Golf National,1536341,ANCER Abraham,Person,MEX,Mexico,27.0,70,STROKES,,19
37,2024-08-04T17:51:04+02:00,GLFMSTROKE------------FNL-000400--,GLFMSTROKE,Men's Individual Stroke Play,Men's Individual Stroke Play Round 4,Round 4,FINISHED,M,Golf,GLF,Le Golf National,1951721,MORIKAWA Collin,Person,USA,United States,27.0,70,STROKES,,34
38,2024-08-04T17:51:04+02:00,GLFMSTROKE------------FNL-000400--,GLFMSTROKE,Men's Individual Stroke Play,Men's Individual Stroke Play Round 4,Round 4,FINISHED,M,Golf,GLF,Le Golf National,1540039,TOSTI Alejandro,Person,ARG,Argentina,27.0,70,STROKES,,39
39,2024-08-04T17:51:04+02:00,GLFMSTROKE------------FNL-000400--,GLFMSTROKE,Men's Individual Stroke Play,Men's Individual Stroke Play Round 4,Round 4,FINISHED,M,Golf,GLF,Le Golf National,1909042,PAN C.T.,Person,TPE,Chinese Taipei,27.0,70,STROKES,,40
40,2024-08-04T17:51:04+02:00,GLFMSTROKE------------FNL-000400--,GLFMSTROKE,Men's Individual Stroke Play,Men's Individual Stroke Play Round 4,Round 4,FINISHED,M,Golf,GLF,Le Golf National,1897777,van ROOYEN Erik,Person,RSA,South Africa,27.0,70,STROKES,,42
41,2024-08-04T17:51:04+02:00,GLFMSTROKE------------FNL-000400--,GLFMSTROKE,Men's Individual Stroke Play,Men's Individual Stroke Play Round 4,Round 4,FINISHED,M,Golf,GLF,Le Golf National,1898582,RAHM Jon,Person,ESP,Spain,27.0,70,STROKES,,57
42,2024-08-04T17:51:04+02:00,GLFMSTROKE------------FNL-000400--,GLFMSTROKE,Men's Individual Stroke Play,Men's Individual Stroke Play Round 4,Round 4,FINISHED,M,Golf,GLF,Le Golf National,1938070,VILLEGAS Camilo,Person,COL,Colombia,35.0,71,STROKES,,1
43,2024-08-04T17:51:04+02:00,GLFMSTROKE------------FNL-000400--,GLFMSTROKE,Men's Individual Stroke Play,Men's Individual Stroke Play Round 4,Round 4,FINISHED,M,Golf,GLF,Le Golf National,2500123,APHIBARNRAT Kiradech,Person,THA,Thailand,35.0,71,STROKES,,8
44,2024-08-04T17:51:04+02:00,GLFMSTROKE------------FNL-000400--,GLFMSTROKE,Men's Individual Stroke Play,Men's Individual Stroke Play Round 4,Round 4,FINISHED,M,Golf,GLF,Le Golf National,1937888,MERONK Adrian,Person,POL,Poland,35.0,71,STROKES,,10
45,2024-08-04T17:51:04+02:00,GLFMSTROKE------------FNL-000400--,GLFMSTROKE,Men's Individual Stroke Play,Men's Individual Stroke Play Round 4,Round 4,FINISHED,M,Golf,GLF,Le Golf National,1572603,STRAKA Sepp,Person,AUT,Austria,35.0,71,STROKES,,25
46,2024-08-04T17:51:04+02:00,GLFMSTROKE------------FNL-000400--,GLFMSTROKE,Men's Individual Stroke Play,Men's Individual Stroke Play Round 4,Round 4,FINISHED,M,Golf,GLF,Le Golf National,1546614,ZANOTTI Fabrizio,Person,PAR,Paraguay,35.0,71,STROKES,,28
47,2024-08-04T17:51:04+02:00,GLFMSTROKE------------FNL-000400--,GLFMSTROKE,Men's Individual Stroke Play,Men's Individual Stroke Play Round 4,Round 4,FINISHED,M,Golf,GLF,Le Golf National,1557703,ORTIZ Carlos,Person,MEX,Mexico,35.0,71,STROKES,,35
48,2024-08-04T17:51:04+02:00,GLFMSTROKE------------FNL-000400--,GLFMSTROKE,Men's Individual Stroke Play,Men's Individual Stroke Play Round 4,Round 4,FINISHED,M,Golf,GLF,Le Golf National,1899121,LOWRY Shane,Person,IRL,Ireland,35.0,71,STROKES,,38
49,2024-08-04T17:51:04+02:00,GLFMSTROKE------------FNL-000400--,GLFMSTROKE,Men's Individual Stroke Play,Men's Individual Stroke Play Round 4,Round 4,FINISHED,M,Golf,GLF,Le Golf National,1913217,YUAN Yechun,Person,CHN,China,42.0,72,STROKES,,5
50,2024-08-04T17:51:04+02:00,GLFMSTROKE------------FNL-000400--,GLFMSTROKE,Men's Individual Stroke Play,Men's Individual Stroke Play Round 4,Round 4,FINISHED,M,Golf,GLF,Le Golf National,1536368,SHARMA Shubhankar,Person,IND,India,42.0,72,STROKES,,21
51,2024-08-04T17:51:04+02:00,GLFMSTROKE------------FNL-000400--,GLFMSTROKE,Men's Individual Stroke Play,Men's Individual Stroke Play Round 4,Round 4,FINISHED,M,Golf,GLF,Le Golf National,1892516,JAEGER Stephan,Person,GER,Germany,42.0,72,STROKES,,36
52,2024-08-04T17:51:04+02:00,GLFMSTROKE------------FNL-000400--,GLFMSTROKE,Men's Individual Stroke Play,Men's Individual Stroke Play Round 4,Round 4,FINISHED,M,Golf,GLF,Le Golf National,1572177,AN Byeong Hun,Person,KOR,Korea,42.0,72,STROKES,,43
53,2024-08-04T17:51:04+02:00,GLFMSTROKE------------FNL-000400--,GLFMSTROKE,Men's Individual Stroke Play,Men's Individual Stroke Play Round 4,Round 4,FINISHED,M,Golf,GLF,Le Golf National,1880175,ABERG Ludvig,Person,SWE,Sweden,42.0,72,STROKES,,48
54,2024-08-04T17:51:04+02:00,GLFMSTROKE------------FNL-000400--,GLFMSTROKE,Men's Individual Stroke Play,Men's Individual Stroke Play Round 4,Round 4,FINISHED,M,Golf,GLF,Le Golf National,1913209,DOU Zecheng,Person,CHN,China,47.0,73,STROKES,,6
55,2024-08-04T17:51:04+02:00,GLFMSTROKE------------FNL-000400--,GLFMSTROKE,Men's Individual Stroke Play,Men's Individual Stroke Play Round 4,Round 4,FINISHED,M,Golf,GLF,Le Golf National,1939559,HILLIER Daniel,Person,NZL,New Zealand,47.0,73,STROKES,,7
56,2024-08-04T17:51:04+02:00,GLFMSTROKE------------FNL-000400--,GLFMSTROKE,Men's Individual Stroke Play,Men's Individual Stroke Play Round 4,Round 4,FINISHED,M,Golf,GLF,Le Golf National,1880177,NOREN Alex,Person,SWE,Sweden,47.0,73,STROKES,,20
57,2024-08-04T17:51:04+02:00,GLFMSTROKE------------FNL-000400--,GLFMSTROKE,Men's Individual Stroke Play,Men's Individual Stroke Play Round 4,Round 4,FINISHED,M,Golf,GLF,Le Golf National,1903186,DUMONT de CHASSART Adrien,Person,BEL,Belgium,47.0,73,STROKES,,27
58,2024-08-04T17:51:04+02:00,GLFMSTROKE------------FNL-000400--,GLFMSTROKE,Men's Individual Stroke Play,Men's Individual Stroke Play Round 4,Round 4,FINISHED,M,Golf,GLF,Le Golf National,1951723,SCHAUFFELE Xander,Person,USA,United States,47.0,73,STROKES,,58
59,2024-08-04T17:51:04+02:00,GLFMSTROKE------------FNL-000400--,GLFMSTROKE,Men's Individual Stroke Play,Men's Individual Stroke Play Round 4,Round 4,FINISHED,M,Golf,GLF,Le Golf National,1912059,PAVON Matthieu,Person,FRA,France,52.0,74,STROKES,,2
60,2024-08-04T17:51:04+02:00,GLFMSTROKE------------FNL-000400--,GLFMSTROKE,Men's Individual Stroke Play,Men's Individual Stroke Play Round 4,Round 4,FINISHED,M,Golf,GLF,Le Golf National,1909144,YU Kevin,Person,TPE,Chinese Taipei,52.0,74,STROKES,,13
61,2024-08-04T17:51:04+02:00,GLFMSTROKE------------FNL-000400--,GLFMSTROKE,Men's Individual Stroke Play,Men's Individual Stroke Play Round 4,Round 4,FINISHED,M,Golf,GLF,Le Golf National,1961431,NAKAJIMA Keita,Person,JPN,Japan,52.0,74,STROKES,,17
62,2024-08-04T17:51:04+02:00,GLFMSTROKE------------FNL-000400--,GLFMSTROKE,Men's Individual Stroke Play,Men's Individual Stroke Play Round 4,Round 4,FINISHED,M,Golf,GLF,Le Golf National,1939554,FOX Ryan,Person,NZL,New Zealand,52.0,74,STROKES,,33
63,2024-08-04T17:51:04+02:00,GLFMSTROKE------------FNL-000400--,GLFMSTROKE,Men's Individual Stroke Play,Men's Individual Stroke Play Round 4,Round 4,FINISHED,M,Golf,GLF,Le Golf National,1905109,VALIMAKI Sami,Person,FIN,Finland,56.0,75,STROKES,,29
64,2024-08-04T17:51:04+02:00,GLFMSTROKE------------FNL-000400--,GLFMSTROKE,Men's Individual Stroke Play,Men's Individual Stroke Play Round 4,Round 4,FINISHED,M,Golf,GLF,Le Golf National,1898581,PUIG David,Person,ESP,Spain,56.0,75,STROKES,,30
65,2024-08-04T17:51:04+02:00,GLFMSTROKE------------FNL-000400--,GLFMSTROKE,Men's Individual Stroke Play,Men's Individual Stroke Play Round 4,Round 4,FINISHED,M,Golf,GLF,Le Golf National,1976538,GIRRBACH Joel,Person,SUI,Switzerland,58.0,76,STROKES,,26
66,2024-08-04T17:51:04+02:00,GLFMSTROKE------------FNL-000400--,GLFMSTROKE,Men's Individual Stroke Play,Men's Individual Stroke Play Round 4,Round 4,FINISHED,M,Golf,GLF,Le Golf National,1945630,KHONGWATMAI Phachara,Person,THA,Thailand,,,IRM,WD,4
