,date,stage_code,event_code,event_name,event_stage,stage,stage_status,gender,discipline_name,discipline_code,venue,participant_code,participant_name,participant_type,participant_country_code,participant_country,result,result_type,result_WLT
4768,2024-07-27T15:40:51+02:00,TTEMSINGLES-----------R128005800--,TTEMSINGLES,Men's Singles,Men's Singles Preliminary Round,Preliminary Round,FINISHED,M,Table Tennis,TTE,South Paris Arena 4,1930828,JHA Kanak,Person,USA,United States,4,POINTS,W
4769,2024-07-27T15:40:51+02:00,TTEMSINGLES-----------R128005800--,TTEMSINGLES,Men's Singles,Men's Singles Preliminary Round,Preliminary Round,FINISHED,M,Table Tennis,TTE,South Paris Arena 4,1572189,URSU Vladislav,Person,MDA,Republic of Moldova,0,POINTS,L
222,2024-07-27T16:30:36+02:00,TTEMSINGLES-----------R128003400--,TTEMSINGLES,Men's Singles,Men's Singles Preliminary Round,Preliminary Round,FINISHED,M,Table Tennis,TTE,South Paris Arena 4,1538190,DESAI Harmeet,Person,IND,India,4,POINTS,W
223,2024-07-27T16:30:36+02:00,TTEMSINGLES-----------R128003400--,TTEMSINGLES,Men's Singles,Men's Singles Preliminary Round,Preliminary Round,FINISHED,M,Table Tennis,TTE,South Paris Arena 4,1566883,ABO YAMAN Zaid,Person,JOR,Jordan,0,POINTS,L
6953,2024-07-27T16:30:40+02:00,TTEMSINGLES-----------R128006200--,TTEMSINGLES,Men's Singles,Men's Singles Preliminary Round,Preliminary Round,FINISHED,M,Table Tennis,TTE,South Paris Arena 4,1962788,DIAW Ibrahima,Person,SEN,Senegal,4,POINTS,W
6954,2024-07-27T16:30:40+02:00,TTEMSINGLES-----------R128006200--,TTEMSINGLES,Men's Singles,Men's Singles Preliminary Round,Preliminary Round,FINISHED,M,Table Tennis,TTE,South Paris Arena 4,4660198,SHRESTHA Santoo,Person,NEP,Nepal,0,POINTS,L
123,2024-07-27T20:35:10+02:00,TTEMSINGLES-----------R64-000200--,TTEMSINGLES,Men's Singles,Men's Singles Round of 64,Round of 64,FINISHED,M,Table Tennis,TTE,South Paris Arena 4,1903297,NUYTINCK Cedric,Person,BEL,Belgium,0,POINTS,L
124,2024-07-27T20:35:10+02:00,TTEMSINGLES-----------R64-000200--,TTEMSINGLES,Men's Singles,Men's Singles Round of 64,Round of 64,FINISHED,M,Table Tennis,TTE,South Paris Arena 4,1563390,MOREGARD Truls,Person,SWE,Sweden,4,POINTS,W
4655,2024-07-27T20:42:30+02:00,TTEMSINGLES-----------R64-002600--,TTEMSINGLES,Men's Singles,Men's Singles Round of 64,Round of 64,FINISHED,M,Table Tennis,TTE,South Paris Arena 4,1941505,OMOTAYO Olajide,Person,NGR,Nigeria,1,POINTS,L
4656,2024-07-27T20:42:30+02:00,TTEMSINGLES-----------R64-002600--,TTEMSINGLES,Men's Singles,Men's Singles Round of 64,Round of 64,FINISHED,M,Table Tennis,TTE,South Paris Arena 4,1536215,ALAMIYAN Noshad,Person,IRI,IR Iran,4,POINTS,W
1777,2024-07-27T21:28:50+02:00,TTEMSINGLES-----------R64-001400--,TTEMSINGLES,Men's Singles,Men's Singles Round of 64,Round of 64,FINISHED,M,Table Tennis,TTE,South Paris Arena 4,1963587,BOULOUSSA Mehdi,Person,ALG,Algeria,0,POINTS,L
1778,2024-07-27T21:28:50+02:00,TTEMSINGLES-----------R64-001400--,TTEMSINGLES,Men's Singles,Men's Singles Round of 64,Round of 64,FINISHED,M,Table Tennis,TTE,South Paris Arena 4,1565008,PUCAR Tomislav,Person,CRO,Croatia,4,POINTS,W
12984,2024-07-27T21:43:16+02:00,TTEMSINGLES-----------R64-001000--,TTEMSINGLES,Men's Singles,Men's Singles Round of 64,Round of 64,FINISHED,M,Table Tennis,TTE,South Paris Arena 4,1570614,MLADENOVIC Luka,Person,LUX,Luxembourg,0,POINTS,L
12985,2024-07-27T21:43:16+02:00,TTEMSINGLES-----------R64-001000--,TTEMSINGLES,Men's Singles,Men's Singles Round of 64,Round of 64,FINISHED,M,Table Tennis,TTE,South Paris Arena 4,1879345,GROTH Jonathan,Person,DEN,Denmark,4,POINTS,W
11172,2024-07-27T22:16:27+02:00,TTEMSINGLES-----------R64-000700--,TTEMSINGLES,Men's Singles,Men's Singles Round of 64,Round of 64,FINISHED,M,Table Tennis,TTE,South Paris Arena 4,1933504,GERASSIMENKO Kirill,Person,KAZ,Kazakhstan,4,POINTS,W
11173,2024-07-27T22:16:27+02:00,TTEMSINGLES-----------R64-000700--,TTEMSINGLES,Men's Singles,Men's Singles Round of 64,Round of 64,FINISHED,M,Table Tennis,TTE,South Paris Arena 4,1935575,BURGOS Nicolas,Person,CHI,Chile,0,POINTS,L
2881,2024-07-27T22:19:02+02:00,TTEMSINGLES-----------R64-002000--,TTEMSINGLES,Men's Singles,Men's Singles Round of 64,Round of 64,FINISHED,M,Table Tennis,TTE,South Paris Arena 4,1544301,MADRID Marcos,Person,MEX,Mexico,0,POINTS,L
2882,2024-07-27T22:19:02+02:00,TTEMSINGLES-----------R64-002000--,TTEMSINGLES,Men's Singles,Men's Singles Round of 64,Round of 64,FINISHED,M,Table Tennis,TTE,South Paris Arena 4,1542541,OVTCHAROV Dimitrij,Person,GER,Germany,4,POINTS,W
5161,2024-07-27T23:40:57+02:00,TTEMSINGLES-----------R64-000400--,TTEMSINGLES,Men's Singles,Men's Singles Round of 64,Round of 64,FINISHED,M,Table Tennis,TTE,South Paris Arena 4,1541473,IONESCU Eduard,Person,ROU,Romania,4,POINTS,W
5162,2024-07-27T23:40:57+02:00,TTEMSINGLES-----------R64-000400--,TTEMSINGLES,Men's Singles,Men's Singles Round of 64,Round of 64,FINISHED,M,Table Tennis,TTE,South Paris Arena 4,1941502,ARUNA Quadri,Person,NGR,Nigeria,3,POINTS,L
11166,2024-07-27T23:45:51+02:00,TTEMSINGLES-----------R64-000600--,TTEMSINGLES,Men's Singles,Men's Singles Round of 64,Round of 64,FINISHED,M,Table Tennis,TTE,South Paris Arena 4,1976250,MINO Alberto,Person,ECU,Ecuador,4,POINTS,W
11167,2024-07-27T23:45:51+02:00,TTEMSINGLES-----------R64-000600--,TTEMSINGLES,Men's Singles,Men's Singles Round of 64,Round of 64,FINISHED,M,Table Tennis,TTE,South Paris Arena 4,1946674,LUU Finn,Person,AUS,Australia,3,POINTS,L
5157,2024-07-28T10:50:44+02:00,TTEMSINGLES-----------R64-000500--,TTEMSINGLES,Men's Singles,Men's Singles Round of 64,Round of 64,FINISHED,M,Table Tennis,TTE,South Paris Arena 4,1902703,ASSAR Omar,Person,EGY,Egypt,4,POINTS,W
5158,2024-07-28T10:50:44+02:00,TTEMSINGLES-----------R64-000500--,TTEMSINGLES,Men's Singles,Men's Singles Round of 64,Round of 64,FINISHED,M,Table Tennis,TTE,South Paris Arena 4,1928808,RAKOTOARIMANANA Fabio,Person,MAD,Madagascar,1,POINTS,L
8314,2024-07-28T10:56:01+02:00,TTEMSINGLES-----------R64-002900--,TTEMSINGLES,Men's Singles,Men's Singles Round of 64,Round of 64,FINISHED,M,Table Tennis,TTE,South Paris Arena 4,1936413,CHO Daeseong,Person,KOR,Korea,2,POINTS,L
8315,2024-07-28T10:56:01+02:00,TTEMSINGLES-----------R64-002900--,TTEMSINGLES,Men's Singles,Men's Singles Round of 64,Round of 64,FINISHED,M,Table Tennis,TTE,South Paris Arena 4,1930828,JHA Kanak,Person,USA,United States,4,POINTS,W
9603,2024-07-28T11:35:48+02:00,TTEMSINGLES-----------R64-000100--,TTEMSINGLES,Men's Singles,Men's Singles Round of 64,Round of 64,FINISHED,M,Table Tennis,TTE,South Paris Arena 4,1902301,WANG Chuqin,Person,CHN,China,4,POINTS,W
9604,2024-07-28T11:35:48+02:00,TTEMSINGLES-----------R64-000100--,TTEMSINGLES,Men's Singles,Men's Singles Round of 64,Round of 64,FINISHED,M,Table Tennis,TTE,South Paris Arena 4,1568866,WANG Yang,Person,SVK,Slovakia,1,POINTS,L
129,2024-07-28T11:41:40+02:00,TTEMSINGLES-----------R64-000300--,TTEMSINGLES,Men's Singles,Men's Singles Round of 64,Round of 64,FINISHED,M,Table Tennis,TTE,South Paris Arena 4,1803711,KAO Cheng-Jui,Person,TPE,Chinese Taipei,4,POINTS,W
130,2024-07-28T11:41:40+02:00,TTEMSINGLES-----------R64-000300--,TTEMSINGLES,Men's Singles,Men's Singles Round of 64,Round of 64,FINISHED,M,Table Tennis,TTE,South Paris Arena 4,1536214,ALAMIAN Nima,Person,IRI,IR Iran,1,POINTS,L
4317,2024-07-28T12:42:04+02:00,TTEMSINGLES-----------R64-001800--,TTEMSINGLES,Men's Singles,Men's Singles Round of 64,Round of 64,FINISHED,M,Table Tennis,TTE,South Paris Arena 4,1547690,IDOWU Saheed,Person,CGO,Congo,3,POINTS,L
4318,2024-07-28T12:42:04+02:00,TTEMSINGLES-----------R64-001800--,TTEMSINGLES,Men's Singles,Men's Singles Round of 64,Round of 64,FINISHED,M,Table Tennis,TTE,South Paris Arena 4,1563381,KALLBERG Anton,Person,SWE,Sweden,4,POINTS,W
12966,2024-07-28T12:43:01+02:00,TTEMSINGLES-----------R64-001100--,TTEMSINGLES,Men's Singles,Men's Singles Round of 64,Round of 64,FINISHED,M,Table Tennis,TTE,South Paris Arena 4,1538151,ACHANTA Sharath Kamal,Person,IND,India,2,POINTS,L
12967,2024-07-28T12:43:01+02:00,TTEMSINGLES-----------R64-001100--,TTEMSINGLES,Men's Singles,Men's Singles Round of 64,Round of 64,FINISHED,M,Table Tennis,TTE,South Paris Arena 4,1980867,KOZUL Deni,Person,SLO,Slovenia,4,POINTS,W
3568,2024-07-28T12:52:15+02:00,TTEMSINGLES-----------R64-001200--,TTEMSINGLES,Men's Singles,Men's Singles Round of 64,Round of 64,FINISHED,M,Table Tennis,TTE,South Paris Arena 4,1961122,WANG Eugene,Person,CAN,Canada,0,POINTS,L
3569,2024-07-28T12:52:15+02:00,TTEMSINGLES-----------R64-001200--,TTEMSINGLES,Men's Singles,Men's Singles Round of 64,Round of 64,FINISHED,M,Table Tennis,TTE,South Paris Arena 4,1931109,TOGAMI Shunsuke,Person,JPN,Japan,4,POINTS,W
4670,2024-07-28T13:21:49+02:00,TTEMSINGLES-----------R64-002700--,TTEMSINGLES,Men's Singles,Men's Singles Round of 64,Round of 64,FINISHED,M,Table Tennis,TTE,South Paris Arena 4,1902709,EL-BEIALI Mohamed,Person,EGY,Egypt,0,POINTS,L
4671,2024-07-28T13:21:49+02:00,TTEMSINGLES-----------R64-002700--,TTEMSINGLES,Men's Singles,Men's Singles Round of 64,Round of 64,FINISHED,M,Table Tennis,TTE,South Paris Arena 4,1954543,REDZIMSKI Milosz,Person,POL,Poland,4,POINTS,W
1056,2024-07-28T14:20:40+02:00,TTEMSINGLES-----------R64-000900--,TTEMSINGLES,Men's Singles,Men's Singles Round of 64,Round of 64,FINISHED,M,Table Tennis,TTE,South Paris Arena 4,1936418,JANG Woojin,Person,KOR,Korea,4,POINTS,W
1057,2024-07-28T14:20:40+02:00,TTEMSINGLES-----------R64-000900--,TTEMSINGLES,Men's Singles,Men's Singles Round of 64,Round of 64,FINISHED,M,Table Tennis,TTE,South Paris Arena 4,1550006,GONZALEZ Daniel,Person,PUR,Puerto Rico,1,POINTS,L
2849,2024-07-28T14:59:15+02:00,TTEMSINGLES-----------R64-002100--,TTEMSINGLES,Men's Singles,Men's Singles Round of 64,Round of 64,FINISHED,M,Table Tennis,TTE,South Paris Arena 4,1980863,JORGIC Darko,Person,SLO,Slovenia,4,POINTS,W
2850,2024-07-28T14:59:15+02:00,TTEMSINGLES-----------R64-002100--,TTEMSINGLES,Men's Singles,Men's Singles Round of 64,Round of 64,FINISHED,M,Table Tennis,TTE,South Paris Arena 4,1537137,QUEK Izaac,Person,SGP,Singapore,2,POINTS,L
12411,2024-07-28T20:54:05+02:00,TTEMSINGLES-----------R64-002400--,TTEMSINGLES,Men's Singles,Men's Singles Round of 64,Round of 64,FINISHED,M,Table Tennis,TTE,South Paris Arena 4,1550005,AFANADOR Brian,Person,PUR,Puerto Rico,1,POINTS,L
12412,2024-07-28T20:54:05+02:00,TTEMSINGLES-----------R64-002400--,TTEMSINGLES,Men's Singles,Men's Singles Round of 64,Round of 64,FINISHED,M,Table Tennis,TTE,South Paris Arena 4,1800795,LIN Yun-Ju,Person,TPE,Chinese Taipei,4,POINTS,W
8096,2024-07-28T20:55:20+02:00,TTEMSINGLES-----------R64-001700--,TTEMSINGLES,Men's Singles,Men's Singles Round of 64,Round of 64,FINISHED,M,Table Tennis,TTE,South Paris Arena 4,1889177,LEBRUN Felix,Person,FRA,France,4,POINTS,W
8097,2024-07-28T20:55:20+02:00,TTEMSINGLES-----------R64-001700--,TTEMSINGLES,Men's Singles,Men's Singles Round of 64,Round of 64,FINISHED,M,Table Tennis,TTE,South Paris Arena 4,1538190,DESAI Harmeet,Person,IND,India,0,POINTS,L
8086,2024-07-28T21:59:59+02:00,TTEMSINGLES-----------R64-001600--,TTEMSINGLES,Men's Singles,Men's Singles Round of 64,Round of 64,FINISHED,M,Table Tennis,TTE,South Paris Arena 4,1541369,PEREIRA Andy,Person,CUB,Cuba,0,POINTS,L
8087,2024-07-28T21:59:59+02:00,TTEMSINGLES-----------R64-001600--,TTEMSINGLES,Men's Singles,Men's Singles Round of 64,Round of 64,FINISHED,M,Table Tennis,TTE,South Paris Arena 4,1958377,CALDERANO Hugo,Person,BRA,Brazil,4,POINTS,W
6685,2024-07-28T22:00:11+02:00,TTEMSINGLES-----------R64-003000--,TTEMSINGLES,Men's Singles,Men's Singles Round of 64,Round of 64,FINISHED,M,Table Tennis,TTE,South Paris Arena 4,1961352,GIONIS Panagiotis,Person,GRE,Greece,4,POINTS,W
6686,2024-07-28T22:00:11+02:00,TTEMSINGLES-----------R64-003000--,TTEMSINGLES,Men's Singles,Men's Singles Round of 64,Round of 64,FINISHED,M,Table Tennis,TTE,South Paris Arena 4,1961108,LY Edward,Person,CAN,Canada,0,POINTS,L
3582,2024-07-28T22:38:39+02:00,TTEMSINGLES-----------R64-001300--,TTEMSINGLES,Men's Singles,Men's Singles Round of 64,Round of 64,FINISHED,M,Table Tennis,TTE,South Paris Arena 4,1889176,LEBRUN Alexis,Person,FRA,France,4,POINTS,W
3583,2024-07-28T22:38:39+02:00,TTEMSINGLES-----------R64-001300--,TTEMSINGLES,Men's Singles,Men's Singles Round of 64,Round of 64,FINISHED,M,Table Tennis,TTE,South Paris Arena 4,1541290,LORENZO Santiago,Person,ARG,Argentina,0,POINTS,L
1054,2024-07-28T22:42:26+02:00,TTEMSINGLES-----------R64-000800--,TTEMSINGLES,Men's Singles,Men's Singles Round of 64,Round of 64,FINISHED,M,Table Tennis,TTE,South Paris Arena 4,1937387,APOLONIA Tiago,Person,POR,Portugal,1,POINTS,L
1055,2024-07-28T22:42:26+02:00,TTEMSINGLES-----------R64-000800--,TTEMSINGLES,Men's Singles,Men's Singles Round of 64,Round of 64,FINISHED,M,Table Tennis,TTE,South Paris Arena 4,1542547,QIU Dang,Person,GER,Germany,4,POINTS,W
12401,2024-07-29T10:34:15+02:00,TTEMSINGLES-----------R64-002500--,TTEMSINGLES,Men's Singles,Men's Singles Round of 64,Round of 64,FINISHED,M,Table Tennis,TTE,South Paris Arena 4,1931099,HARIMOTO Tomokazu,Person,JPN,Japan,4,POINTS,W
12402,2024-07-29T10:34:15+02:00,TTEMSINGLES-----------R64-002500--,TTEMSINGLES,Men's Singles,Men's Singles Round of 64,Round of 64,FINISHED,M,Table Tennis,TTE,South Paris Arena 4,1941633,ALLEGRO Martin,Person,BEL,Belgium,0,POINTS,L
1769,2024-07-29T10:58:49+02:00,TTEMSINGLES-----------R64-001500--,TTEMSINGLES,Men's Singles,Men's Singles Round of 64,Round of 64,FINISHED,M,Table Tennis,TTE,South Paris Arena 4,1563520,ROBLES Alvaro,Person,ESP,Spain,4,POINTS,W
1770,2024-07-29T10:58:49+02:00,TTEMSINGLES-----------R64-001500--,TTEMSINGLES,Men's Singles,Men's Singles Round of 64,Round of 64,FINISHED,M,Table Tennis,TTE,South Paris Arena 4,1566426,HABESOHN Daniel,Person,AUT,Austria,2,POINTS,L
7561,2024-07-29T11:54:35+02:00,TTEMSINGLES-----------R64-002300--,TTEMSINGLES,Men's Singles,Men's Singles Round of 64,Round of 64,FINISHED,M,Table Tennis,TTE,South Paris Arena 4,1541474,IONESCU Ovidiu,Person,ROU,Romania,1,POINTS,L
7562,2024-07-29T11:54:35+02:00,TTEMSINGLES-----------R64-002300--,TTEMSINGLES,Men's Singles,Men's Singles Round of 64,Round of 64,FINISHED,M,Table Tennis,TTE,South Paris Arena 4,1565009,GACINA Andrej,Person,CRO,Croatia,4,POINTS,W
6671,2024-07-29T12:12:09+02:00,TTEMSINGLES-----------R64-003100--,TTEMSINGLES,Men's Singles,Men's Singles Round of 64,Round of 64,FINISHED,M,Table Tennis,TTE,South Paris Arena 4,1962225,WONG Chun Ting,Person,HKG,"Hong Kong, China",4,POINTS,W
6672,2024-07-29T12:12:09+02:00,TTEMSINGLES-----------R64-003100--,TTEMSINGLES,Men's Singles,Men's Singles Round of 64,Round of 64,FINISHED,M,Table Tennis,TTE,South Paris Arena 4,1962788,DIAW Ibrahima,Person,SEN,Senegal,3,POINTS,L
11034,2024-07-29T12:37:57+02:00,TTEMSINGLES-----------R64-003200--,TTEMSINGLES,Men's Singles,Men's Singles Round of 64,Round of 64,FINISHED,M,Table Tennis,TTE,South Paris Arena 4,1556084,ZHMUDENKO Yaroslav,Person,UKR,Ukraine,0,POINTS,L
11035,2024-07-29T12:37:57+02:00,TTEMSINGLES-----------R64-003200--,TTEMSINGLES,Men's Singles,Men's Singles Round of 64,Round of 64,FINISHED,M,Table Tennis,TTE,South Paris Arena 4,1902295,FAN Zhendong,Person,CHN,China,4,POINTS,W
4337,2024-07-29T12:39:14+02:00,TTEMSINGLES-----------R64-001900--,TTEMSINGLES,Men's Singles,Men's Singles Round of 64,Round of 64,FINISHED,M,Table Tennis,TTE,South Paris Arena 4,1946683,LUM Nicholas,Person,AUS,Australia,0,POINTS,L
4338,2024-07-29T12:39:14+02:00,TTEMSINGLES-----------R64-001900--,TTEMSINGLES,Men's Singles,Men's Singles Round of 64,Round of 64,FINISHED,M,Table Tennis,TTE,South Paris Arena 4,1958386,ISHIY Vitor,Person,BRA,Brazil,4,POINTS,W
7557,2024-07-29T13:28:28+02:00,TTEMSINGLES-----------R64-002200--,TTEMSINGLES,Men's Singles,Men's Singles Round of 64,Round of 64,FINISHED,M,Table Tennis,TTE,South Paris Arena 4,1897860,WU Vicky,Person,FIJ,Fiji,0,POINTS,L
7558,2024-07-29T13:28:28+02:00,TTEMSINGLES-----------R64-002200--,TTEMSINGLES,Men's Singles,Men's Singles Round of 64,Round of 64,FINISHED,M,Table Tennis,TTE,South Paris Arena 4,1544203,PITCHFORD Liam,Person,GBR,Great Britain,4,POINTS,W
8312,2024-07-29T13:44:02+02:00,TTEMSINGLES-----------R64-002800--,TTEMSINGLES,Men's Singles,Men's Singles Round of 64,Round of 64,FINISHED,M,Table Tennis,TTE,South Paris Arena 4,1879343,LIND Anders,Person,DEN,Denmark,4,POINTS,W
8313,2024-07-29T13:44:02+02:00,TTEMSINGLES-----------R64-002800--,TTEMSINGLES,Men's Singles,Men's Singles Round of 64,Round of 64,FINISHED,M,Table Tennis,TTE,South Paris Arena 4,1937383,FREITAS Marcos,Person,POR,Portugal,0,POINTS,L
8900,2024-07-29T21:01:30+02:00,TTEMSINGLES-----------R32-000900--,TTEMSINGLES,Men's Singles,Men's Singles Round of 32,Round of 32,FINISHED,M,Table Tennis,TTE,South Paris Arena 4,1889177,LEBRUN Felix,Person,FRA,France,4,POINTS,W
8901,2024-07-29T21:01:30+02:00,TTEMSINGLES-----------R32-000900--,TTEMSINGLES,Men's Singles,Men's Singles Round of 32,Round of 32,FINISHED,M,Table Tennis,TTE,South Paris Arena 4,1563381,KALLBERG Anton,Person,SWE,Sweden,2,POINTS,L
11204,2024-07-29T21:04:52+02:00,TTEMSINGLES-----------R32-000400--,TTEMSINGLES,Men's Singles,Men's Singles Round of 32,Round of 32,FINISHED,M,Table Tennis,TTE,South Paris Arena 4,1933504,GERASSIMENKO Kirill,Person,KAZ,Kazakhstan,4,POINTS,W
11205,2024-07-29T21:04:52+02:00,TTEMSINGLES-----------R32-000400--,TTEMSINGLES,Men's Singles,Men's Singles Round of 32,Round of 32,FINISHED,M,Table Tennis,TTE,South Paris Arena 4,1542547,QIU Dang,Person,GER,Germany,3,POINTS,L
9490,2024-07-29T21:59:35+02:00,TTEMSINGLES-----------R32-000300--,TTEMSINGLES,Men's Singles,Men's Singles Round of 32,Round of 32,FINISHED,M,Table Tennis,TTE,South Paris Arena 4,1902703,ASSAR Omar,Person,EGY,Egypt,4,POINTS,W
9491,2024-07-29T21:59:35+02:00,TTEMSINGLES-----------R32-000300--,TTEMSINGLES,Men's Singles,Men's Singles Round of 32,Round of 32,FINISHED,M,Table Tennis,TTE,South Paris Arena 4,1976250,MINO Alberto,Person,ECU,Ecuador,0,POINTS,L
9484,2024-07-29T22:03:41+02:00,TTEMSINGLES-----------R32-000200--,TTEMSINGLES,Men's Singles,Men's Singles Round of 32,Round of 32,FINISHED,M,Table Tennis,TTE,South Paris Arena 4,1803711,KAO Cheng-Jui,Person,TPE,Chinese Taipei,4,POINTS,W
9485,2024-07-29T22:03:41+02:00,TTEMSINGLES-----------R32-000200--,TTEMSINGLES,Men's Singles,Men's Singles Round of 32,Round of 32,FINISHED,M,Table Tennis,TTE,South Paris Arena 4,1541473,IONESCU Eduard,Person,ROU,Romania,1,POINTS,L
5514,2024-07-29T22:38:09+02:00,TTEMSINGLES-----------R32-000700--,TTEMSINGLES,Men's Singles,Men's Singles Round of 32,Round of 32,FINISHED,M,Table Tennis,TTE,South Paris Arena 4,1889176,LEBRUN Alexis,Person,FRA,France,4,POINTS,W
5515,2024-07-29T22:38:09+02:00,TTEMSINGLES-----------R32-000700--,TTEMSINGLES,Men's Singles,Men's Singles Round of 32,Round of 32,FINISHED,M,Table Tennis,TTE,South Paris Arena 4,1565008,PUCAR Tomislav,Person,CRO,Croatia,0,POINTS,L
11198,2024-07-29T23:01:35+02:00,TTEMSINGLES-----------R32-000500--,TTEMSINGLES,Men's Singles,Men's Singles Round of 32,Round of 32,FINISHED,M,Table Tennis,TTE,South Paris Arena 4,1936418,JANG Woojin,Person,KOR,Korea,4,POINTS,W
11199,2024-07-29T23:01:35+02:00,TTEMSINGLES-----------R32-000500--,TTEMSINGLES,Men's Singles,Men's Singles Round of 32,Round of 32,FINISHED,M,Table Tennis,TTE,South Paris Arena 4,1879345,GROTH Jonathan,Person,DEN,Denmark,1,POINTS,L
5488,2024-07-30T10:56:57+02:00,TTEMSINGLES-----------R32-000600--,TTEMSINGLES,Men's Singles,Men's Singles Round of 32,Round of 32,FINISHED,M,Table Tennis,TTE,South Paris Arena 4,1980867,KOZUL Deni,Person,SLO,Slovenia,2,POINTS,L
5489,2024-07-30T10:56:57+02:00,TTEMSINGLES-----------R32-000600--,TTEMSINGLES,Men's Singles,Men's Singles Round of 32,Round of 32,FINISHED,M,Table Tennis,TTE,South Paris Arena 4,1931109,TOGAMI Shunsuke,Person,JPN,Japan,4,POINTS,W
3546,2024-07-30T10:57:08+02:00,TTEMSINGLES-----------R32-001000--,TTEMSINGLES,Men's Singles,Men's Singles Round of 32,Round of 32,FINISHED,M,Table Tennis,TTE,South Paris Arena 4,1958386,ISHIY Vitor,Person,BRA,Brazil,1,POINTS,L
3547,2024-07-30T10:57:08+02:00,TTEMSINGLES-----------R32-001000--,TTEMSINGLES,Men's Singles,Men's Singles Round of 32,Round of 32,FINISHED,M,Table Tennis,TTE,South Paris Arena 4,1542541,OVTCHAROV Dimitrij,Person,GER,Germany,4,POINTS,W
12840,2024-07-30T11:50:15+02:00,TTEMSINGLES-----------R32-001200--,TTEMSINGLES,Men's Singles,Men's Singles Round of 32,Round of 32,FINISHED,M,Table Tennis,TTE,South Paris Arena 4,1565009,GACINA Andrej,Person,CRO,Croatia,0,POINTS,L
12841,2024-07-30T11:50:15+02:00,TTEMSINGLES-----------R32-001200--,TTEMSINGLES,Men's Singles,Men's Singles Round of 32,Round of 32,FINISHED,M,Table Tennis,TTE,South Paris Arena 4,1800795,LIN Yun-Ju,Person,TPE,Chinese Taipei,4,POINTS,W
8892,2024-07-30T12:01:53+02:00,TTEMSINGLES-----------R32-000800--,TTEMSINGLES,Men's Singles,Men's Singles Round of 32,Round of 32,FINISHED,M,Table Tennis,TTE,South Paris Arena 4,1563520,ROBLES Alvaro,Person,ESP,Spain,2,POINTS,L
8893,2024-07-30T12:01:53+02:00,TTEMSINGLES-----------R32-000800--,TTEMSINGLES,Men's Singles,Men's Singles Round of 32,Round of 32,FINISHED,M,Table Tennis,TTE,South Paris Arena 4,1958377,CALDERANO Hugo,Person,BRA,Brazil,4,POINTS,W
3521,2024-07-31T10:47:43+02:00,TTEMSINGLES-----------R32-001100--,TTEMSINGLES,Men's Singles,Men's Singles Round of 32,Round of 32,FINISHED,M,Table Tennis,TTE,South Paris Arena 4,1980863,JORGIC Darko,Person,SLO,Slovenia,4,POINTS,W
3522,2024-07-31T10:47:43+02:00,TTEMSINGLES-----------R32-001100--,TTEMSINGLES,Men's Singles,Men's Singles Round of 32,Round of 32,FINISHED,M,Table Tennis,TTE,South Paris Arena 4,1544203,PITCHFORD Liam,Person,GBR,Great Britain,2,POINTS,L
93,2024-07-31T11:00:59+02:00,TTEMSINGLES-----------R32-000100--,TTEMSINGLES,Men's Singles,Men's Singles Round of 32,Round of 32,FINISHED,M,Table Tennis,TTE,South Paris Arena 4,1902301,WANG Chuqin,Person,CHN,China,2,POINTS,L
94,2024-07-31T11:00:59+02:00,TTEMSINGLES-----------R32-000100--,TTEMSINGLES,Men's Singles,Men's Singles Round of 32,Round of 32,FINISHED,M,Table Tennis,TTE,South Paris Arena 4,1563390,MOREGARD Truls,Person,SWE,Sweden,4,POINTS,W
12844,2024-07-31T11:56:47+02:00,TTEMSINGLES-----------R32-001300--,TTEMSINGLES,Men's Singles,Men's Singles Round of 32,Round of 32,FINISHED,M,Table Tennis,TTE,South Paris Arena 4,1931099,HARIMOTO Tomokazu,Person,JPN,Japan,4,POINTS,W
12845,2024-07-31T11:56:47+02:00,TTEMSINGLES-----------R32-001300--,TTEMSINGLES,Men's Singles,Men's Singles Round of 32,Round of 32,FINISHED,M,Table Tennis,TTE,South Paris Arena 4,1536215,ALAMIYAN Noshad,Person,IRI,IR Iran,2,POINTS,L
8120,2024-07-31T12:04:31+02:00,TTEMSINGLES-----------R32-001400--,TTEMSINGLES,Men's Singles,Men's Singles Round of 32,Round of 32,FINISHED,M,Table Tennis,TTE,South Paris Arena 4,1954543,REDZIMSKI Milosz,Person,POL,Poland,3,POINTS,L
8121,2024-07-31T12:04:31+02:00,TTEMSINGLES-----------R32-001400--,TTEMSINGLES,Men's Singles,Men's Singles Round of 32,Round of 32,FINISHED,M,Table Tennis,TTE,South Paris Arena 4,1879343,LIND Anders,Person,DEN,Denmark,4,POINTS,W
1927,2024-07-31T12:47:14+02:00,TTEMSINGLES-----------R32-001600--,TTEMSINGLES,Men's Singles,Men's Singles Round of 32,Round of 32,FINISHED,M,Table Tennis,TTE,South Paris Arena 4,1962225,WONG Chun Ting,Person,HKG,"Hong Kong, China",1,POINTS,L
1928,2024-07-31T12:47:14+02:00,TTEMSINGLES-----------R32-001600--,TTEMSINGLES,Men's Singles,Men's Singles Round of 32,Round of 32,FINISHED,M,Table Tennis,TTE,South Paris Arena 4,1902295,FAN Zhendong,Person,CHN,China,4,POINTS,W
8110,2024-07-31T13:10:53+02:00,TTEMSINGLES-----------R32-001500--,TTEMSINGLES,Men's Singles,Men's Singles Round of 32,Round of 32,FINISHED,M,Table Tennis,TTE,South Paris Arena 4,1930828,JHA Kanak,Person,USA,United States,4,POINTS,W
8111,2024-07-31T13:10:53+02:00,TTEMSINGLES-----------R32-001500--,TTEMSINGLES,Men's Singles,Men's Singles Round of 32,Round of 32,FINISHED,M,Table Tennis,TTE,South Paris Arena 4,1961352,GIONIS Panagiotis,Person,GRE,Greece,2,POINTS,L
5534,2024-07-31T16:03:07+02:00,TTEMSINGLES-----------8FNL000200--,TTEMSINGLES,Men's Singles,Men's Singles Round of 16,Round of 16,FINISHED,M,Table Tennis,TTE,South Paris Arena 4,1902703,ASSAR Omar,Person,EGY,Egypt,4,POINTS,W
5535,2024-07-31T16:03:07+02:00,TTEMSINGLES-----------8FNL000200--,TTEMSINGLES,Men's Singles,Men's Singles Round of 16,Round of 16,FINISHED,M,Table Tennis,TTE,South Paris Arena 4,1933504,GERASSIMENKO Kirill,Person,KAZ,Kazakhstan,2,POINTS,L
287,2024-07-31T16:06:01+02:00,TTEMSINGLES-----------8FNL000500--,TTEMSINGLES,Men's Singles,Men's Singles Round of 16,Round of 16,FINISHED,M,Table Tennis,TTE,South Paris Arena 4,1889177,LEBRUN Felix,Person,FRA,France,4,POINTS,W
288,2024-07-31T16:06:01+02:00,TTEMSINGLES-----------8FNL000500--,TTEMSINGLES,Men's Singles,Men's Singles Round of 16,Round of 16,FINISHED,M,Table Tennis,TTE,South Paris Arena 4,1542541,OVTCHAROV Dimitrij,Person,GER,Germany,3,POINTS,L
312,2024-07-31T17:01:09+02:00,TTEMSINGLES-----------8FNL000400--,TTEMSINGLES,Men's Singles,Men's Singles Round of 16,Round of 16,FINISHED,M,Table Tennis,TTE,South Paris Arena 4,1889176,LEBRUN Alexis,Person,FRA,France,1,POINTS,L
313,2024-07-31T17:01:09+02:00,TTEMSINGLES-----------8FNL000400--,TTEMSINGLES,Men's Singles,Men's Singles Round of 16,Round of 16,FINISHED,M,Table Tennis,TTE,South Paris Arena 4,1958377,CALDERANO Hugo,Person,BRA,Brazil,4,POINTS,W
5542,2024-07-31T17:05:26+02:00,TTEMSINGLES-----------8FNL000300--,TTEMSINGLES,Men's Singles,Men's Singles Round of 16,Round of 16,FINISHED,M,Table Tennis,TTE,South Paris Arena 4,1936418,JANG Woojin,Person,KOR,Korea,4,POINTS,W
5543,2024-07-31T17:05:26+02:00,TTEMSINGLES-----------8FNL000300--,TTEMSINGLES,Men's Singles,Men's Singles Round of 16,Round of 16,FINISHED,M,Table Tennis,TTE,South Paris Arena 4,1931109,TOGAMI Shunsuke,Person,JPN,Japan,0,POINTS,L
9834,2024-07-31T17:48:49+02:00,TTEMSINGLES-----------8FNL000600--,TTEMSINGLES,Men's Singles,Men's Singles Round of 16,Round of 16,FINISHED,M,Table Tennis,TTE,South Paris Arena 4,1980863,JORGIC Darko,Person,SLO,Slovenia,0,POINTS,L
9835,2024-07-31T17:48:49+02:00,TTEMSINGLES-----------8FNL000600--,TTEMSINGLES,Men's Singles,Men's Singles Round of 16,Round of 16,FINISHED,M,Table Tennis,TTE,South Paris Arena 4,1800795,LIN Yun-Ju,Person,TPE,Chinese Taipei,4,POINTS,W
11367,2024-07-31T20:57:09+02:00,TTEMSINGLES-----------8FNL000100--,TTEMSINGLES,Men's Singles,Men's Singles Round of 16,Round of 16,FINISHED,M,Table Tennis,TTE,South Paris Arena 4,1563390,MOREGARD Truls,Person,SWE,Sweden,4,POINTS,W
11368,2024-07-31T20:57:09+02:00,TTEMSINGLES-----------8FNL000100--,TTEMSINGLES,Men's Singles,Men's Singles Round of 16,Round of 16,FINISHED,M,Table Tennis,TTE,South Paris Arena 4,1803711,KAO Cheng-Jui,Person,TPE,Chinese Taipei,1,POINTS,L
9849,2024-07-31T21:53:38+02:00,TTEMSINGLES-----------8FNL000700--,TTEMSINGLES,Men's Singles,Men's Singles Round of 16,Round of 16,FINISHED,M,Table Tennis,TTE,South Paris Arena 4,1931099,HARIMOTO Tomokazu,Person,JPN,Japan,4,POINTS,W
9850,2024-07-31T21:53:38+02:00,TTEMSINGLES-----------8FNL000700--,TTEMSINGLES,Men's Singles,Men's Singles Round of 16,Round of 16,FINISHED,M,Table Tennis,TTE,South Paris Arena 4,1879343,LIND Anders,Person,DEN,Denmark,1,POINTS,L
6185,2024-07-31T22:46:52+02:00,TTEMSINGLES-----------8FNL000800--,TTEMSINGLES,Men's Singles,Men's Singles Round of 16,Round of 16,FINISHED,M,Table Tennis,TTE,South Paris Arena 4,1930828,JHA Kanak,Person,USA,United States,0,POINTS,L
6186,2024-07-31T22:46:52+02:00,TTEMSINGLES-----------8FNL000800--,TTEMSINGLES,Men's Singles,Men's Singles Round of 16,Round of 16,FINISHED,M,Table Tennis,TTE,South Paris Arena 4,1902295,FAN Zhendong,Person,CHN,China,4,POINTS,W
1052,2024-08-01T11:33:55+02:00,TTEMSINGLES-----------QFNL000200--,TTEMSINGLES,Men's Singles,Men's Singles Quarterfinal,Quarterfinal,FINISHED,M,Table Tennis,TTE,South Paris Arena 4,1936418,JANG Woojin,Person,KOR,Korea,0,POINTS,L
1053,2024-08-01T11:33:55+02:00,TTEMSINGLES-----------QFNL000200--,TTEMSINGLES,Men's Singles,Men's Singles Quarterfinal,Quarterfinal,FINISHED,M,Table Tennis,TTE,South Paris Arena 4,1958377,CALDERANO Hugo,Person,BRA,Brazil,4,POINTS,W
1058,2024-08-01T16:20:20+02:00,TTEMSINGLES-----------QFNL000300--,TTEMSINGLES,Men's Singles,Men's Singles Quarterfinal,Quarterfinal,FINISHED,M,Table Tennis,TTE,South Paris Arena 4,1889177,LEBRUN Felix,Person,FRA,France,4,POINTS,W
1059,2024-08-01T16:20:20+02:00,TTEMSINGLES-----------QFNL000300--,TTEMSINGLES,Men's Singles,Men's Singles Quarterfinal,Quarterfinal,FINISHED,M,Table Tennis,TTE,South Paris Arena 4,1800795,LIN Yun-Ju,Person,TPE,Chinese Taipei,3,POINTS,L
6346,2024-08-01T18:23:55+02:00,TTEMSINGLES-----------QFNL000400--,TTEMSINGLES,Men's Singles,Men's Singles Quarterfinal,Quarterfinal,FINISHED,M,Table Tennis,TTE,South Paris Arena 4,1931099,HARIMOTO Tomokazu,Person,JPN,Japan,3,POINTS,L
6347,2024-08-01T18:23:55+02:00,TTEMSINGLES-----------QFNL000400--,TTEMSINGLES,Men's Singles,Men's Singles Quarterfinal,Quarterfinal,FINISHED,M,Table Tennis,TTE,South Paris Arena 4,1902295,FAN Zhendong,Person,CHN,China,4,POINTS,W
8711,2024-08-01T22:11:14+02:00,TTEMSINGLES-----------QFNL000100--,TTEMSINGLES,Men's Singles,Men's Singles Quarterfinal,Quarterfinal,FINISHED,M,Table Tennis,TTE,South Paris Arena 4,1563390,MOREGARD Truls,Person,SWE,Sweden,4,POINTS,W
8712,2024-08-01T22:11:14+02:00,TTEMSINGLES-----------QFNL000100--,TTEMSINGLES,Men's Singles,Men's Singles Quarterfinal,Quarterfinal,FINISHED,M,Table Tennis,TTE,South Paris Arena 4,1902703,ASSAR Omar,Person,EGY,Egypt,1,POINTS,L
11697,2024-08-02T11:38:43+02:00,TTEMSINGLES-----------SFNL000200--,TTEMSINGLES,Men's Singles,Men's Singles Semifinal,Semifinal,FINISHED,M,Table Tennis,TTE,South Paris Arena 4,1889177,LEBRUN Felix,Person,FRA,France,0,POINTS,L
11698,2024-08-02T11:38:43+02:00,TTEMSINGLES-----------SFNL000200--,TTEMSINGLES,Men's Singles,Men's Singles Semifinal,Semifinal,FINISHED,M,Table Tennis,TTE,South Paris Arena 4,1902295,FAN Zhendong,Person,CHN,China,4,POINTS,W
5945,2024-08-02T15:44:13+02:00,TTEMSINGLES-----------SFNL000100--,TTEMSINGLES,Men's Singles,Men's Singles Semifinal,Semifinal,FINISHED,M,Table Tennis,TTE,South Paris Arena 4,1563390,MOREGARD Truls,Person,SWE,Sweden,4,POINTS,W
5946,2024-08-02T15:44:13+02:00,TTEMSINGLES-----------SFNL000100--,TTEMSINGLES,Men's Singles,Men's Singles Semifinal,Semifinal,FINISHED,M,Table Tennis,TTE,South Paris Arena 4,1958377,CALDERANO Hugo,Person,BRA,Brazil,2,POINTS,L
11494,2024-08-04T14:05:34+02:00,TTEMSINGLES-----------FNL-000200--,TTEMSINGLES,Men's Singles,Men's Singles Bronze Medal Match,Bronze Medal Match,FINISHED,M,Table Tennis,TTE,South Paris Arena 4,1958377,CALDERANO Hugo,Person,BRA,Brazil,0,POINTS,L
11495,2024-08-04T14:05:34+02:00,TTEMSINGLES-----------FNL-000200--,TTEMSINGLES,Men's Singles,Men's Singles Bronze Medal Match,Bronze Medal Match,FINISHED,M,Table Tennis,TTE,South Paris Arena 4,1889177,LEBRUN Felix,Person,FRA,France,4,POINTS,W
5735,2024-08-04T15:25:11+02:00,TTEMSINGLES-----------FNL-000100--,TTEMSINGLES,Men's Singles,Men's Singles Gold Medal Match,Gold Medal Match,FINISHED,M,Table Tennis,TTE,South Paris Arena 4,1563390,MOREGARD Truls,Person,SWE,Sweden,1,POINTS,L
5736,2024-08-04T15:25:11+02:00,TTEMSINGLES-----------FNL-000100--,TTEMSINGLES,Men's Singles,Men's Singles Gold Medal Match,Gold Medal Match,FINISHED,M,Table Tennis,TTE,South Paris Arena 4,1902295,FAN Zhendong,Person,CHN,China,4,POINTS,W
8090,2024-07-27T17:19:12+02:00,TTEXDOUBLES-----------8FNL000100--,TTEXDOUBLES,Mixed Doubles,Mixed Doubles Round of 16,Round of 16,FINISHED,X,Table Tennis,TTE,South Paris Arena 4,TTEXDOUBLES-CHN01,WANG Chuqin / SUN Yingsha,Team,CHN,China,4,POINTS,W
8091,2024-07-27T17:19:12+02:00,TTEXDOUBLES-----------8FNL000100--,TTEXDOUBLES,Mixed Doubles,Mixed Doubles Round of 16,Round of 16,FINISHED,X,Table Tennis,TTE,South Paris Arena 4,TTEXDOUBLES-EGY01,ASSAR Omar / MESHREF Dina,Team,EGY,Egypt,0,POINTS,L
1775,2024-07-27T17:26:06+02:00,TTEXDOUBLES-----------8FNL000300--,TTEXDOUBLES,Mixed Doubles,Mixed Doubles Round of 16,Round of 16,FINISHED,X,Table Tennis,TTE,South Paris Arena 4,TTEXDOUBLES-ROU01,IONESCU Ovidiu / SZOCS Bernadette,Team,ROU,Romania,4,POINTS,W
1776,2024-07-27T17:26:06+02:00,TTEXDOUBLES-----------8FNL000300--,TTEXDOUBLES,Mixed Doubles,Mixed Doubles Round of 16,Round of 16,FINISHED,X,Table Tennis,TTE,South Paris Arena 4,TTEXDOUBLES-AUS01,LUM Nicholas / JEE Minhyung,Team,AUS,Australia,1,POINTS,L
3574,2024-07-27T17:26:10+02:00,TTEXDOUBLES-----------8FNL000400--,TTEXDOUBLES,Mixed Doubles,Mixed Doubles Round of 16,Round of 16,FINISHED,X,Table Tennis,TTE,South Paris Arena 4,TTEXDOUBLES-GER01,QIU Dang / MITTELHAM Nina,Team,GER,Germany,0,POINTS,L
3575,2024-07-27T17:26:10+02:00,TTEXDOUBLES-----------8FNL000400--,TTEXDOUBLES,Mixed Doubles,Mixed Doubles Round of 16,Round of 16,FINISHED,X,Table Tennis,TTE,South Paris Arena 4,TTEXDOUBLES-KOR01,LIM Jonghoon / SHIN Yubin,Team,KOR,Korea,4,POINTS,W
2551,2024-07-27T17:35:49+02:00,TTEXDOUBLES-----------8FNL000800--,TTEXDOUBLES,Mixed Doubles,Mixed Doubles Round of 16,Round of 16,FINISHED,X,Table Tennis,TTE,South Paris Arena 4,TTEXDOUBLES-PRK01,RI Jong Sik / KIM Kum Yong,Team,PRK,DPR Korea,4,POINTS,W
2552,2024-07-27T17:35:49+02:00,TTEXDOUBLES-----------8FNL000800--,TTEXDOUBLES,Mixed Doubles,Mixed Doubles Round of 16,Round of 16,FINISHED,X,Table Tennis,TTE,South Paris Arena 4,TTEXDOUBLES-JPN01,HARIMOTO Tomokazu / HAYATA Hina,Team,JPN,Japan,1,POINTS,L
12986,2024-07-27T18:24:06+02:00,TTEXDOUBLES-----------8FNL000700--,TTEXDOUBLES,Mixed Doubles,Mixed Doubles Round of 16,Round of 16,FINISHED,X,Table Tennis,TTE,South Paris Arena 4,TTEXDOUBLES-SWE01,KARLSSON Kristian / KALLBERG Christina,Team,SWE,Sweden,4,POINTS,W
12987,2024-07-27T18:24:06+02:00,TTEXDOUBLES-----------8FNL000700--,TTEXDOUBLES,Mixed Doubles,Mixed Doubles Round of 16,Round of 16,FINISHED,X,Table Tennis,TTE,South Paris Arena 4,TTEXDOUBLES-CUB01,CAMPOS Jorge / FONSECA Daniela,Team,CUB,Cuba,1,POINTS,L
3562,2024-07-27T18:24:13+02:00,TTEXDOUBLES-----------8FNL000500--,TTEXDOUBLES,Mixed Doubles,Mixed Doubles Round of 16,Round of 16,FINISHED,X,Table Tennis,TTE,South Paris Arena 4,TTEXDOUBLES-HKG01,WONG Chun Ting / DOO Hoi Kem,Team,HKG,"Hong Kong, China",4,POINTS,W
3563,2024-07-27T18:24:13+02:00,TTEXDOUBLES-----------8FNL000500--,TTEXDOUBLES,Mixed Doubles,Mixed Doubles Round of 16,Round of 16,FINISHED,X,Table Tennis,TTE,South Paris Arena 4,TTEXDOUBLES-HUN01,ECSEKI Nandor / MADARASZ Dora,Team,HUN,Hungary,1,POINTS,L
1763,2024-07-27T18:34:06+02:00,TTEXDOUBLES-----------8FNL000200--,TTEXDOUBLES,Mixed Doubles,Mixed Doubles Round of 16,Round of 16,FINISHED,X,Table Tennis,TTE,South Paris Arena 4,TTEXDOUBLES-FRA01,LEBRUN Alexis / YUAN Jia Nan,Team,FRA,France,2,POINTS,L
1764,2024-07-27T18:34:06+02:00,TTEXDOUBLES-----------8FNL000200--,TTEXDOUBLES,Mixed Doubles,Mixed Doubles Round of 16,Round of 16,FINISHED,X,Table Tennis,TTE,South Paris Arena 4,TTEXDOUBLES-TPE01,LIN Yun-Ju / CHEN Szu-Yu,Team,TPE,Chinese Taipei,4,POINTS,W
12976,2024-07-27T18:34:11+02:00,TTEXDOUBLES-----------8FNL000600--,TTEXDOUBLES,Mixed Doubles,Mixed Doubles Round of 16,Round of 16,FINISHED,X,Table Tennis,TTE,South Paris Arena 4,TTEXDOUBLES-BRA01,ISHIY Vitor / TAKAHASHI Bruna,Team,BRA,Brazil,2,POINTS,L
12977,2024-07-27T18:34:11+02:00,TTEXDOUBLES-----------8FNL000600--,TTEXDOUBLES,Mixed Doubles,Mixed Doubles Round of 16,Round of 16,FINISHED,X,Table Tennis,TTE,South Paris Arena 4,TTEXDOUBLES-ESP01,ROBLES Alvaro / XIAO Maria,Team,ESP,Spain,4,POINTS,W
2740,2024-07-28T16:49:52+02:00,TTEXDOUBLES-----------QFNL000400--,TTEXDOUBLES,Mixed Doubles,Mixed Doubles Quarterfinal,Quarterfinal 4,FINISHED,X,Table Tennis,TTE,South Paris Arena 4,TTEXDOUBLES-SWE01,KARLSSON Kristian / KALLBERG Christina,Team,SWE,Sweden,1,POINTS,L
2741,2024-07-28T16:49:52+02:00,TTEXDOUBLES-----------QFNL000400--,TTEXDOUBLES,Mixed Doubles,Mixed Doubles Quarterfinal,Quarterfinal 4,FINISHED,X,Table Tennis,TTE,South Paris Arena 4,TTEXDOUBLES-PRK01,RI Jong Sik / KIM Kum Yong,Team,PRK,DPR Korea,4,POINTS,W
4456,2024-07-28T16:51:40+02:00,TTEXDOUBLES-----------QFNL000200--,TTEXDOUBLES,Mixed Doubles,Mixed Doubles Quarterfinal,Quarterfinal 2,FINISHED,X,Table Tennis,TTE,South Paris Arena 4,TTEXDOUBLES-ROU01,IONESCU Ovidiu / SZOCS Bernadette,Team,ROU,Romania,0,POINTS,L
4457,2024-07-28T16:51:40+02:00,TTEXDOUBLES-----------QFNL000200--,TTEXDOUBLES,Mixed Doubles,Mixed Doubles Quarterfinal,Quarterfinal 2,FINISHED,X,Table Tennis,TTE,South Paris Arena 4,TTEXDOUBLES-KOR01,LIM Jonghoon / SHIN Yubin,Team,KOR,Korea,4,POINTS,W
4466,2024-07-28T17:58:26+02:00,TTEXDOUBLES-----------QFNL000300--,TTEXDOUBLES,Mixed Doubles,Mixed Doubles Quarterfinal,Quarterfinal 3,FINISHED,X,Table Tennis,TTE,South Paris Arena 4,TTEXDOUBLES-HKG01,WONG Chun Ting / DOO Hoi Kem,Team,HKG,"Hong Kong, China",4,POINTS,W
4467,2024-07-28T17:58:26+02:00,TTEXDOUBLES-----------QFNL000300--,TTEXDOUBLES,Mixed Doubles,Mixed Doubles Quarterfinal,Quarterfinal 3,FINISHED,X,Table Tennis,TTE,South Paris Arena 4,TTEXDOUBLES-ESP01,ROBLES Alvaro / XIAO Maria,Team,ESP,Spain,2,POINTS,L
12168,2024-07-28T18:06:39+02:00,TTEXDOUBLES-----------QFNL000100--,TTEXDOUBLES,Mixed Doubles,Mixed Doubles Quarterfinal,Quarterfinal 1,FINISHED,X,Table Tennis,TTE,South Paris Arena 4,TTEXDOUBLES-CHN01,WANG Chuqin / SUN Yingsha,Team,CHN,China,4,POINTS,W
12169,2024-07-28T18:06:39+02:00,TTEXDOUBLES-----------QFNL000100--,TTEXDOUBLES,Mixed Doubles,Mixed Doubles Quarterfinal,Quarterfinal 1,FINISHED,X,Table Tennis,TTE,South Paris Arena 4,TTEXDOUBLES-TPE01,LIN Yun-Ju / CHEN Szu-Yu,Team,TPE,Chinese Taipei,2,POINTS,L
8280,2024-07-29T17:11:39+02:00,TTEXDOUBLES-----------SFNL000200--,TTEXDOUBLES,Mixed Doubles,Mixed Doubles Semifinal,Semifinal,FINISHED,X,Table Tennis,TTE,South Paris Arena 4,TTEXDOUBLES-HKG01,WONG Chun Ting / DOO Hoi Kem,Team,HKG,"Hong Kong, China",3,POINTS,L
8281,2024-07-29T17:11:39+02:00,TTEXDOUBLES-----------SFNL000200--,TTEXDOUBLES,Mixed Doubles,Mixed Doubles Semifinal,Semifinal,FINISHED,X,Table Tennis,TTE,South Paris Arena 4,TTEXDOUBLES-PRK01,RI Jong Sik / KIM Kum Yong,Team,PRK,DPR Korea,4,POINTS,W
2169,2024-07-29T18:24:58+02:00,TTEXDOUBLES-----------SFNL000100--,TTEXDOUBLES,Mixed Doubles,Mixed Doubles Semifinal,Semifinal,FINISHED,X,Table Tennis,TTE,South Paris Arena 4,TTEXDOUBLES-CHN01,WANG Chuqin / SUN Yingsha,Team,CHN,China,4,POINTS,W
2170,2024-07-29T18:24:58+02:00,TTEXDOUBLES-----------SFNL000100--,TTEXDOUBLES,Mixed Doubles,Mixed Doubles Semifinal,Semifinal,FINISHED,X,Table Tennis,TTE,South Paris Arena 4,TTEXDOUBLES-KOR01,LIM Jonghoon / SHIN Yubin,Team,KOR,Korea,2,POINTS,L
8158,2024-07-30T14:24:24+02:00,TTEXDOUBLES-----------FNL-000200--,TTEXDOUBLES,Mixed Doubles,Mixed Doubles Bronze Medal Match,Bronze Medal Match,FINISHED,X,Table Tennis,TTE,South Paris Arena 4,TTEXDOUBLES-KOR01,LIM Jonghoon / SHIN Yubin,Team,KOR,Korea,4,POINTS,W
8159,2024-07-30T14:24:24+02:00,TTEXDOUBLES-----------FNL-000200--,TTEXDOUBLES,Mixed Doubles,Mixed Doubles Bronze Medal Match,Bronze Medal Match,FINISHED,X,Table Tennis,TTE,South Paris Arena 4,TTEXDOUBLES-HKG01,WONG Chun Ting / DOO Hoi Kem,Team,HKG,"Hong Kong, China",0,POINTS,L
2047,2024-07-30T15:38:43+02:00,TTEXDOUBLES-----------FNL-000100--,TTEXDOUBLES,Mixed Doubles,Mixed Doubles Gold Medal Match,Gold Medal Match,FINISHED,X,Table Tennis,TTE,South Paris Arena 4,TTEXDOUBLES-CHN01,WANG Chuqin / SUN Yingsha,Team,CHN,China,4,POINTS,W
2048,2024-07-30T15:38:43+02:00,TTEXDOUBLES-----------FNL-000100--,TTEXDOUBLES,Mixed Doubles,Mixed Doubles Gold Medal Match,Gold Medal Match,FINISHED,X,Table Tennis,TTE,South Paris Arena 4,TTEXDOUBLES-PRK01,RI Jong Sik / KIM Kum Yong,Team,PRK,DPR Korea,2,POINTS,L
12810,2024-07-27T15:34:54+02:00,TTEWSINGLES-----------R128006200--,TTEWSINGLES,Women's Singles,Women's Singles Preliminary Round,Preliminary Round,FINISHED,W,Table Tennis,TTE,South Paris Arena 4,1954539,WEGRZYN Katarzyna,Person,POL,Poland,4,POINTS,W
12811,2024-07-27T15:34:54+02:00,TTEWSINGLES-----------R128006200--,TTEWSINGLES,Women's Singles,Women's Singles Preliminary Round,Preliminary Round,FINISHED,W,Table Tennis,TTE,South Paris Arena 4,1562136,ALI Fathimath,Person,MDV,Maldives,0,POINTS,L
13473,2024-07-27T15:40:56+02:00,TTEWSINGLES-----------R128001500--,TTEWSINGLES,Women's Singles,Women's Singles Preliminary Round,Preliminary Round,FINISHED,W,Table Tennis,TTE,South Paris Arena 4,1949834,HANFFOU Sarah,Person,CMR,Cameroon,4,POINTS,W
13474,2024-07-27T15:40:56+02:00,TTEWSINGLES-----------R128001500--,TTEWSINGLES,Women's Singles,Women's Singles Preliminary Round,Preliminary Round,FINISHED,W,Table Tennis,TTE,South Paris Arena 4,1538059,EDGHILL Chelsea,Person,GUY,Guyana,1,POINTS,L
147,2024-07-27T16:45:46+02:00,TTEWSINGLES-----------R128003800--,TTEWSINGLES,Women's Singles,Women's Singles Preliminary Round,Preliminary Round,FINISHED,W,Table Tennis,TTE,South Paris Arena 4,1937626,ZENG Zhiying,Person,CHI,Chile,1,POINTS,L
148,2024-07-27T16:45:46+02:00,TTEWSINGLES-----------R128003800--,TTEWSINGLES,Women's Singles,Women's Singles Preliminary Round,Preliminary Round,FINISHED,W,Table Tennis,TTE,South Paris Arena 4,1969562,SAHAKIAN Mariana,Person,LBN,Lebanon,4,POINTS,W
7200,2024-07-27T20:35:19+02:00,TTEWSINGLES-----------R64-001000--,TTEWSINGLES,Women's Singles,Women's Singles Round of 64,Round of 64,FINISHED,W,Table Tennis,TTE,South Paris Arena 4,1542954,TOMMY Priscilla,Person,VAN,Vanuatu,0,POINTS,L
7201,2024-07-27T20:35:19+02:00,TTEWSINGLES-----------R64-001000--,TTEWSINGLES,Women's Singles,Women's Singles Round of 64,Round of 64,FINISHED,W,Table Tennis,TTE,South Paris Arena 4,1930833,WANG Amy,Person,USA,United States,4,POINTS,W
8630,2024-07-27T21:00:38+02:00,TTEWSINGLES-----------R64-000700--,TTEWSINGLES,Women's Singles,Women's Singles Round of 64,Round of 64,FINISHED,W,Table Tennis,TTE,South Paris Arena 4,1541477,SAMARA Elizabeta,Person,ROU,Romania,4,POINTS,W
8631,2024-07-27T21:00:38+02:00,TTEWSINGLES-----------R64-000700--,TTEWSINGLES,Women's Singles,Women's Singles Round of 64,Round of 64,FINISHED,W,Table Tennis,TTE,South Paris Arena 4,1556083,BRATEYKO Solomiya,Person,UKR,Ukraine,3,POINTS,L
5576,2024-07-27T21:22:44+02:00,TTEWSINGLES-----------R64-000900--,TTEWSINGLES,Women's Singles,Women's Singles Round of 64,Round of 64,FINISHED,W,Table Tennis,TTE,South Paris Arena 4,1550011,DIAZ Adriana,Person,PUR,Puerto Rico,4,POINTS,W
5577,2024-07-27T21:22:44+02:00,TTEWSINGLES-----------R64-000900--,TTEWSINGLES,Women's Singles,Women's Singles Round of 64,Round of 64,FINISHED,W,Table Tennis,TTE,South Paris Arena 4,1956306,LUPULESKU Izabela,Person,SRB,Serbia,0,POINTS,L
564,2024-07-27T21:36:11+02:00,TTEWSINGLES-----------R64-003000--,TTEWSINGLES,Women's Singles,Women's Singles Round of 64,Round of 64,FINISHED,W,Table Tennis,TTE,South Paris Arena 4,1966925,EERLAND Britt,Person,NED,Netherlands,4,POINTS,W
565,2024-07-27T21:36:11+02:00,TTEWSINGLES-----------R64-003000--,TTEWSINGLES,Women's Singles,Women's Singles Round of 64,Round of 64,FINISHED,W,Table Tennis,TTE,South Paris Arena 4,1902842,GODA Hana,Person,EGY,Egypt,0,POINTS,L
3897,2024-07-27T22:29:15+02:00,TTEWSINGLES-----------R64-002100--,TTEWSINGLES,Women's Singles,Women's Singles Round of 64,Round of 64,FINISHED,W,Table Tennis,TTE,South Paris Arena 4,1889188,PAVADE Prithika,Person,FRA,France,4,POINTS,W
3898,2024-07-27T22:29:15+02:00,TTEWSINGLES-----------R64-002100--,TTEWSINGLES,Women's Singles,Women's Singles Round of 64,Round of 64,FINISHED,W,Table Tennis,TTE,South Paris Arena 4,1536624,SHAHSAVARI Neda,Person,IRI,IR Iran,1,POINTS,L
2127,2024-07-27T22:42:59+02:00,TTEWSINGLES-----------R64-002700--,TTEWSINGLES,Women's Singles,Women's Singles Round of 64,Round of 64,FINISHED,W,Table Tennis,TTE,South Paris Arena 4,1937380,SHAO Jieni,Person,POR,Portugal,4,POINTS,W
2128,2024-07-27T22:42:59+02:00,TTEWSINGLES-----------R64-002700--,TTEWSINGLES,Women's Singles,Women's Singles Round of 64,Round of 64,FINISHED,W,Table Tennis,TTE,South Paris Arena 4,1570615,de NUTTE Sarah,Person,LUX,Luxembourg,2,POINTS,L
6142,2024-07-27T23:32:22+02:00,TTEWSINGLES-----------R64-000200--,TTEWSINGLES,Women's Singles,Women's Singles Round of 64,Round of 64,FINISHED,W,Table Tennis,TTE,South Paris Arena 4,1570290,ALTINKAYA Sibel,Person,TUR,TÃ¼rkiye,2,POINTS,L
6143,2024-07-27T23:32:22+02:00,TTEWSINGLES-----------R64-000200--,TTEWSINGLES,Women's Singles,Women's Singles Round of 64,Round of 64,FINISHED,W,Table Tennis,TTE,South Paris Arena 4,1570623,NI Xia Lian,Person,LUX,Luxembourg,4,POINTS,W
1699,2024-07-27T23:35:49+02:00,TTEWSINGLES-----------R64-001800--,TTEWSINGLES,Women's Singles,Women's Singles Round of 64,Round of 64,FINISHED,W,Table Tennis,TTE,South Paris Arena 4,1949792,POTA Georgina,Person,HUN,Hungary,4,POINTS,W
1700,2024-07-27T23:35:49+02:00,TTEWSINGLES-----------R64-001800--,TTEWSINGLES,Women's Singles,Women's Singles Round of 64,Round of 64,FINISHED,W,Table Tennis,TTE,South Paris Arena 4,1542543,SHAN Xiaona,Person,GER,Germany,3,POINTS,L
10365,2024-07-28T10:36:09+02:00,TTEWSINGLES-----------R64-000100--,TTEWSINGLES,Women's Singles,Women's Singles Round of 64,Round of 64,FINISHED,W,Table Tennis,TTE,South Paris Arena 4,1902313,SUN Yingsha,Person,CHN,China,4,POINTS,W
10366,2024-07-28T10:36:09+02:00,TTEWSINGLES-----------R64-000100--,TTEWSINGLES,Women's Singles,Women's Singles Round of 64,Round of 64,FINISHED,W,Table Tennis,TTE,South Paris Arena 4,1958374,TAKAHASHI Giulia,Person,BRA,Brazil,0,POINTS,L
8246,2024-07-28T10:51:00+02:00,TTEWSINGLES-----------R64-002500--,TTEWSINGLES,Women's Singles,Women's Singles Round of 64,Round of 64,FINISHED,W,Table Tennis,TTE,South Paris Arena 4,1541478,SZOCS Bernadette,Person,ROU,Romania,4,POINTS,W
8247,2024-07-28T10:51:00+02:00,TTEWSINGLES-----------R64-002500--,TTEWSINGLES,Women's Singles,Women's Singles Round of 64,Round of 64,FINISHED,W,Table Tennis,TTE,South Paris Arena 4,1560280,ZHOU Jingyi,Person,SGP,Singapore,1,POINTS,L
951,2024-07-28T11:35:53+02:00,TTEWSINGLES-----------R64-000400--,TTEWSINGLES,Women's Singles,Women's Singles Round of 64,Round of 64,FINISHED,W,Table Tennis,TTE,South Paris Arena 4,1563383,KALLBERG Christina,Person,SWE,Sweden,0,POINTS,L
952,2024-07-28T11:35:53+02:00,TTEWSINGLES-----------R64-000400--,TTEWSINGLES,Women's Singles,Women's Singles Round of 64,Round of 64,FINISHED,W,Table Tennis,TTE,South Paris Arena 4,1538136,AKULA Sreeja,Person,IND,India,4,POINTS,W
7227,2024-07-28T11:41:45+02:00,TTEWSINGLES-----------R64-001100--,TTEWSINGLES,Women's Singles,Women's Singles Round of 64,Round of 64,FINISHED,W,Table Tennis,TTE,South Paris Arena 4,1962227,DOO Hoi Kem,Person,HKG,"Hong Kong, China",1,POINTS,L
7228,2024-07-28T11:41:45+02:00,TTEWSINGLES-----------R64-001100--,TTEWSINGLES,Women's Singles,Women's Singles Round of 64,Round of 64,FINISHED,W,Table Tennis,TTE,South Paris Arena 4,1980141,PYON Song Gyong,Person,PRK,DPR Korea,4,POINTS,W
12277,2024-07-28T12:04:29+02:00,TTEWSINGLES-----------R64-001600--,TTEWSINGLES,Women's Singles,Women's Singles Round of 64,Round of 64,FINISHED,W,Table Tennis,TTE,South Paris Arena 4,1929749,VIVARELLI Debora,Person,ITA,Italy,0,POINTS,L
12278,2024-07-28T12:04:29+02:00,TTEWSINGLES-----------R64-001600--,TTEWSINGLES,Women's Singles,Women's Singles Round of 64,Round of 64,FINISHED,W,Table Tennis,TTE,South Paris Arena 4,1931100,HAYATA Hina,Person,JPN,Japan,4,POINTS,W
2131,2024-07-28T12:41:40+02:00,TTEWSINGLES-----------R64-002600--,TTEWSINGLES,Women's Singles,Women's Singles Round of 64,Round of 64,FINISHED,W,Table Tennis,TTE,South Paris Arena 4,1556082,PESOTSKA Margaryta,Person,UKR,Ukraine,4,POINTS,W
2132,2024-07-28T12:41:40+02:00,TTEWSINGLES-----------R64-002600--,TTEWSINGLES,Women's Singles,Women's Singles Round of 64,Round of 64,FINISHED,W,Table Tennis,TTE,South Paris Arena 4,1895281,PARANANG Orawan,Person,THA,Thailand,3,POINTS,L
957,2024-07-28T13:24:41+02:00,TTEWSINGLES-----------R64-000500--,TTEWSINGLES,Women's Singles,Women's Singles Round of 64,Round of 64,FINISHED,W,Table Tennis,TTE,South Paris Arena 4,1936419,JEON Jihee,Person,KOR,Korea,0,POINTS,L
958,2024-07-28T13:24:41+02:00,TTEWSINGLES-----------R64-000500--,TTEWSINGLES,Women's Singles,Women's Singles Round of 64,Round of 64,FINISHED,W,Table Tennis,TTE,South Paris Arena 4,1937378,YU Fu,Person,POR,Portugal,4,POINTS,W
13069,2024-07-28T13:46:38+02:00,TTEWSINGLES-----------R64-002200--,TTEWSINGLES,Women's Singles,Women's Singles Round of 64,Round of 64,FINISHED,W,Table Tennis,TTE,South Paris Arena 4,1544200,HURSEY Anna,Person,GBR,Great Britain,1,POINTS,L
13070,2024-07-28T13:46:38+02:00,TTEWSINGLES-----------R64-002200--,TTEWSINGLES,Women's Singles,Women's Singles Round of 64,Round of 64,FINISHED,W,Table Tennis,TTE,South Paris Arena 4,1538096,BATRA Manika,Person,IND,India,4,POINTS,W
5596,2024-07-28T14:08:50+02:00,TTEWSINGLES-----------R64-000800--,TTEWSINGLES,Women's Singles,Women's Singles Round of 64,Round of 64,FINISHED,W,Table Tennis,TTE,South Paris Arena 4,1949834,HANFFOU Sarah,Person,CMR,Cameroon,0,POINTS,L
5597,2024-07-28T14:08:50+02:00,TTEWSINGLES-----------R64-000800--,TTEWSINGLES,Women's Singles,Women's Singles Round of 64,Round of 64,FINISHED,W,Table Tennis,TTE,South Paris Arena 4,1812512,CHENG I-Ching,Person,TPE,Chinese Taipei,4,POINTS,W
6134,2024-07-28T14:08:54+02:00,TTEWSINGLES-----------R64-000300--,TTEWSINGLES,Women's Singles,Women's Singles Round of 64,Round of 64,FINISHED,W,Table Tennis,TTE,South Paris Arena 4,1537135,ZENG Jian,Person,SGP,Singapore,4,POINTS,W
6135,2024-07-28T14:08:54+02:00,TTEWSINGLES-----------R64-000300--,TTEWSINGLES,Women's Singles,Women's Singles Round of 64,Round of 64,FINISHED,W,Table Tennis,TTE,South Paris Arena 4,1565013,MALOBABIC Ivana,Person,CRO,Croatia,3,POINTS,L
1691,2024-07-28T20:29:29+02:00,TTEWSINGLES-----------R64-001900--,TTEWSINGLES,Women's Singles,Women's Singles Round of 64,Round of 64,FINISHED,W,Table Tennis,TTE,South Paris Arena 4,1930826,ZHANG Lily,Person,USA,United States,4,POINTS,W
1692,2024-07-28T20:29:29+02:00,TTEWSINGLES-----------R64-001900--,TTEWSINGLES,Women's Singles,Women's Singles Round of 64,Round of 64,FINISHED,W,Table Tennis,TTE,South Paris Arena 4,1969562,SAHAKIAN Mariana,Person,LBN,Lebanon,0,POINTS,L
4571,2024-07-28T20:34:00+02:00,TTEWSINGLES-----------R64-001400--,TTEWSINGLES,Women's Singles,Women's Singles Round of 64,Round of 64,FINISHED,W,Table Tennis,TTE,South Paris Arena 4,1937617,VEGA Paulina,Person,CHI,Chile,0,POINTS,L
4572,2024-07-28T20:34:00+02:00,TTEWSINGLES-----------R64-001400--,TTEWSINGLES,Women's Singles,Women's Singles Round of 64,Round of 64,FINISHED,W,Table Tennis,TTE,South Paris Arena 4,1961112,ZHANG Mo,Person,CAN,Canada,4,POINTS,W
12691,2024-07-28T21:59:44+02:00,TTEWSINGLES-----------R64-002900--,TTEWSINGLES,Women's Singles,Women's Singles Round of 64,Round of 64,FINISHED,W,Table Tennis,TTE,South Paris Arena 4,1552575,YANG Xiaoxin,Person,MON,Monaco,2,POINTS,L
12692,2024-07-28T21:59:44+02:00,TTEWSINGLES-----------R64-002900--,TTEWSINGLES,Women's Singles,Women's Singles Round of 64,Round of 64,FINISHED,W,Table Tennis,TTE,South Paris Arena 4,1963031,MATELOVA Hana,Person,CZE,Czechia,4,POINTS,W
12693,2024-07-28T22:00:03+02:00,TTEWSINGLES-----------R64-002800--,TTEWSINGLES,Women's Singles,Women's Singles Round of 64,Round of 64,FINISHED,W,Table Tennis,TTE,South Paris Arena 4,1544310,COSSIO ACEVES Arantxa,Person,MEX,Mexico,0,POINTS,L
12694,2024-07-28T22:00:03+02:00,TTEWSINGLES-----------R64-002800--,TTEWSINGLES,Women's Singles,Women's Singles Round of 64,Round of 64,FINISHED,W,Table Tennis,TTE,South Paris Arena 4,1566431,POLCANOVA Sofia,Person,AUT,Austria,4,POINTS,W
3875,2024-07-28T22:38:42+02:00,TTEWSINGLES-----------R64-002000--,TTEWSINGLES,Women's Singles,Women's Singles Round of 64,Round of 64,FINISHED,W,Table Tennis,TTE,South Paris Arena 4,1941562,EDEM Offiong,Person,NGR,Nigeria,0,POINTS,L
3876,2024-07-28T22:38:42+02:00,TTEWSINGLES-----------R64-002000--,TTEWSINGLES,Women's Singles,Women's Singles Round of 64,Round of 64,FINISHED,W,Table Tennis,TTE,South Paris Arena 4,1958369,TAKAHASHI Bruna,Person,BRA,Brazil,4,POINTS,W
4579,2024-07-28T22:39:27+02:00,TTEWSINGLES-----------R64-001500--,TTEWSINGLES,Women's Singles,Women's Singles Round of 64,Round of 64,FINISHED,W,Table Tennis,TTE,South Paris Arena 4,1902793,MESHREF Dina,Person,EGY,Egypt,4,POINTS,W
4580,2024-07-28T22:39:27+02:00,TTEWSINGLES-----------R64-001500--,TTEWSINGLES,Women's Singles,Women's Singles Round of 64,Round of 64,FINISHED,W,Table Tennis,TTE,South Paris Arena 4,1563521,XIAO Maria,Person,ESP,Spain,1,POINTS,L
2639,2024-07-29T10:34:19+02:00,TTEWSINGLES-----------R64-001300--,TTEWSINGLES,Women's Singles,Women's Singles Round of 64,Round of 64,FINISHED,W,Table Tennis,TTE,South Paris Arena 4,1889187,YUAN Jia Nan,Person,FRA,France,4,POINTS,W
2640,2024-07-29T10:34:19+02:00,TTEWSINGLES-----------R64-001300--,TTEWSINGLES,Women's Singles,Women's Singles Round of 64,Round of 64,FINISHED,W,Table Tennis,TTE,South Paris Arena 4,1941636,BELLO Fatimo,Person,NGR,Nigeria,0,POINTS,L
2651,2024-07-29T10:43:35+02:00,TTEWSINGLES-----------R64-001200--,TTEWSINGLES,Women's Singles,Women's Singles Round of 64,Round of 64,FINISHED,W,Table Tennis,TTE,South Paris Arena 4,1968312,JEE Minhyung,Person,AUS,Australia,0,POINTS,L
2652,2024-07-29T10:43:35+02:00,TTEWSINGLES-----------R64-001200--,TTEWSINGLES,Women's Singles,Women's Singles Round of 64,Round of 64,FINISHED,W,Table Tennis,TTE,South Paris Arena 4,1542549,MITTELHAM Nina,Person,GER,Germany,4,POINTS,W
12250,2024-07-29T11:40:36+02:00,TTEWSINGLES-----------R64-001700--,TTEWSINGLES,Women's Singles,Women's Singles Round of 64,Round of 64,FINISHED,W,Table Tennis,TTE,South Paris Arena 4,1936435,SHIN Yubin,Person,KOR,Korea,4,POINTS,W
12251,2024-07-29T11:40:36+02:00,TTEWSINGLES-----------R64-001700--,TTEWSINGLES,Women's Singles,Women's Singles Round of 64,Round of 64,FINISHED,W,Table Tennis,TTE,South Paris Arena 4,1946681,TAPPER Melissa,Person,AUS,Australia,0,POINTS,L
8636,2024-07-29T12:07:33+02:00,TTEWSINGLES-----------R64-000600--,TTEWSINGLES,Women's Singles,Women's Singles Round of 64,Round of 64,FINISHED,W,Table Tennis,TTE,South Paris Arena 4,1895280,SAWETTABUT Suthasini,Person,THA,Thailand,3,POINTS,L
8637,2024-07-29T12:07:33+02:00,TTEWSINGLES-----------R64-000600--,TTEWSINGLES,Women's Singles,Women's Singles Round of 64,Round of 64,FINISHED,W,Table Tennis,TTE,South Paris Arena 4,1954535,BAJOR Natalia,Person,POL,Poland,4,POINTS,W
13063,2024-07-29T12:44:48+02:00,TTEWSINGLES-----------R64-002300--,TTEWSINGLES,Women's Singles,Women's Singles Round of 64,Round of 64,FINISHED,W,Table Tennis,TTE,South Paris Arena 4,1822208,CHIEN Tung-Chuan,Person,TPE,Chinese Taipei,0,POINTS,L
13064,2024-07-29T12:44:48+02:00,TTEWSINGLES-----------R64-002300--,TTEWSINGLES,Women's Singles,Women's Singles Round of 64,Round of 64,FINISHED,W,Table Tennis,TTE,South Paris Arena 4,1962231,ZHU Chengzhu,Person,HKG,"Hong Kong, China",4,POINTS,W
582,2024-07-29T12:46:39+02:00,TTEWSINGLES-----------R64-003100--,TTEWSINGLES,Women's Singles,Women's Singles Round of 64,Round of 64,FINISHED,W,Table Tennis,TTE,South Paris Arena 4,1563384,BERGSTROM Linda,Person,SWE,Sweden,4,POINTS,W
583,2024-07-29T12:46:39+02:00,TTEWSINGLES-----------R64-003100--,TTEWSINGLES,Women's Singles,Women's Singles Round of 64,Round of 64,FINISHED,W,Table Tennis,TTE,South Paris Arena 4,1954539,WEGRZYN Katarzyna,Person,POL,Poland,1,POINTS,L
10143,2024-07-29T13:28:40+02:00,TTEWSINGLES-----------R64-003200--,TTEWSINGLES,Women's Singles,Women's Singles Round of 64,Round of 64,FINISHED,W,Table Tennis,TTE,South Paris Arena 4,1963709,LOGHRAIBI Lynda,Person,ALG,Algeria,0,POINTS,L
10144,2024-07-29T13:28:40+02:00,TTEWSINGLES-----------R64-003200--,TTEWSINGLES,Women's Singles,Women's Singles Round of 64,Round of 64,FINISHED,W,Table Tennis,TTE,South Paris Arena 4,1902307,CHEN Meng,Person,CHN,China,4,POINTS,W
8240,2024-07-29T13:44:07+02:00,TTEWSINGLES-----------R64-002400--,TTEWSINGLES,Women's Singles,Women's Singles Round of 64,Round of 64,FINISHED,W,Table Tennis,TTE,South Paris Arena 4,1929748,PICCOLIN Giorgia,Person,ITA,Italy,0,POINTS,L
8241,2024-07-29T13:44:07+02:00,TTEWSINGLES-----------R64-002400--,TTEWSINGLES,Women's Singles,Women's Singles Round of 64,Round of 64,FINISHED,W,Table Tennis,TTE,South Paris Arena 4,1931101,HIRANO Miu,Person,JPN,Japan,4,POINTS,W
8574,2024-07-29T21:05:54+02:00,TTEWSINGLES-----------R32-000400--,TTEWSINGLES,Women's Singles,Women's Singles Round of 32,Round of 32,FINISHED,W,Table Tennis,TTE,South Paris Arena 4,1541477,SAMARA Elizabeta,Person,ROU,Romania,2,POINTS,L
8575,2024-07-29T21:05:54+02:00,TTEWSINGLES-----------R32-000400--,TTEWSINGLES,Women's Singles,Women's Singles Round of 32,Round of 32,FINISHED,W,Table Tennis,TTE,South Paris Arena 4,1812512,CHENG I-Ching,Person,TPE,Chinese Taipei,4,POINTS,W
12210,2024-07-29T21:17:59+02:00,TTEWSINGLES-----------R32-001500--,TTEWSINGLES,Women's Singles,Women's Singles Round of 32,Round of 32,FINISHED,W,Table Tennis,TTE,South Paris Arena 4,1963031,MATELOVA Hana,Person,CZE,Czechia,3,POINTS,L
12211,2024-07-29T21:17:59+02:00,TTEWSINGLES-----------R32-001500--,TTEWSINGLES,Women's Singles,Women's Singles Round of 32,Round of 32,FINISHED,W,Table Tennis,TTE,South Paris Arena 4,1966925,EERLAND Britt,Person,NED,Netherlands,4,POINTS,W
2704,2024-07-29T21:45:13+02:00,TTEWSINGLES-----------R32-001100--,TTEWSINGLES,Women's Singles,Women's Singles Round of 32,Round of 32,FINISHED,W,Table Tennis,TTE,South Paris Arena 4,1889188,PAVADE Prithika,Person,FRA,France,0,POINTS,L
2705,2024-07-29T21:45:13+02:00,TTEWSINGLES-----------R32-001100--,TTEWSINGLES,Women's Singles,Women's Singles Round of 32,Round of 32,FINISHED,W,Table Tennis,TTE,South Paris Arena 4,1538096,BATRA Manika,Person,IND,India,4,POINTS,W
2698,2024-07-29T22:03:46+02:00,TTEWSINGLES-----------R32-001000--,TTEWSINGLES,Women's Singles,Women's Singles Round of 32,Round of 32,FINISHED,W,Table Tennis,TTE,South Paris Arena 4,1930826,ZHANG Lily,Person,USA,United States,4,POINTS,W
2699,2024-07-29T22:03:46+02:00,TTEWSINGLES-----------R32-001000--,TTEWSINGLES,Women's Singles,Women's Singles Round of 32,Round of 32,FINISHED,W,Table Tennis,TTE,South Paris Arena 4,1958369,TAKAHASHI Bruna,Person,BRA,Brazil,2,POINTS,L
8578,2024-07-29T23:01:16+02:00,TTEWSINGLES-----------R32-000500--,TTEWSINGLES,Women's Singles,Women's Singles Round of 32,Round of 32,FINISHED,W,Table Tennis,TTE,South Paris Arena 4,1550011,DIAZ Adriana,Person,PUR,Puerto Rico,4,POINTS,W
8579,2024-07-29T23:01:16+02:00,TTEWSINGLES-----------R32-000500--,TTEWSINGLES,Women's Singles,Women's Singles Round of 32,Round of 32,FINISHED,W,Table Tennis,TTE,South Paris Arena 4,1930833,WANG Amy,Person,USA,United States,2,POINTS,L
12204,2024-07-29T23:07:36+02:00,TTEWSINGLES-----------R32-001400--,TTEWSINGLES,Women's Singles,Women's Singles Round of 32,Round of 32,FINISHED,W,Table Tennis,TTE,South Paris Arena 4,1937380,SHAO Jieni,Person,POR,Portugal,2,POINTS,L
12205,2024-07-29T23:07:36+02:00,TTEWSINGLES-----------R32-001400--,TTEWSINGLES,Women's Singles,Women's Singles Round of 32,Round of 32,FINISHED,W,Table Tennis,TTE,South Paris Arena 4,1566431,POLCANOVA Sofia,Person,AUT,Austria,4,POINTS,W
4414,2024-07-30T10:56:52+02:00,TTEWSINGLES-----------R32-001600--,TTEWSINGLES,Women's Singles,Women's Singles Round of 32,Round of 32,FINISHED,W,Table Tennis,TTE,South Paris Arena 4,1563384,BERGSTROM Linda,Person,SWE,Sweden,1,POINTS,L
4415,2024-07-30T10:56:52+02:00,TTEWSINGLES-----------R32-001600--,TTEWSINGLES,Women's Singles,Women's Singles Round of 32,Round of 32,FINISHED,W,Table Tennis,TTE,South Paris Arena 4,1902307,CHEN Meng,Person,CHN,China,4,POINTS,W
7314,2024-07-30T10:57:01+02:00,TTEWSINGLES-----------R32-001300--,TTEWSINGLES,Women's Singles,Women's Singles Round of 32,Round of 32,FINISHED,W,Table Tennis,TTE,South Paris Arena 4,1541478,SZOCS Bernadette,Person,ROU,Romania,4,POINTS,W
7315,2024-07-30T10:57:01+02:00,TTEWSINGLES-----------R32-001300--,TTEWSINGLES,Women's Singles,Women's Singles Round of 32,Round of 32,FINISHED,W,Table Tennis,TTE,South Paris Arena 4,1556082,PESOTSKA Margaryta,Person,UKR,Ukraine,1,POINTS,L
10441,2024-07-30T12:13:56+02:00,TTEWSINGLES-----------R32-000300--,TTEWSINGLES,Women's Singles,Women's Singles Round of 32,Round of 32,FINISHED,W,Table Tennis,TTE,South Paris Arena 4,1937378,YU Fu,Person,POR,Portugal,3,POINTS,L
10442,2024-07-30T12:13:56+02:00,TTEWSINGLES-----------R32-000300--,TTEWSINGLES,Women's Singles,Women's Singles Round of 32,Round of 32,FINISHED,W,Table Tennis,TTE,South Paris Arena 4,1954535,BAJOR Natalia,Person,POL,Poland,4,POINTS,W
821,2024-07-30T12:23:00+02:00,TTEWSINGLES-----------R32-000600--,TTEWSINGLES,Women's Singles,Women's Singles Round of 32,Round of 32,FINISHED,W,Table Tennis,TTE,South Paris Arena 4,1980141,PYON Song Gyong,Person,PRK,DPR Korea,4,POINTS,W
822,2024-07-30T12:23:00+02:00,TTEWSINGLES-----------R32-000600--,TTEWSINGLES,Women's Singles,Women's Singles Round of 32,Round of 32,FINISHED,W,Table Tennis,TTE,South Paris Arena 4,1542549,MITTELHAM Nina,Person,GER,Germany,3,POINTS,L
7322,2024-07-31T10:47:39+02:00,TTEWSINGLES-----------R32-001200--,TTEWSINGLES,Women's Singles,Women's Singles Round of 32,Round of 32,FINISHED,W,Table Tennis,TTE,South Paris Arena 4,1962231,ZHU Chengzhu,Person,HKG,"Hong Kong, China",0,POINTS,L
7323,2024-07-31T10:47:39+02:00,TTEWSINGLES-----------R32-001200--,TTEWSINGLES,Women's Singles,Women's Singles Round of 32,Round of 32,FINISHED,W,Table Tennis,TTE,South Paris Arena 4,1931101,HIRANO Miu,Person,JPN,Japan,4,POINTS,W
11327,2024-07-31T10:47:47+02:00,TTEWSINGLES-----------R32-000900--,TTEWSINGLES,Women's Singles,Women's Singles Round of 32,Round of 32,FINISHED,W,Table Tennis,TTE,South Paris Arena 4,1936435,SHIN Yubin,Person,KOR,Korea,4,POINTS,W
11328,2024-07-31T10:47:47+02:00,TTEWSINGLES-----------R32-000900--,TTEWSINGLES,Women's Singles,Women's Singles Round of 32,Round of 32,FINISHED,W,Table Tennis,TTE,South Paris Arena 4,1949792,POTA Georgina,Person,HUN,Hungary,1,POINTS,L
6162,2024-07-31T11:40:40+02:00,TTEWSINGLES-----------R32-000100--,TTEWSINGLES,Women's Singles,Women's Singles Round of 32,Round of 32,FINISHED,W,Table Tennis,TTE,South Paris Arena 4,1902313,SUN Yingsha,Person,CHN,China,4,POINTS,W
6163,2024-07-31T11:40:40+02:00,TTEWSINGLES-----------R32-000100--,TTEWSINGLES,Women's Singles,Women's Singles Round of 32,Round of 32,FINISHED,W,Table Tennis,TTE,South Paris Arena 4,1570623,NI Xia Lian,Person,LUX,Luxembourg,0,POINTS,L
10447,2024-07-31T11:59:34+02:00,TTEWSINGLES-----------R32-000200--,TTEWSINGLES,Women's Singles,Women's Singles Round of 32,Round of 32,FINISHED,W,Table Tennis,TTE,South Paris Arena 4,1537135,ZENG Jian,Person,SGP,Singapore,2,POINTS,L
10448,2024-07-31T11:59:34+02:00,TTEWSINGLES-----------R32-000200--,TTEWSINGLES,Women's Singles,Women's Singles Round of 32,Round of 32,FINISHED,W,Table Tennis,TTE,South Paris Arena 4,1538136,AKULA Sreeja,Person,IND,India,4,POINTS,W
11329,2024-07-31T12:56:29+02:00,TTEWSINGLES-----------R32-000800--,TTEWSINGLES,Women's Singles,Women's Singles Round of 32,Round of 32,FINISHED,W,Table Tennis,TTE,South Paris Arena 4,1902793,MESHREF Dina,Person,EGY,Egypt,0,POINTS,L
11330,2024-07-31T12:56:29+02:00,TTEWSINGLES-----------R32-000800--,TTEWSINGLES,Women's Singles,Women's Singles Round of 32,Round of 32,FINISHED,W,Table Tennis,TTE,South Paris Arena 4,1931100,HAYATA Hina,Person,JPN,Japan,4,POINTS,W
817,2024-07-31T12:56:33+02:00,TTEWSINGLES-----------R32-000700--,TTEWSINGLES,Women's Singles,Women's Singles Round of 32,Round of 32,FINISHED,W,Table Tennis,TTE,South Paris Arena 4,1889187,YUAN Jia Nan,Person,FRA,France,4,POINTS,W
818,2024-07-31T12:56:33+02:00,TTEWSINGLES-----------R32-000700--,TTEWSINGLES,Women's Singles,Women's Singles Round of 32,Round of 32,FINISHED,W,Table Tennis,TTE,South Paris Arena 4,1961112,ZHANG Mo,Person,CAN,Canada,1,POINTS,L
10479,2024-07-31T16:02:34+02:00,TTEWSINGLES-----------8FNL000700--,TTEWSINGLES,Women's Singles,Women's Singles Round of 16,Round of 16,FINISHED,W,Table Tennis,TTE,South Paris Arena 4,1541478,SZOCS Bernadette,Person,ROU,Romania,0,POINTS,L
10480,2024-07-31T16:02:34+02:00,TTEWSINGLES-----------8FNL000700--,TTEWSINGLES,Women's Singles,Women's Singles Round of 16,Round of 16,FINISHED,W,Table Tennis,TTE,South Paris Arena 4,1566431,POLCANOVA Sofia,Person,AUT,Austria,4,POINTS,W
1154,2024-07-31T16:04:04+02:00,TTEWSINGLES-----------8FNL000300--,TTEWSINGLES,Women's Singles,Women's Singles Round of 16,Round of 16,FINISHED,W,Table Tennis,TTE,South Paris Arena 4,1550011,DIAZ Adriana,Person,PUR,Puerto Rico,3,POINTS,L
1155,2024-07-31T16:04:04+02:00,TTEWSINGLES-----------8FNL000300--,TTEWSINGLES,Women's Singles,Women's Singles Round of 16,Round of 16,FINISHED,W,Table Tennis,TTE,South Paris Arena 4,1980141,PYON Song Gyong,Person,PRK,DPR Korea,4,POINTS,W
1162,2024-07-31T16:46:46+02:00,TTEWSINGLES-----------8FNL000200--,TTEWSINGLES,Women's Singles,Women's Singles Round of 16,Round of 16,FINISHED,W,Table Tennis,TTE,South Paris Arena 4,1954535,BAJOR Natalia,Person,POL,Poland,0,POINTS,L
1163,2024-07-31T16:46:46+02:00,TTEWSINGLES-----------8FNL000200--,TTEWSINGLES,Women's Singles,Women's Singles Round of 16,Round of 16,FINISHED,W,Table Tennis,TTE,South Paris Arena 4,1812512,CHENG I-Ching,Person,TPE,Chinese Taipei,4,POINTS,W
77,2024-07-31T17:05:22+02:00,TTEWSINGLES-----------8FNL000800--,TTEWSINGLES,Women's Singles,Women's Singles Round of 16,Round of 16,FINISHED,W,Table Tennis,TTE,South Paris Arena 4,1966925,EERLAND Britt,Person,NED,Netherlands,1,POINTS,L
78,2024-07-31T17:05:22+02:00,TTEWSINGLES-----------8FNL000800--,TTEWSINGLES,Women's Singles,Women's Singles Round of 16,Round of 16,FINISHED,W,Table Tennis,TTE,South Paris Arena 4,1902307,CHEN Meng,Person,CHN,China,4,POINTS,W
10497,2024-07-31T17:58:48+02:00,TTEWSINGLES-----------8FNL000600--,TTEWSINGLES,Women's Singles,Women's Singles Round of 16,Round of 16,FINISHED,W,Table Tennis,TTE,South Paris Arena 4,1538096,BATRA Manika,Person,IND,India,1,POINTS,L
10498,2024-07-31T17:58:48+02:00,TTEWSINGLES-----------8FNL000600--,TTEWSINGLES,Women's Singles,Women's Singles Round of 16,Round of 16,FINISHED,W,Table Tennis,TTE,South Paris Arena 4,1931101,HIRANO Miu,Person,JPN,Japan,4,POINTS,W
6287,2024-07-31T20:49:27+02:00,TTEWSINGLES-----------8FNL000500--,TTEWSINGLES,Women's Singles,Women's Singles Round of 16,Round of 16,FINISHED,W,Table Tennis,TTE,South Paris Arena 4,1936435,SHIN Yubin,Person,KOR,Korea,4,POINTS,W
6288,2024-07-31T20:49:27+02:00,TTEWSINGLES-----------8FNL000500--,TTEWSINGLES,Women's Singles,Women's Singles Round of 16,Round of 16,FINISHED,W,Table Tennis,TTE,South Paris Arena 4,1930826,ZHANG Lily,Person,USA,United States,0,POINTS,L
8866,2024-07-31T21:53:56+02:00,TTEWSINGLES-----------8FNL000100--,TTEWSINGLES,Women's Singles,Women's Singles Round of 16,Round of 16,FINISHED,W,Table Tennis,TTE,South Paris Arena 4,1902313,SUN Yingsha,Person,CHN,China,4,POINTS,W
8867,2024-07-31T21:53:56+02:00,TTEWSINGLES-----------8FNL000100--,TTEWSINGLES,Women's Singles,Women's Singles Round of 16,Round of 16,FINISHED,W,Table Tennis,TTE,South Paris Arena 4,1538136,AKULA Sreeja,Person,IND,India,0,POINTS,L
6258,2024-07-31T22:47:06+02:00,TTEWSINGLES-----------8FNL000400--,TTEWSINGLES,Women's Singles,Women's Singles Round of 16,Round of 16,FINISHED,W,Table Tennis,TTE,South Paris Arena 4,1889187,YUAN Jia Nan,Person,FRA,France,0,POINTS,L
6259,2024-07-31T22:47:06+02:00,TTEWSINGLES-----------8FNL000400--,TTEWSINGLES,Women's Singles,Women's Singles Round of 16,Round of 16,FINISHED,W,Table Tennis,TTE,South Paris Arena 4,1931100,HAYATA Hina,Person,JPN,Japan,4,POINTS,W
178,2024-08-01T10:39:39+02:00,TTEWSINGLES-----------QFNL000400--,TTEWSINGLES,Women's Singles,Women's Singles Quarterfinal,Quarterfinal,FINISHED,W,Table Tennis,TTE,South Paris Arena 4,1566431,POLCANOVA Sofia,Person,AUT,Austria,0,POINTS,L
179,2024-08-01T10:39:39+02:00,TTEWSINGLES-----------QFNL000400--,TTEWSINGLES,Women's Singles,Women's Singles Quarterfinal,Quarterfinal,FINISHED,W,Table Tennis,TTE,South Paris Arena 4,1902307,CHEN Meng,Person,CHN,China,4,POINTS,W
5578,2024-08-01T13:28:06+02:00,TTEWSINGLES-----------QFNL000300--,TTEWSINGLES,Women's Singles,Women's Singles Quarterfinal,Quarterfinal,FINISHED,W,Table Tennis,TTE,South Paris Arena 4,1936435,SHIN Yubin,Person,KOR,Korea,4,POINTS,W
5579,2024-08-01T13:28:06+02:00,TTEWSINGLES-----------QFNL000300--,TTEWSINGLES,Women's Singles,Women's Singles Quarterfinal,Quarterfinal,FINISHED,W,Table Tennis,TTE,South Paris Arena 4,1931101,HIRANO Miu,Person,JPN,Japan,3,POINTS,L
11460,2024-08-01T17:01:40+02:00,TTEWSINGLES-----------QFNL000100--,TTEWSINGLES,Women's Singles,Women's Singles Quarterfinal,Quarterfinal,FINISHED,W,Table Tennis,TTE,South Paris Arena 4,1902313,SUN Yingsha,Person,CHN,China,4,POINTS,W
11461,2024-08-01T17:01:40+02:00,TTEWSINGLES-----------QFNL000100--,TTEWSINGLES,Women's Singles,Women's Singles Quarterfinal,Quarterfinal,FINISHED,W,Table Tennis,TTE,South Paris Arena 4,1812512,CHENG I-Ching,Person,TPE,Chinese Taipei,0,POINTS,L
5594,2024-08-01T21:13:30+02:00,TTEWSINGLES-----------QFNL000200--,TTEWSINGLES,Women's Singles,Women's Singles Quarterfinal,Quarterfinal,FINISHED,W,Table Tennis,TTE,South Paris Arena 4,1980141,PYON Song Gyong,Person,PRK,DPR Korea,3,POINTS,L
5595,2024-08-01T21:13:30+02:00,TTEWSINGLES-----------QFNL000200--,TTEWSINGLES,Women's Singles,Women's Singles Quarterfinal,Quarterfinal,FINISHED,W,Table Tennis,TTE,South Paris Arena 4,1931100,HAYATA Hina,Person,JPN,Japan,4,POINTS,W
9470,2024-08-02T11:37:59+02:00,TTEWSINGLES-----------SFNL000200--,TTEWSINGLES,Women's Singles,Women's Singles Semifinal,Semifinal,FINISHED,W,Table Tennis,TTE,South Paris Arena 4,1936435,SHIN Yubin,Person,KOR,Korea,0,POINTS,L
9471,2024-08-02T11:37:59+02:00,TTEWSINGLES-----------SFNL000200--,TTEWSINGLES,Women's Singles,Women's Singles Semifinal,Semifinal,FINISHED,W,Table Tennis,TTE,South Paris Arena 4,1902307,CHEN Meng,Person,CHN,China,4,POINTS,W
1573,2024-08-02T14:16:17+02:00,TTEWSINGLES-----------SFNL000100--,TTEWSINGLES,Women's Singles,Women's Singles Semifinal,Semifinal,FINISHED,W,Table Tennis,TTE,South Paris Arena 4,1902313,SUN Yingsha,Person,CHN,China,4,POINTS,W
1574,2024-08-02T14:16:17+02:00,TTEWSINGLES-----------SFNL000100--,TTEWSINGLES,Women's Singles,Women's Singles Semifinal,Semifinal,FINISHED,W,Table Tennis,TTE,South Paris Arena 4,1931100,HAYATA Hina,Person,JPN,Japan,0,POINTS,L
9134,2024-08-03T14:47:53+02:00,TTEWSINGLES-----------FNL-000200--,TTEWSINGLES,Women's Singles,Women's Singles Bronze Medal Match,Bronze Medal Match,FINISHED,W,Table Tennis,TTE,South Paris Arena 4,1931100,HAYATA Hina,Person,JPN,Japan,4,POINTS,W
9135,2024-08-03T14:47:53+02:00,TTEWSINGLES-----------FNL-000200--,TTEWSINGLES,Women's Singles,Women's Singles Bronze Medal Match,Bronze Medal Match,FINISHED,W,Table Tennis,TTE,South Paris Arena 4,1936435,SHIN Yubin,Person,KOR,Korea,2,POINTS,L
1292,2024-08-03T16:16:55+02:00,TTEWSINGLES-----------FNL-000100--,TTEWSINGLES,Women's Singles,Women's Singles Gold Medal Match,Gold Medal Match,FINISHED,W,Table Tennis,TTE,South Paris Arena 4,1902313,SUN Yingsha,Person,CHN,China,2,POINTS,L
1293,2024-08-03T16:16:55+02:00,TTEWSINGLES-----------FNL-000100--,TTEWSINGLES,Women's Singles,Women's Singles Gold Medal Match,Gold Medal Match,FINISHED,W,Table Tennis,TTE,South Paris Arena 4,1902307,CHEN Meng,Person,CHN,China,4,POINTS,W
