,date,stage_code,event_code,event_name,event_stage,stage,stage_status,gender,discipline_name,discipline_code,venue,participant_code,participant_name,participant_type,participant_country_code,participant_country,result,result_type,result_WLT,result_IRM
11648,2024-07-28T21:22:43+02:00,TENMDOUBLES-----------R32-000300--,TENMDOUBLES,Men's Doubles,Men's Doubles First Round,First Round,FINISHED,M,Tennis,TEN,Roland-Garros Stadium,TENMDOUBLES-GRE01,Tsitsipas / Tsitsipas,Team,GRE,Greece,1,SCORE,L,
11649,2024-07-28T21:22:43+02:00,TENMDOUBLES-----------R32-000300--,TENMDOUBLES,Men's Doubles,Men's Doubles First Round,First Round,FINISHED,M,Tennis,TEN,Roland-Garros Stadium,TENMDOUBLES-POR01,Borges / Cabral,Team,POR,Portugal,2,SCORE,W,
11650,2024-07-28T21:52:05+02:00,TENMDOUBLES-----------R32-000200--,TENMDOUBLES,Men's Doubles,Men's Doubles First Round,First Round,FINISHED,M,Tennis,TEN,Roland-Garros Stadium,TENMDOUBLES-LBN01,Habib / Hassan,Team,LBN,Lebanon,0,SCORE,L,
11651,2024-07-28T21:52:05+02:00,TENMDOUBLES-----------R32-000200--,TENMDOUBLES,Men's Doubles,Men's Doubles First Round,First Round,FINISHED,M,Tennis,TEN,Roland-Garros Stadium,TENMDOUBLES-AUS02,Ebden / Peers,Team,AUS,Australia,2,SCORE,W,
2268,2024-07-28T21:52:07+02:00,TENMDOUBLES-----------R32-001000--,TENMDOUBLES,Men's Doubles,Men's Doubles First Round,First Round,FINISHED,M,Tennis,TEN,Roland-Garros Stadium,TENMDOUBLES-NED01,Griekspoor / Koolhof,Team,NED,Netherlands,2,SCORE,W,
2269,2024-07-28T21:52:07+02:00,TENMDOUBLES-----------R32-001000--,TENMDOUBLES,Men's Doubles,Men's Doubles First Round,First Round,FINISHED,M,Tennis,TEN,Roland-Garros Stadium,TENMDOUBLES-HUN01,Fucsovics / Marozsan,Team,HUN,Hungary,0,SCORE,L,
4018,2024-07-28T22:25:20+02:00,TENMDOUBLES-----------R32-001600--,TENMDOUBLES,Men's Doubles,Men's Doubles First Round,First Round,FINISHED,M,Tennis,TEN,Roland-Garros Stadium,TENMDOUBLES-AIN01,Medvedev / Safiullin,Team,AIN,AIN,0,SCORE,L,
4019,2024-07-28T22:25:20+02:00,TENMDOUBLES-----------R32-001600--,TENMDOUBLES,Men's Doubles,Men's Doubles First Round,First Round,FINISHED,M,Tennis,TEN,Roland-Garros Stadium,TENMDOUBLES-GER01,Krawietz / Puetz,Team,GER,Germany,2,SCORE,W,
13381,2024-07-28T23:12:46+02:00,TENMDOUBLES-----------R32-001500--,TENMDOUBLES,Men's Doubles,Men's Doubles First Round,First Round,FINISHED,M,Tennis,TEN,Roland-Garros Stadium,TENMDOUBLES-IND01,Balaji / Bopanna,Team,IND,India,0,SCORE,L,
13382,2024-07-28T23:12:46+02:00,TENMDOUBLES-----------R32-001500--,TENMDOUBLES,Men's Doubles,Men's Doubles First Round,First Round,FINISHED,M,Tennis,TEN,Roland-Garros Stadium,TENMDOUBLES-FRA01,Monfils / Roger-Vasselin,Team,FRA,France,2,SCORE,W,
5777,2024-07-28T23:18:12+02:00,TENMDOUBLES-----------R32-000100--,TENMDOUBLES,Men's Doubles,Men's Doubles First Round,First Round,FINISHED,M,Tennis,TEN,Roland-Garros Stadium,TENMDOUBLES-ITA02,Bolelli / Vavassori,Team,ITA,Italy,1,SCORE,L,
5778,2024-07-28T23:18:12+02:00,TENMDOUBLES-----------R32-000100--,TENMDOUBLES,Men's Doubles,Men's Doubles First Round,First Round,FINISHED,M,Tennis,TEN,Roland-Garros Stadium,TENMDOUBLES-ESP02,Carreno Busta / Granollers,Team,ESP,Spain,2,SCORE,W,
401,2024-07-29T23:22:50+02:00,TENMDOUBLES-----------R32-000600--,TENMDOUBLES,Men's Doubles,Men's Doubles First Round,First Round,FINISHED,M,Tennis,TEN,Roland-Garros Stadium,TENMDOUBLES-NED02,Haase / Rojer,Team,NED,Netherlands,2,SCORE,W,
402,2024-07-29T23:22:50+02:00,TENMDOUBLES-----------R32-000600--,TENMDOUBLES,Men's Doubles,Men's Doubles First Round,First Round,FINISHED,M,Tennis,TEN,Roland-Garros Stadium,TENMDOUBLES-ARG02,Etcheverry / Navone,Team,ARG,Argentina,0,SCORE,L,
2304,2024-07-29T23:22:50+02:00,TENMDOUBLES-----------R32-001100--,TENMDOUBLES,Men's Doubles,Men's Doubles First Round,First Round,FINISHED,M,Tennis,TEN,Roland-Garros Stadium,TENMDOUBLES-BRA01,Monteiro / Seyboth Wild,Team,BRA,Brazil,2,SCORE,W,
2305,2024-07-29T23:22:50+02:00,TENMDOUBLES-----------R32-001100--,TENMDOUBLES,Men's Doubles,Men's Doubles First Round,First Round,FINISHED,M,Tennis,TEN,Roland-Garros Stadium,TENMDOUBLES-KAZ01,Bublik / Nedovyesov,Team,KAZ,Kazakhstan,0,SCORE,L,
8438,2024-07-29T23:22:50+02:00,TENMDOUBLES-----------R32-001300--,TENMDOUBLES,Men's Doubles,Men's Doubles First Round,First Round,FINISHED,M,Tennis,TEN,Roland-Garros Stadium,TENMDOUBLES-GBR01,Salisbury / Skupski,Team,GBR,Great Britain,1,SCORE,L,
8439,2024-07-29T23:22:50+02:00,TENMDOUBLES-----------R32-001300--,TENMDOUBLES,Men's Doubles,Men's Doubles First Round,First Round,FINISHED,M,Tennis,TEN,Roland-Garros Stadium,TENMDOUBLES-CZE01,Machac / Pavlasek,Team,CZE,Czechia,2,SCORE,W,
8466,2024-07-29T23:22:50+02:00,TENMDOUBLES-----------R32-001200--,TENMDOUBLES,Men's Doubles,Men's Doubles First Round,First Round,FINISHED,M,Tennis,TEN,Roland-Garros Stadium,TENMDOUBLES-AUS01,Popyrin / de Minaur,Team,AUS,Australia,0,SCORE,L,
8467,2024-07-29T23:22:50+02:00,TENMDOUBLES-----------R32-001200--,TENMDOUBLES,Men's Doubles,Men's Doubles First Round,First Round,FINISHED,M,Tennis,TEN,Roland-Garros Stadium,TENMDOUBLES-USA02,Krajicek / Ram,Team,USA,United States,2,SCORE,W,
9953,2024-07-29T23:22:50+02:00,TENMDOUBLES-----------R32-000400--,TENMDOUBLES,Men's Doubles,Men's Doubles First Round,First Round,FINISHED,M,Tennis,TEN,Roland-Garros Stadium,TENMDOUBLES-GER02,Koepfer / Struff,Team,GER,Germany,2,SCORE,W,
9954,2024-07-29T23:22:50+02:00,TENMDOUBLES-----------R32-000400--,TENMDOUBLES,Men's Doubles,Men's Doubles First Round,First Round,FINISHED,M,Tennis,TEN,Roland-Garros Stadium,TENMDOUBLES-CRO01,Mektic / Pavic,Team,CRO,Croatia,1,SCORE,L,
9979,2024-07-29T23:22:50+02:00,TENMDOUBLES-----------R32-000500--,TENMDOUBLES,Men's Doubles,Men's Doubles First Round,First Round,FINISHED,M,Tennis,TEN,Roland-Garros Stadium,TENMDOUBLES-USA01,Fritz / Paul,Team,USA,United States,2,SCORE,W,
9980,2024-07-29T23:22:50+02:00,TENMDOUBLES-----------R32-000500--,TENMDOUBLES,Men's Doubles,Men's Doubles First Round,First Round,FINISHED,M,Tennis,TEN,Roland-Garros Stadium,TENMDOUBLES-CAN01,Auger-Aliassime / Raonic,Team,CAN,Canada,0,SCORE,L,
10861,2024-07-29T23:22:50+02:00,TENMDOUBLES-----------R32-000800--,TENMDOUBLES,Men's Doubles,Men's Doubles First Round,First Round,FINISHED,M,Tennis,TEN,Roland-Garros Stadium,TENMDOUBLES-BEL01,Gille / Vliegen,Team,BEL,Belgium,2,SCORE,W,
10862,2024-07-29T23:22:50+02:00,TENMDOUBLES-----------R32-000800--,TENMDOUBLES,Men's Doubles,Men's Doubles First Round,First Round,FINISHED,M,Tennis,TEN,Roland-Garros Stadium,TENMDOUBLES-FRA02,Fils / Humbert,Team,FRA,France,0,SCORE,L,
13355,2024-07-29T23:22:50+02:00,TENMDOUBLES-----------R32-001400--,TENMDOUBLES,Men's Doubles,Men's Doubles First Round,First Round,FINISHED,M,Tennis,TEN,Roland-Garros Stadium,TENMDOUBLES-ITA01,Darderi / Musetti,Team,ITA,Italy,1,SCORE,L,
13356,2024-07-29T23:22:50+02:00,TENMDOUBLES-----------R32-001400--,TENMDOUBLES,Men's Doubles,Men's Doubles First Round,First Round,FINISHED,M,Tennis,TEN,Roland-Garros Stadium,TENMDOUBLES-CHI01,Jarry / Tabilo,Team,CHI,Chile,2,SCORE,W,
11695,2024-07-30T15:31:16+02:00,TENMDOUBLES-----------8FNL000600--,TENMDOUBLES,Men's Doubles,Men's Doubles Second Round,Second Round,FINISHED,M,Tennis,TEN,Roland-Garros Stadium,TENMDOUBLES-BRA01,Monteiro / Seyboth Wild,Team,BRA,Brazil,0,SCORE,L,
11696,2024-07-30T15:31:16+02:00,TENMDOUBLES-----------8FNL000600--,TENMDOUBLES,Men's Doubles,Men's Doubles Second Round,Second Round,FINISHED,M,Tennis,TEN,Roland-Garros Stadium,TENMDOUBLES-USA02,Krajicek / Ram,Team,USA,United States,2,SCORE,W,
10245,2024-07-30T16:51:49+02:00,TENMDOUBLES-----------8FNL000100--,TENMDOUBLES,Men's Doubles,Men's Doubles Second Round,Second Round,FINISHED,M,Tennis,TEN,Roland-Garros Stadium,TENMDOUBLES-ESP02,Carreno Busta / Granollers,Team,ESP,Spain,0,SCORE,L,
10246,2024-07-30T16:51:49+02:00,TENMDOUBLES-----------8FNL000100--,TENMDOUBLES,Men's Doubles,Men's Doubles Second Round,Second Round,FINISHED,M,Tennis,TEN,Roland-Garros Stadium,TENMDOUBLES-AUS02,Ebden / Peers,Team,AUS,Australia,2,SCORE,W,
681,2024-07-30T18:09:17+02:00,TENMDOUBLES-----------8FNL000200--,TENMDOUBLES,Men's Doubles,Men's Doubles Second Round,Second Round,FINISHED,M,Tennis,TEN,Roland-Garros Stadium,TENMDOUBLES-POR01,Borges / Cabral,Team,POR,Portugal,0,SCORE,L,
682,2024-07-30T18:09:17+02:00,TENMDOUBLES-----------8FNL000200--,TENMDOUBLES,Men's Doubles,Men's Doubles Second Round,Second Round,FINISHED,M,Tennis,TEN,Roland-Garros Stadium,TENMDOUBLES-GER02,Koepfer / Struff,Team,GER,Germany,2,SCORE,W,
1178,2024-07-30T18:09:29+02:00,TENMDOUBLES-----------8FNL000800--,TENMDOUBLES,Men's Doubles,Men's Doubles Second Round,Second Round,FINISHED,M,Tennis,TEN,Roland-Garros Stadium,TENMDOUBLES-FRA01,Monfils / Roger-Vasselin,Team,FRA,France,0,SCORE,L,
1179,2024-07-30T18:09:29+02:00,TENMDOUBLES-----------8FNL000800--,TENMDOUBLES,Men's Doubles,Men's Doubles Second Round,Second Round,FINISHED,M,Tennis,TEN,Roland-Garros Stadium,TENMDOUBLES-GER01,Krawietz / Puetz,Team,GER,Germany,2,SCORE,W,
11678,2024-07-30T19:59:59+02:00,TENMDOUBLES-----------8FNL000700--,TENMDOUBLES,Men's Doubles,Men's Doubles Second Round,Second Round,FINISHED,M,Tennis,TEN,Roland-Garros Stadium,TENMDOUBLES-CZE01,Machac / Pavlasek,Team,CZE,Czechia,2,SCORE,W,
11679,2024-07-30T19:59:59+02:00,TENMDOUBLES-----------8FNL000700--,TENMDOUBLES,Men's Doubles,Men's Doubles Second Round,Second Round,FINISHED,M,Tennis,TEN,Roland-Garros Stadium,TENMDOUBLES-CHI01,Jarry / Tabilo,Team,CHI,Chile,1,SCORE,L,
5934,2024-07-30T20:03:01+02:00,TENMDOUBLES-----------8FNL000500--,TENMDOUBLES,Men's Doubles,Men's Doubles Second Round,Second Round,FINISHED,M,Tennis,TEN,Roland-Garros Stadium,TENMDOUBLES-ESP01,Alcaraz / Nadal,Team,ESP,Spain,2,SCORE,W,
5935,2024-07-30T20:03:01+02:00,TENMDOUBLES-----------8FNL000500--,TENMDOUBLES,Men's Doubles,Men's Doubles Second Round,Second Round,FINISHED,M,Tennis,TEN,Roland-Garros Stadium,TENMDOUBLES-NED01,Griekspoor / Koolhof,Team,NED,Netherlands,1,SCORE,L,
1347,2024-07-31T14:51:37+02:00,TENMDOUBLES-----------QFNL000400--,TENMDOUBLES,Men's Doubles,Men's Doubles Quarter-final,Quarter-final,FINISHED,M,Tennis,TEN,Roland-Garros Stadium,TENMDOUBLES-CZE01,Machac / Pavlasek,Team,CZE,Czechia,2,SCORE,W,
1348,2024-07-31T14:51:37+02:00,TENMDOUBLES-----------QFNL000400--,TENMDOUBLES,Men's Doubles,Men's Doubles Quarter-final,Quarter-final,FINISHED,M,Tennis,TEN,Roland-Garros Stadium,TENMDOUBLES-GER01,Krawietz / Puetz,Team,GER,Germany,1,SCORE,L,
10847,2024-07-31T17:39:25+02:00,TENMDOUBLES-----------R32-000900--,TENMDOUBLES,Men's Doubles,Men's Doubles First Round,First Round,FINISHED,M,Tennis,TEN,Roland-Garros Stadium,TENMDOUBLES-ARG01,Gonzalez / Molteni,Team,ARG,Argentina,0,SCORE,L,
10848,2024-07-31T17:39:25+02:00,TENMDOUBLES-----------R32-000900--,TENMDOUBLES,Men's Doubles,Men's Doubles First Round,First Round,FINISHED,M,Tennis,TEN,Roland-Garros Stadium,TENMDOUBLES-ESP01,Alcaraz / Nadal,Team,ESP,Spain,2,SCORE,W,
11060,2024-07-31T18:00:04+02:00,TENMDOUBLES-----------QFNL000100--,TENMDOUBLES,Men's Doubles,Men's Doubles Quarter-final,Quarter-final,FINISHED,M,Tennis,TEN,Roland-Garros Stadium,TENMDOUBLES-AUS02,Ebden / Peers,Team,AUS,Australia,2,SCORE,W,
11061,2024-07-31T18:00:04+02:00,TENMDOUBLES-----------QFNL000100--,TENMDOUBLES,Men's Doubles,Men's Doubles Quarter-final,Quarter-final,FINISHED,M,Tennis,TEN,Roland-Garros Stadium,TENMDOUBLES-GER02,Koepfer / Struff,Team,GER,Germany,0,SCORE,L,
679,2024-07-31T18:27:02+02:00,TENMDOUBLES-----------8FNL000300--,TENMDOUBLES,Men's Doubles,Men's Doubles Second Round,Second Round,FINISHED,M,Tennis,TEN,Roland-Garros Stadium,TENMDOUBLES-USA01,Fritz / Paul,Team,USA,United States,2,SCORE,W,
680,2024-07-31T18:27:02+02:00,TENMDOUBLES-----------8FNL000300--,TENMDOUBLES,Men's Doubles,Men's Doubles Second Round,Second Round,FINISHED,M,Tennis,TEN,Roland-Garros Stadium,TENMDOUBLES-NED02,Haase / Rojer,Team,NED,Netherlands,0,SCORE,L,
367,2024-07-31T18:33:34+02:00,TENMDOUBLES-----------R32-000700--,TENMDOUBLES,Men's Doubles,Men's Doubles First Round,First Round,FINISHED,M,Tennis,TEN,Roland-Garros Stadium,TENMDOUBLES-JPN01,Daniel / Nishikori,Team,JPN,Japan,1,SCORE,L,
368,2024-07-31T18:33:34+02:00,TENMDOUBLES-----------R32-000700--,TENMDOUBLES,Men's Doubles,Men's Doubles First Round,First Round,FINISHED,M,Tennis,TEN,Roland-Garros Stadium,TENMDOUBLES-GBR02,Evans / Murray,Team,GBR,Great Britain,2,SCORE,W,
5926,2024-07-31T19:11:18+02:00,TENMDOUBLES-----------8FNL000400--,TENMDOUBLES,Men's Doubles,Men's Doubles Second Round,Second Round,FINISHED,M,Tennis,TEN,Roland-Garros Stadium,TENMDOUBLES-GBR02,Evans / Murray,Team,GBR,Great Britain,2,SCORE,W,
5927,2024-07-31T19:11:18+02:00,TENMDOUBLES-----------8FNL000400--,TENMDOUBLES,Men's Doubles,Men's Doubles Second Round,Second Round,FINISHED,M,Tennis,TEN,Roland-Garros Stadium,TENMDOUBLES-BEL01,Gille / Vliegen,Team,BEL,Belgium,1,SCORE,L,
6669,2024-07-31T21:09:18+02:00,TENMDOUBLES-----------QFNL000300--,TENMDOUBLES,Men's Doubles,Men's Doubles Quarter-final,Quarter-final,FINISHED,M,Tennis,TEN,Roland-Garros Stadium,TENMDOUBLES-ESP01,Alcaraz / Nadal,Team,ESP,Spain,0,SCORE,L,
6670,2024-07-31T21:09:18+02:00,TENMDOUBLES-----------QFNL000300--,TENMDOUBLES,Men's Doubles,Men's Doubles Quarter-final,Quarter-final,FINISHED,M,Tennis,TEN,Roland-Garros Stadium,TENMDOUBLES-USA02,Krajicek / Ram,Team,USA,United States,2,SCORE,W,
9822,2024-08-01T16:16:03+02:00,TENMDOUBLES-----------SFNL000200--,TENMDOUBLES,Men's Doubles,Men's Doubles Semi-final,Semi-final,FINISHED,M,Tennis,TEN,Roland-Garros Stadium,TENMDOUBLES-USA02,Krajicek / Ram,Team,USA,United States,2,SCORE,W,
9823,2024-08-01T16:16:03+02:00,TENMDOUBLES-----------SFNL000200--,TENMDOUBLES,Men's Doubles,Men's Doubles Semi-final,Semi-final,FINISHED,M,Tennis,TEN,Roland-Garros Stadium,TENMDOUBLES-CZE01,Machac / Pavlasek,Team,CZE,Czechia,0,SCORE,L,
6679,2024-08-01T21:47:23+02:00,TENMDOUBLES-----------QFNL000200--,TENMDOUBLES,Men's Doubles,Men's Doubles Quarter-final,Quarter-final,FINISHED,M,Tennis,TEN,Roland-Garros Stadium,TENMDOUBLES-USA01,Fritz / Paul,Team,USA,United States,2,SCORE,W,
6680,2024-08-01T21:47:23+02:00,TENMDOUBLES-----------QFNL000200--,TENMDOUBLES,Men's Doubles,Men's Doubles Quarter-final,Quarter-final,FINISHED,M,Tennis,TEN,Roland-Garros Stadium,TENMDOUBLES-GBR02,Evans / Murray,Team,GBR,Great Britain,0,SCORE,L,
281,2024-08-02T15:51:53+02:00,TENMDOUBLES-----------SFNL000100--,TENMDOUBLES,Men's Doubles,Men's Doubles Semi-final,Semi-final,FINISHED,M,Tennis,TEN,Roland-Garros Stadium,TENMDOUBLES-AUS02,Ebden / Peers,Team,AUS,Australia,2,SCORE,W,
282,2024-08-02T15:51:53+02:00,TENMDOUBLES-----------SFNL000100--,TENMDOUBLES,Men's Doubles,Men's Doubles Semi-final,Semi-final,FINISHED,M,Tennis,TEN,Roland-Garros Stadium,TENMDOUBLES-USA01,Fritz / Paul,Team,USA,United States,0,SCORE,L,
103,2024-08-03T14:13:39+02:00,TENMDOUBLES-----------FNL-000100--,TENMDOUBLES,Men's Doubles,Men's Doubles Gold Medal Match,Gold Medal Match,FINISHED,M,Tennis,TEN,Roland-Garros Stadium,TENMDOUBLES-AUS02,Ebden / Peers,Team,AUS,Australia,2,SCORE,W,
104,2024-08-03T14:13:39+02:00,TENMDOUBLES-----------FNL-000100--,TENMDOUBLES,Men's Doubles,Men's Doubles Gold Medal Match,Gold Medal Match,FINISHED,M,Tennis,TEN,Roland-Garros Stadium,TENMDOUBLES-USA02,Krajicek / Ram,Team,USA,United States,1,SCORE,L,
9595,2024-08-03T15:51:44+02:00,TENMDOUBLES-----------FNL-000200--,TENMDOUBLES,Men's Doubles,Men's Doubles Bronze Medal Match,Bronze Medal Match,FINISHED,M,Tennis,TEN,Roland-Garros Stadium,TENMDOUBLES-USA01,Fritz / Paul,Team,USA,United States,2,SCORE,W,
9596,2024-08-03T15:51:44+02:00,TENMDOUBLES-----------FNL-000200--,TENMDOUBLES,Men's Doubles,Men's Doubles Bronze Medal Match,Bronze Medal Match,FINISHED,M,Tennis,TEN,Roland-Garros Stadium,TENMDOUBLES-CZE01,Machac / Pavlasek,Team,CZE,Czechia,0,SCORE,L,
11876,2024-07-28T13:35:11+02:00,TENMSINGLES-----------R64-002100--,TENMSINGLES,Men's Singles,Men's Singles First Round,First Round,FINISHED,M,Tennis,TEN,Roland-Garros Stadium,1972646,AUGER-ALIASSIME Felix,Person,CAN,Canada,2,SCORE,W,
11877,2024-07-28T13:35:11+02:00,TENMSINGLES-----------R64-002100--,TENMSINGLES,Men's Singles,Men's Singles First Round,First Round,FINISHED,M,Tennis,TEN,Roland-Garros Stadium,1930785,GIRON Marcos,Person,USA,United States,0,SCORE,L,
8270,2024-07-28T14:22:15+02:00,TENMSINGLES-----------R64-003000--,TENMSINGLES,Men's Singles,Men's Singles First Round,First Round,FINISHED,M,Tennis,TEN,Roland-Garros Stadium,1895916,ETCHEVERRY Tomas Martin,Person,ARG,Argentina,2,SCORE,W,
8271,2024-07-28T14:22:15+02:00,TENMSINGLES-----------R64-003000--,TENMSINGLES,Men's Singles,Men's Singles First Round,First Round,FINISHED,M,Tennis,TEN,Roland-Garros Stadium,1955871,SEYBOTH WILD Thiago,Person,BRA,Brazil,0,SCORE,L,
10195,2024-07-28T14:44:22+02:00,TENMSINGLES-----------R64-002600--,TENMSINGLES,Men's Singles,Men's Singles First Round,First Round,FINISHED,M,Tennis,TEN,Roland-Garros Stadium,1889632,MOUTET Corentin,Person,FRA,France,2,SCORE,W,
10196,2024-07-28T14:44:22+02:00,TENMSINGLES-----------R64-002600--,TENMSINGLES,Men's Singles,Men's Singles First Round,First Round,FINISHED,M,Tennis,TEN,Roland-Garros Stadium,1542537,NAGAL Sumit,Person,IND,India,1,SCORE,L,
2607,2024-07-28T14:44:45+02:00,TENMSINGLES-----------R64-000600--,TENMSINGLES,Men's Singles,Men's Singles First Round,First Round,FINISHED,M,Tennis,TEN,Roland-Garros Stadium,1930781,EUBANKS Christopher,Person,USA,United States,0,SCORE,L,
2608,2024-07-28T14:44:45+02:00,TENMSINGLES-----------R64-000600--,TENMSINGLES,Men's Singles,Men's Singles First Round,First Round,FINISHED,M,Tennis,TEN,Roland-Garros Stadium,4118990,HASSAN Benjamin,Person,LBN,Lebanon,2,SCORE,W,
10381,2024-07-28T15:11:38+02:00,TENMSINGLES-----------R64-001500--,TENMSINGLES,Men's Singles,Men's Singles First Round,First Round,FINISHED,M,Tennis,TEN,Roland-Garros Stadium,1900429,DRAPER Jack,Person,GBR,Great Britain,2,SCORE,W,
10382,2024-07-28T15:11:38+02:00,TENMSINGLES-----------R64-001500--,TENMSINGLES,Men's Singles,Men's Singles First Round,First Round,FINISHED,M,Tennis,TEN,Roland-Garros Stadium,1896664,NISHIKORI Kei,Person,JPN,Japan,0,SCORE,L,
5973,2024-07-28T15:16:27+02:00,TENMSINGLES-----------R64-002300--,TENMSINGLES,Men's Singles,Men's Singles First Round,First Round,FINISHED,M,Tennis,TEN,Roland-Garros Stadium,1966948,HAASE Robin,Person,NED,Netherlands,0,SCORE,L,
5974,2024-07-28T15:16:27+02:00,TENMSINGLES-----------R64-002300--,TENMSINGLES,Men's Singles,Men's Singles First Round,First Round,FINISHED,M,Tennis,TEN,Roland-Garros Stadium,1562304,OFNER Sebastian,Person,AUT,Austria,2,SCORE,W,
2609,2024-07-28T16:21:20+02:00,TENMSINGLES-----------R64-000700--,TENMSINGLES,Men's Singles,Men's Singles First Round,First Round,FINISHED,M,Tennis,TEN,Roland-Garros Stadium,1969767,ECHARGUI Moez,Person,TUN,Tunisia,1,SCORE,L,
2610,2024-07-28T16:21:20+02:00,TENMSINGLES-----------R64-000700--,TENMSINGLES,Men's Singles,Men's Singles First Round,First Round,FINISHED,M,Tennis,TEN,Roland-Garros Stadium,1900430,EVANS Daniel,Person,GBR,Great Britain,2,SCORE,W,
10389,2024-07-28T16:22:04+02:00,TENMSINGLES-----------R64-001400--,TENMSINGLES,Men's Singles,Men's Singles First Round,First Round,FINISHED,M,Tennis,TEN,Roland-Garros Stadium,1896020,NAVONE Mariano,Person,ARG,Argentina,2,SCORE,W,
10390,2024-07-28T16:22:04+02:00,TENMSINGLES-----------R64-001400--,TENMSINGLES,Men's Singles,Men's Singles First Round,First Round,FINISHED,M,Tennis,TEN,Roland-Garros Stadium,1937336,BORGES Nuno,Person,POR,Portugal,0,SCORE,L,
11904,2024-07-28T16:31:43+02:00,TENMSINGLES-----------R64-002000--,TENMSINGLES,Men's Singles,Men's Singles First Round,First Round,FINISHED,M,Tennis,TEN,Roland-Garros Stadium,1958417,MAROZSAN Fabian,Person,HUN,Hungary,0,SCORE,L,
11905,2024-07-28T16:31:43+02:00,TENMSINGLES-----------R64-002000--,TENMSINGLES,Men's Singles,Men's Singles First Round,First Round,FINISHED,M,Tennis,TEN,Roland-Garros Stadium,1889617,HUMBERT Ugo,Person,FRA,France,2,SCORE,W,
8260,2024-07-28T17:18:24+02:00,TENMSINGLES-----------R64-003100--,TENMSINGLES,Men's Singles,Men's Singles First Round,First Round,FINISHED,M,Tennis,TEN,Roland-Garros Stadium,1966950,GRIEKSPOOR Tallon,Person,NED,Netherlands,2,SCORE,W,
8261,2024-07-28T17:18:24+02:00,TENMSINGLES-----------R64-003100--,TENMSINGLES,Men's Singles,Men's Singles First Round,First Round,FINISHED,M,Tennis,TEN,Roland-Garros Stadium,1969772,TSITSIPAS Petros,Person,GRE,Greece,0,SCORE,L,
9679,2024-07-28T17:19:51+02:00,TENMSINGLES-----------R64-001800--,TENMSINGLES,Men's Singles,Men's Singles First Round,First Round,FINISHED,M,Tennis,TEN,Roland-Garros Stadium,1563693,MARTINEZ Pedro,Person,ESP,Spain,1,SCORE,L,
9680,2024-07-28T17:19:51+02:00,TENMSINGLES-----------R64-001800--,TENMSINGLES,Men's Singles,Men's Singles First Round,First Round,FINISHED,M,Tennis,TEN,Roland-Garros Stadium,1562404,VAVASSORI Andrea,Person,ITA,Italy,2,SCORE,W,
12705,2024-07-28T17:30:32+02:00,TENMSINGLES-----------R64-000800--,TENMSINGLES,Men's Singles,Men's Singles First Round,First Round,FINISHED,M,Tennis,TEN,Roland-Garros Stadium,1941632,BERGS Zizou,Person,BEL,Belgium,1,SCORE,L,
12706,2024-07-28T17:30:32+02:00,TENMSINGLES-----------R64-000800--,TENMSINGLES,Men's Singles,Men's Singles First Round,First Round,FINISHED,M,Tennis,TEN,Roland-Garros Stadium,1961363,TSITSIPAS Stefanos,Person,GRE,Greece,2,SCORE,W,
6395,2024-07-28T17:43:18+02:00,TENMSINGLES-----------R64-002800--,TENMSINGLES,Men's Singles,Men's Singles First Round,First Round,FINISHED,M,Tennis,TEN,Roland-Garros Stadium,1562416,DARDERI Luciano,Person,ITA,Italy,0,SCORE,L,
6396,2024-07-28T17:43:18+02:00,TENMSINGLES-----------R64-002800--,TENMSINGLES,Men's Singles,Men's Singles First Round,First Round,FINISHED,M,Tennis,TEN,Roland-Garros Stadium,1930801,PAUL Tommy,Person,USA,United States,2,SCORE,W,
7247,2024-07-28T18:04:29+02:00,TENMSINGLES-----------R64-000500--,TENMSINGLES,Men's Singles,Men's Singles First Round,First Round,FINISHED,M,Tennis,TEN,Roland-Garros Stadium,1895848,BAEZ Sebastian,Person,ARG,Argentina,2,SCORE,W,
7248,2024-07-28T18:04:29+02:00,TENMSINGLES-----------R64-000500--,TENMSINGLES,Men's Singles,Men's Singles First Round,First Round,FINISHED,M,Tennis,TEN,Roland-Garros Stadium,1955869,MONTEIRO Thiago,Person,BRA,Brazil,0,SCORE,L,
533,2024-07-28T18:10:24+02:00,TENMSINGLES-----------R64-002500--,TENMSINGLES,Men's Singles,Men's Singles First Round,First Round,FINISHED,M,Tennis,TEN,Roland-Garros Stadium,1937335,CABRAL Francisco,Person,POR,Portugal,0,SCORE,L,
534,2024-07-28T18:10:24+02:00,TENMSINGLES-----------R64-002500--,TENMSINGLES,Men's Singles,Men's Singles First Round,First Round,FINISHED,M,Tennis,TEN,Roland-Garros Stadium,1558573,STRUFF Jan-Lennard,Person,GER,Germany,2,SCORE,W,
6399,2024-07-28T18:24:37+02:00,TENMSINGLES-----------R64-002900--,TENMSINGLES,Men's Singles,Men's Singles First Round,First Round,FINISHED,M,Tennis,TEN,Roland-Garros Stadium,1929981,TABILO Alejandro,Person,CHI,Chile,0,SCORE,L,
6400,2024-07-28T18:24:37+02:00,TENMSINGLES-----------R64-002900--,TENMSINGLES,Men's Singles,Men's Singles First Round,First Round,FINISHED,M,Tennis,TEN,Roland-Garros Stadium,1979718,SAFIULLIN Roman,Person,AIN,AIN,2,SCORE,W,
926,2024-07-28T18:56:57+02:00,TENMSINGLES-----------R64-001000--,TENMSINGLES,Men's Singles,Men's Singles First Round,First Round,FINISHED,M,Tennis,TEN,Roland-Garros Stadium,1901333,MACHAC Tomas,Person,CZE,Czechia,2,SCORE,W,
927,2024-07-28T18:56:57+02:00,TENMSINGLES-----------R64-001000--,TENMSINGLES,Men's Singles,Men's Singles First Round,First Round,FINISHED,M,Tennis,TEN,Roland-Garros Stadium,1927704,ZHANG Zhizhen,Person,CHN,China,1,SCORE,L,
920,2024-07-28T19:24:27+02:00,TENMSINGLES-----------R64-001100--,TENMSINGLES,Men's Singles,Men's Singles First Round,First Round,FINISHED,M,Tennis,TEN,Roland-Garros Stadium,1977908,WAWRINKA Stan,Person,SUI,Switzerland,2,SCORE,W,
921,2024-07-28T19:24:27+02:00,TENMSINGLES-----------R64-001100--,TENMSINGLES,Men's Singles,Men's Singles First Round,First Round,FINISHED,M,Tennis,TEN,Roland-Garros Stadium,1979715,KOTOV Pavel,Person,AIN,AIN,0,SCORE,L,
9683,2024-07-28T19:25:36+02:00,TENMSINGLES-----------R64-001900--,TENMSINGLES,Men's Singles,Men's Singles First Round,First Round,FINISHED,M,Tennis,TEN,Roland-Garros Stadium,1895861,CERUNDOLO Francisco,Person,ARG,Argentina,2,SCORE,W,
9684,2024-07-28T19:25:36+02:00,TENMSINGLES-----------R64-001900--,TENMSINGLES,Men's Singles,Men's Singles First Round,First Round,FINISHED,M,Tennis,TEN,Roland-Garros Stadium,1929689,BARRIOS VERA Marcelo Tomas,Person,CHI,Chile,0,SCORE,L,
10215,2024-07-28T20:25:25+02:00,TENMSINGLES-----------R64-002700--,TENMSINGLES,Men's Singles,Men's Singles First Round,First Round,FINISHED,M,Tennis,TEN,Roland-Garros Stadium,1901335,MENSIK Jakub,Person,CZE,Czechia,2,SCORE,W,
10216,2024-07-28T20:25:25+02:00,TENMSINGLES-----------R64-002700--,TENMSINGLES,Men's Singles,Men's Singles First Round,First Round,FINISHED,M,Tennis,TEN,Roland-Garros Stadium,1968603,SHEVCHENKO Alexander,Person,KAZ,Kazakhstan,0,SCORE,L,
7251,2024-07-28T21:11:50+02:00,TENMSINGLES-----------R64-000400--,TENMSINGLES,Men's Singles,Men's Singles First Round,First Round,FINISHED,M,Tennis,TEN,Roland-Garros Stadium,1562405,ARNALDI Matteo,Person,ITA,Italy,2,SCORE,W,
7252,2024-07-28T21:11:50+02:00,TENMSINGLES-----------R64-000400--,TENMSINGLES,Men's Singles,Men's Singles First Round,First Round,FINISHED,M,Tennis,TEN,Roland-Garros Stadium,1889619,FILS Arthur,Person,FRA,France,0,SCORE,L,
5961,2024-07-28T21:46:38+02:00,TENMSINGLES-----------R64-002200--,TENMSINGLES,Men's Singles,Men's Singles First Round,First Round,FINISHED,M,Tennis,TEN,Roland-Garros Stadium,1956400,LAJOVIC Dusan,Person,SRB,Serbia,1,SCORE,L,
5962,2024-07-28T21:46:38+02:00,TENMSINGLES-----------R64-002200--,TENMSINGLES,Men's Singles,Men's Singles First Round,First Round,FINISHED,M,Tennis,TEN,Roland-Garros Stadium,1558572,MARTERER Maximilian,Person,GER,Germany,2,SCORE,W,
8665,2024-07-28T22:24:03+02:00,TENMSINGLES-----------R64-001200--,TENMSINGLES,Men's Singles,Men's Singles First Round,First Round,FINISHED,M,Tennis,TEN,Roland-Garros Stadium,1967753,POPYRIN Alexei,Person,AUS,Australia,2,SCORE,W,
8666,2024-07-28T22:24:03+02:00,TENMSINGLES-----------R64-001200--,TENMSINGLES,Men's Singles,Men's Singles First Round,First Round,FINISHED,M,Tennis,TEN,Roland-Garros Stadium,1929786,JARRY Nicolas,Person,CHI,Chile,0,SCORE,L,
12291,2024-07-28T22:50:12+02:00,TENMSINGLES-----------R64-000300--,TENMSINGLES,Men's Singles,Men's Singles First Round,First Round,FINISHED,M,Tennis,TEN,Roland-Garros Stadium,1972634,RAONIC Milos,Person,CAN,Canada,1,SCORE,L,
12292,2024-07-28T22:50:12+02:00,TENMSINGLES-----------R64-000300--,TENMSINGLES,Men's Singles,Men's Singles First Round,First Round,FINISHED,M,Tennis,TEN,Roland-Garros Stadium,1558590,KOEPFER Dominik,Person,GER,Germany,2,SCORE,W,
2742,2024-07-29T23:22:49+02:00,TENMSINGLES-----------R32-000400--,TENMSINGLES,Men's Singles,Men's Singles Second Round,Second Round,FINISHED,M,Tennis,TEN,Roland-Garros Stadium,1900430,EVANS Daniel,Person,GBR,Great Britain,0,SCORE,L,
2743,2024-07-29T23:22:49+02:00,TENMSINGLES-----------R32-000400--,TENMSINGLES,Men's Singles,Men's Singles Second Round,Second Round,FINISHED,M,Tennis,TEN,Roland-Garros Stadium,1961363,TSITSIPAS Stefanos,Person,GRE,Greece,2,SCORE,W,
8555,2024-07-29T23:22:49+02:00,TENMSINGLES-----------R32-001000--,TENMSINGLES,Men's Singles,Men's Singles Second Round,Second Round,FINISHED,M,Tennis,TEN,Roland-Garros Stadium,1895861,CERUNDOLO Francisco,Person,ARG,Argentina,2,SCORE,W,
8556,2024-07-29T23:22:49+02:00,TENMSINGLES-----------R32-001000--,TENMSINGLES,Men's Singles,Men's Singles Second Round,Second Round,FINISHED,M,Tennis,TEN,Roland-Garros Stadium,1889617,HUMBERT Ugo,Person,FRA,France,1,SCORE,L,
4460,2024-07-29T23:22:50+02:00,TENMSINGLES-----------R32-000200--,TENMSINGLES,Men's Singles,Men's Singles Second Round,Second Round,FINISHED,M,Tennis,TEN,Roland-Garros Stadium,1558590,KOEPFER Dominik,Person,GER,Germany,2,SCORE,W,
4461,2024-07-29T23:22:50+02:00,TENMSINGLES-----------R32-000200--,TENMSINGLES,Men's Singles,Men's Singles Second Round,Second Round,FINISHED,M,Tennis,TEN,Roland-Garros Stadium,1562405,ARNALDI Matteo,Person,ITA,Italy,1,SCORE,L,
4464,2024-07-29T23:22:50+02:00,TENMSINGLES-----------R32-000300--,TENMSINGLES,Men's Singles,Men's Singles Second Round,Second Round,FINISHED,M,Tennis,TEN,Roland-Garros Stadium,1895848,BAEZ Sebastian,Person,ARG,Argentina,2,SCORE,W,
4465,2024-07-29T23:22:50+02:00,TENMSINGLES-----------R32-000300--,TENMSINGLES,Men's Singles,Men's Singles Second Round,Second Round,FINISHED,M,Tennis,TEN,Roland-Garros Stadium,4118990,HASSAN Benjamin,Person,LBN,Lebanon,1,SCORE,L,
6187,2024-07-29T23:22:50+02:00,TENMSINGLES-----------R32-001500--,TENMSINGLES,Men's Singles,Men's Singles Second Round,Second Round,FINISHED,M,Tennis,TEN,Roland-Garros Stadium,1979718,SAFIULLIN Roman,Person,AIN,AIN,2,SCORE,W,
6188,2024-07-29T23:22:50+02:00,TENMSINGLES-----------R32-001500--,TENMSINGLES,Men's Singles,Men's Singles Second Round,Second Round,FINISHED,M,Tennis,TEN,Roland-Garros Stadium,1895916,ETCHEVERRY Tomas Martin,Person,ARG,Argentina,0,SCORE,L,
898,2024-07-30T14:56:58+02:00,TENMSINGLES-----------R32-001300--,TENMSINGLES,Men's Singles,Men's Singles Second Round,Second Round,FINISHED,M,Tennis,TEN,Roland-Garros Stadium,1558573,STRUFF Jan-Lennard,Person,GER,Germany,,SCORE,L,
899,2024-07-30T14:56:58+02:00,TENMSINGLES-----------R32-001300--,TENMSINGLES,Men's Singles,Men's Singles Second Round,Second Round,FINISHED,M,Tennis,TEN,Roland-Garros Stadium,1889632,MOUTET Corentin,Person,FRA,France,,IRM,W,W/O
8544,2024-07-30T15:01:32+02:00,TENMSINGLES-----------R32-001100--,TENMSINGLES,Men's Singles,Men's Singles Second Round,Second Round,FINISHED,M,Tennis,TEN,Roland-Garros Stadium,1972646,AUGER-ALIASSIME Felix,Person,CAN,Canada,2,SCORE,W,
8545,2024-07-30T15:01:32+02:00,TENMSINGLES-----------R32-001100--,TENMSINGLES,Men's Singles,Men's Singles Second Round,Second Round,FINISHED,M,Tennis,TEN,Roland-Garros Stadium,1558572,MARTERER Maximilian,Person,GER,Germany,0,SCORE,L,
7280,2024-07-30T15:06:30+02:00,TENMSINGLES-----------R32-000700--,TENMSINGLES,Men's Singles,Men's Singles Second Round,Second Round,FINISHED,M,Tennis,TEN,Roland-Garros Stadium,1562400,MUSETTI Lorenzo,Person,ITA,Italy,2,SCORE,W,
7281,2024-07-30T15:06:30+02:00,TENMSINGLES-----------R32-000700--,TENMSINGLES,Men's Singles,Men's Singles Second Round,Second Round,FINISHED,M,Tennis,TEN,Roland-Garros Stadium,1896020,NAVONE Mariano,Person,ARG,Argentina,0,SCORE,L,
7264,2024-07-30T16:11:13+02:00,TENMSINGLES-----------R32-000600--,TENMSINGLES,Men's Singles,Men's Singles Second Round,Second Round,FINISHED,M,Tennis,TEN,Roland-Garros Stadium,1977908,WAWRINKA Stan,Person,SUI,Switzerland,0,SCORE,L,
7265,2024-07-30T16:11:13+02:00,TENMSINGLES-----------R32-000600--,TENMSINGLES,Men's Singles,Men's Singles Second Round,Second Round,FINISHED,M,Tennis,TEN,Roland-Garros Stadium,1967753,POPYRIN Alexei,Person,AUS,Australia,2,SCORE,W,
6191,2024-07-30T16:35:24+02:00,TENMSINGLES-----------R32-001400--,TENMSINGLES,Men's Singles,Men's Singles Second Round,Second Round,FINISHED,M,Tennis,TEN,Roland-Garros Stadium,1901335,MENSIK Jakub,Person,CZE,Czechia,0,SCORE,L,
6192,2024-07-30T16:35:24+02:00,TENMSINGLES-----------R32-001400--,TENMSINGLES,Men's Singles,Men's Singles Second Round,Second Round,FINISHED,M,Tennis,TEN,Roland-Garros Stadium,1930801,PAUL Tommy,Person,USA,United States,2,SCORE,W,
6991,2024-07-31T13:29:16+02:00,TENMSINGLES-----------8FNL000200--,TENMSINGLES,Men's Singles,Men's Singles Third Round,Third Round,FINISHED,M,Tennis,TEN,Roland-Garros Stadium,1895848,BAEZ Sebastian,Person,ARG,Argentina,0,SCORE,L,
6992,2024-07-31T13:29:16+02:00,TENMSINGLES-----------8FNL000200--,TENMSINGLES,Men's Singles,Men's Singles Third Round,Third Round,FINISHED,M,Tennis,TEN,Roland-Garros Stadium,1961363,TSITSIPAS Stefanos,Person,GRE,Greece,2,SCORE,W,
12166,2024-07-31T14:43:45+02:00,TENMSINGLES-----------8FNL000400--,TENMSINGLES,Men's Singles,Men's Singles Third Round,Third Round,FINISHED,M,Tennis,TEN,Roland-Garros Stadium,1562400,MUSETTI Lorenzo,Person,ITA,Italy,2,SCORE,W,
12167,2024-07-31T14:43:45+02:00,TENMSINGLES-----------8FNL000400--,TENMSINGLES,Men's Singles,Men's Singles Third Round,Third Round,FINISHED,M,Tennis,TEN,Roland-Garros Stadium,1930782,FRITZ Taylor,Person,USA,United States,0,SCORE,L,
4528,2024-07-31T17:38:19+02:00,TENMSINGLES-----------R64-000100--,TENMSINGLES,Men's Singles,Men's Singles First Round,First Round,FINISHED,M,Tennis,TEN,Roland-Garros Stadium,1956398,DJOKOVIC Novak,Person,SRB,Serbia,2,SCORE,W,
4529,2024-07-31T17:38:19+02:00,TENMSINGLES-----------R64-000100--,TENMSINGLES,Men's Singles,Men's Singles First Round,First Round,FINISHED,M,Tennis,TEN,Roland-Garros Stadium,1967767,EBDEN Matthew,Person,AUS,Australia,0,SCORE,L,
6098,2024-07-31T17:38:56+02:00,TENMSINGLES-----------R64-001600--,TENMSINGLES,Men's Singles,Men's Singles First Round,First Round,FINISHED,M,Tennis,TEN,Roland-Garros Stadium,1930276,BUBLIK Alexander,Person,KAZ,Kazakhstan,0,SCORE,L,
6099,2024-07-31T17:38:56+02:00,TENMSINGLES-----------R64-001600--,TENMSINGLES,Men's Singles,Men's Singles First Round,First Round,FINISHED,M,Tennis,TEN,Roland-Garros Stadium,1930782,FRITZ Taylor,Person,USA,United States,2,SCORE,W,
2065,2024-07-31T17:41:31+02:00,TENMSINGLES-----------R64-003200--,TENMSINGLES,Men's Singles,Men's Singles First Round,First Round,FINISHED,M,Tennis,TEN,Roland-Garros Stadium,4968996,HABIB Hady,Person,LBN,Lebanon,0,SCORE,L,
2066,2024-07-31T17:41:31+02:00,TENMSINGLES-----------R64-003200--,TENMSINGLES,Men's Singles,Men's Singles First Round,First Round,FINISHED,M,Tennis,TEN,Roland-Garros Stadium,1563682,ALCARAZ Carlos,Person,ESP,Spain,2,SCORE,W,
551,2024-07-31T17:43:55+02:00,TENMSINGLES-----------R64-002400--,TENMSINGLES,Men's Singles,Men's Singles First Round,First Round,FINISHED,M,Tennis,TEN,Roland-Garros Stadium,1967772,HIJIKATA Rinky,Person,AUS,Australia,0,SCORE,L,
552,2024-07-31T17:43:55+02:00,TENMSINGLES-----------R64-002400--,TENMSINGLES,Men's Singles,Men's Singles First Round,First Round,FINISHED,M,Tennis,TEN,Roland-Garros Stadium,1979738,MEDVEDEV Daniil,Person,AIN,AIN,2,SCORE,W,
4356,2024-07-31T18:04:50+02:00,TENMSINGLES-----------8FNL000600--,TENMSINGLES,Men's Singles,Men's Singles Third Round,Third Round,FINISHED,M,Tennis,TEN,Roland-Garros Stadium,1972646,AUGER-ALIASSIME Felix,Person,CAN,Canada,2,SCORE,W,
4357,2024-07-31T18:04:50+02:00,TENMSINGLES-----------8FNL000600--,TENMSINGLES,Men's Singles,Men's Singles Third Round,Third Round,FINISHED,M,Tennis,TEN,Roland-Garros Stadium,1979738,MEDVEDEV Daniil,Person,AIN,AIN,0,SCORE,L,
12289,2024-07-31T18:11:43+02:00,TENMSINGLES-----------R64-000200--,TENMSINGLES,Men's Singles,Men's Singles First Round,First Round,FINISHED,M,Tennis,TEN,Roland-Garros Stadium,1958170,FUCSOVICS Marton,Person,HUN,Hungary,1,SCORE,L,
12290,2024-07-31T18:11:43+02:00,TENMSINGLES-----------R64-000200--,TENMSINGLES,Men's Singles,Men's Singles First Round,First Round,FINISHED,M,Tennis,TEN,Roland-Garros Stadium,1563697,NADAL Rafael,Person,ESP,Spain,2,SCORE,W,
12711,2024-07-31T18:23:35+02:00,TENMSINGLES-----------R64-000900--,TENMSINGLES,Men's Singles,Men's Singles First Round,First Round,FINISHED,M,Tennis,TEN,Roland-Garros Stadium,1558569,ZVEREV Alexander,Person,GER,Germany,2,SCORE,W,
12712,2024-07-31T18:23:35+02:00,TENMSINGLES-----------R64-000900--,TENMSINGLES,Men's Singles,Men's Singles First Round,First Round,FINISHED,M,Tennis,TEN,Roland-Garros Stadium,1563696,MUNAR Jaume,Person,ESP,Spain,0,SCORE,L,
6102,2024-07-31T18:29:02+02:00,TENMSINGLES-----------R64-001700--,TENMSINGLES,Men's Singles,Men's Singles First Round,First Round,FINISHED,M,Tennis,TEN,Roland-Garros Stadium,1878619,RUUD Casper,Person,NOR,Norway,2,SCORE,W,
6103,2024-07-31T18:29:02+02:00,TENMSINGLES-----------R64-001700--,TENMSINGLES,Men's Singles,Men's Singles First Round,First Round,FINISHED,M,Tennis,TEN,Roland-Garros Stadium,1896661,DANIEL Taro,Person,JPN,Japan,0,SCORE,L,
8671,2024-07-31T18:31:35+02:00,TENMSINGLES-----------R64-001300--,TENMSINGLES,Men's Singles,Men's Singles First Round,First Round,FINISHED,M,Tennis,TEN,Roland-Garros Stadium,1562400,MUSETTI Lorenzo,Person,ITA,Italy,2,SCORE,W,
8672,2024-07-31T18:31:35+02:00,TENMSINGLES-----------R64-001300--,TENMSINGLES,Men's Singles,Men's Singles First Round,First Round,FINISHED,M,Tennis,TEN,Roland-Garros Stadium,1889621,MONFILS Gael,Person,FRA,France,0,SCORE,L,
12170,2024-07-31T18:41:53+02:00,TENMSINGLES-----------R32-000100--,TENMSINGLES,Men's Singles,Men's Singles Second Round,Second Round,FINISHED,M,Tennis,TEN,Roland-Garros Stadium,1956398,DJOKOVIC Novak,Person,SRB,Serbia,2,SCORE,W,
12171,2024-07-31T18:41:53+02:00,TENMSINGLES-----------R32-000100--,TENMSINGLES,Men's Singles,Men's Singles Second Round,Second Round,FINISHED,M,Tennis,TEN,Roland-Garros Stadium,1563697,NADAL Rafael,Person,ESP,Spain,0,SCORE,L,
10413,2024-07-31T18:44:51+02:00,TENMSINGLES-----------R32-001600--,TENMSINGLES,Men's Singles,Men's Singles Second Round,Second Round,FINISHED,M,Tennis,TEN,Roland-Garros Stadium,1966950,GRIEKSPOOR Tallon,Person,NED,Netherlands,0,SCORE,L,
10414,2024-07-31T18:44:51+02:00,TENMSINGLES-----------R32-001600--,TENMSINGLES,Men's Singles,Men's Singles Second Round,Second Round,FINISHED,M,Tennis,TEN,Roland-Garros Stadium,1563682,ALCARAZ Carlos,Person,ESP,Spain,2,SCORE,W,
3402,2024-07-31T18:52:28+02:00,TENMSINGLES-----------R32-000900--,TENMSINGLES,Men's Singles,Men's Singles Second Round,Second Round,FINISHED,M,Tennis,TEN,Roland-Garros Stadium,1878619,RUUD Casper,Person,NOR,Norway,2,SCORE,W,
3403,2024-07-31T18:52:28+02:00,TENMSINGLES-----------R32-000900--,TENMSINGLES,Men's Singles,Men's Singles Second Round,Second Round,FINISHED,M,Tennis,TEN,Roland-Garros Stadium,1562404,VAVASSORI Andrea,Person,ITA,Italy,1,SCORE,L,
2726,2024-07-31T19:03:54+02:00,TENMSINGLES-----------R32-000500--,TENMSINGLES,Men's Singles,Men's Singles Second Round,Second Round,FINISHED,M,Tennis,TEN,Roland-Garros Stadium,1558569,ZVEREV Alexander,Person,GER,Germany,2,SCORE,W,
2727,2024-07-31T19:03:54+02:00,TENMSINGLES-----------R32-000500--,TENMSINGLES,Men's Singles,Men's Singles Second Round,Second Round,FINISHED,M,Tennis,TEN,Roland-Garros Stadium,1901333,MACHAC Tomas,Person,CZE,Czechia,0,SCORE,L,
875,2024-07-31T19:05:13+02:00,TENMSINGLES-----------R32-001200--,TENMSINGLES,Men's Singles,Men's Singles Second Round,Second Round,FINISHED,M,Tennis,TEN,Roland-Garros Stadium,1562304,OFNER Sebastian,Person,AUT,Austria,0,SCORE,L,
876,2024-07-31T19:05:13+02:00,TENMSINGLES-----------R32-001200--,TENMSINGLES,Men's Singles,Men's Singles Second Round,Second Round,FINISHED,M,Tennis,TEN,Roland-Garros Stadium,1979738,MEDVEDEV Daniil,Person,AIN,AIN,2,SCORE,W,
2358,2024-07-31T19:05:41+02:00,TENMSINGLES-----------8FNL000100--,TENMSINGLES,Men's Singles,Men's Singles Third Round,Third Round,FINISHED,M,Tennis,TEN,Roland-Garros Stadium,1956398,DJOKOVIC Novak,Person,SRB,Serbia,2,SCORE,W,
2359,2024-07-31T19:05:41+02:00,TENMSINGLES-----------8FNL000100--,TENMSINGLES,Men's Singles,Men's Singles Third Round,Third Round,FINISHED,M,Tennis,TEN,Roland-Garros Stadium,1558590,KOEPFER Dominik,Person,GER,Germany,0,SCORE,L,
3388,2024-07-31T19:06:42+02:00,TENMSINGLES-----------R32-000800--,TENMSINGLES,Men's Singles,Men's Singles Second Round,Second Round,FINISHED,M,Tennis,TEN,Roland-Garros Stadium,1900429,DRAPER Jack,Person,GBR,Great Britain,1,SCORE,L,
3389,2024-07-31T19:06:42+02:00,TENMSINGLES-----------R32-000800--,TENMSINGLES,Men's Singles,Men's Singles Second Round,Second Round,FINISHED,M,Tennis,TEN,Roland-Garros Stadium,1930782,FRITZ Taylor,Person,USA,United States,2,SCORE,W,
4372,2024-07-31T19:09:10+02:00,TENMSINGLES-----------8FNL000700--,TENMSINGLES,Men's Singles,Men's Singles Third Round,Third Round,FINISHED,M,Tennis,TEN,Roland-Garros Stadium,1889632,MOUTET Corentin,Person,FRA,France,0,SCORE,L,
4373,2024-07-31T19:09:10+02:00,TENMSINGLES-----------8FNL000700--,TENMSINGLES,Men's Singles,Men's Singles Third Round,Third Round,FINISHED,M,Tennis,TEN,Roland-Garros Stadium,1930801,PAUL Tommy,Person,USA,United States,2,SCORE,W,
8118,2024-07-31T19:10:37+02:00,TENMSINGLES-----------8FNL000800--,TENMSINGLES,Men's Singles,Men's Singles Third Round,Third Round,FINISHED,M,Tennis,TEN,Roland-Garros Stadium,1979718,SAFIULLIN Roman,Person,AIN,AIN,0,SCORE,L,
8119,2024-07-31T19:10:37+02:00,TENMSINGLES-----------8FNL000800--,TENMSINGLES,Men's Singles,Men's Singles Third Round,Third Round,FINISHED,M,Tennis,TEN,Roland-Garros Stadium,1563682,ALCARAZ Carlos,Person,ESP,Spain,2,SCORE,W,
12152,2024-07-31T19:43:33+02:00,TENMSINGLES-----------8FNL000500--,TENMSINGLES,Men's Singles,Men's Singles Third Round,Third Round,FINISHED,M,Tennis,TEN,Roland-Garros Stadium,1878619,RUUD Casper,Person,NOR,Norway,2,SCORE,W,
12153,2024-07-31T19:43:33+02:00,TENMSINGLES-----------8FNL000500--,TENMSINGLES,Men's Singles,Men's Singles Third Round,Third Round,FINISHED,M,Tennis,TEN,Roland-Garros Stadium,1895861,CERUNDOLO Francisco,Person,ARG,Argentina,0,SCORE,L,
6995,2024-07-31T20:46:37+02:00,TENMSINGLES-----------8FNL000300--,TENMSINGLES,Men's Singles,Men's Singles Third Round,Third Round,FINISHED,M,Tennis,TEN,Roland-Garros Stadium,1558569,ZVEREV Alexander,Person,GER,Germany,2,SCORE,W,
6996,2024-07-31T20:46:37+02:00,TENMSINGLES-----------8FNL000300--,TENMSINGLES,Men's Singles,Men's Singles Third Round,Third Round,FINISHED,M,Tennis,TEN,Roland-Garros Stadium,1967753,POPYRIN Alexei,Person,AUS,Australia,0,SCORE,L,
7962,2024-08-01T16:34:05+02:00,TENMSINGLES-----------QFNL000400--,TENMSINGLES,Men's Singles,Men's Singles Quarter-final,Quarter-final,FINISHED,M,Tennis,TEN,Roland-Garros Stadium,1930801,PAUL Tommy,Person,USA,United States,0,SCORE,L,
7963,2024-08-01T16:34:05+02:00,TENMSINGLES-----------QFNL000400--,TENMSINGLES,Men's Singles,Men's Singles Quarter-final,Quarter-final,FINISHED,M,Tennis,TEN,Roland-Garros Stadium,1563682,ALCARAZ Carlos,Person,ESP,Spain,2,SCORE,W,
12703,2024-08-01T16:48:09+02:00,TENMSINGLES-----------QFNL000200--,TENMSINGLES,Men's Singles,Men's Singles Quarter-final,Quarter-final,FINISHED,M,Tennis,TEN,Roland-Garros Stadium,1558569,ZVEREV Alexander,Person,GER,Germany,0,SCORE,L,
12704,2024-08-01T16:48:09+02:00,TENMSINGLES-----------QFNL000200--,TENMSINGLES,Men's Singles,Men's Singles Quarter-final,Quarter-final,FINISHED,M,Tennis,TEN,Roland-Garros Stadium,1562400,MUSETTI Lorenzo,Person,ITA,Italy,2,SCORE,W,
12713,2024-08-01T20:00:16+02:00,TENMSINGLES-----------QFNL000300--,TENMSINGLES,Men's Singles,Men's Singles Quarter-final,Quarter-final,FINISHED,M,Tennis,TEN,Roland-Garros Stadium,1878619,RUUD Casper,Person,NOR,Norway,1,SCORE,L,
12714,2024-08-01T20:00:16+02:00,TENMSINGLES-----------QFNL000300--,TENMSINGLES,Men's Singles,Men's Singles Quarter-final,Quarter-final,FINISHED,M,Tennis,TEN,Roland-Garros Stadium,1972646,AUGER-ALIASSIME Felix,Person,CAN,Canada,2,SCORE,W,
3358,2024-08-01T21:22:19+02:00,TENMSINGLES-----------QFNL000100--,TENMSINGLES,Men's Singles,Men's Singles Quarter-final,Quarter-final,FINISHED,M,Tennis,TEN,Roland-Garros Stadium,1956398,DJOKOVIC Novak,Person,SRB,Serbia,2,SCORE,W,
3359,2024-08-01T21:22:19+02:00,TENMSINGLES-----------QFNL000100--,TENMSINGLES,Men's Singles,Men's Singles Quarter-final,Quarter-final,FINISHED,M,Tennis,TEN,Roland-Garros Stadium,1961363,TSITSIPAS Stefanos,Person,GRE,Greece,0,SCORE,L,
2798,2024-08-02T15:00:55+02:00,TENMSINGLES-----------SFNL000200--,TENMSINGLES,Men's Singles,Men's Singles Semi-final,Semi-final,FINISHED,M,Tennis,TEN,Roland-Garros Stadium,1972646,AUGER-ALIASSIME Felix,Person,CAN,Canada,0,SCORE,L,
2799,2024-08-02T15:00:55+02:00,TENMSINGLES-----------SFNL000200--,TENMSINGLES,Men's Singles,Men's Singles Semi-final,Semi-final,FINISHED,M,Tennis,TEN,Roland-Garros Stadium,1563682,ALCARAZ Carlos,Person,ESP,Spain,2,SCORE,W,
7362,2024-08-02T23:14:21+02:00,TENMSINGLES-----------SFNL000100--,TENMSINGLES,Men's Singles,Men's Singles Semi-final,Semi-final,FINISHED,M,Tennis,TEN,Roland-Garros Stadium,1956398,DJOKOVIC Novak,Person,SRB,Serbia,2,SCORE,W,
7363,2024-08-02T23:14:21+02:00,TENMSINGLES-----------SFNL000100--,TENMSINGLES,Men's Singles,Men's Singles Semi-final,Semi-final,FINISHED,M,Tennis,TEN,Roland-Garros Stadium,1562400,MUSETTI Lorenzo,Person,ITA,Italy,0,SCORE,L,
3104,2024-08-03T21:26:58+02:00,TENMSINGLES-----------FNL-000200--,TENMSINGLES,Men's Singles,Men's Singles Bronze Medal Match,Bronze Medal Match,FINISHED,M,Tennis,TEN,Roland-Garros Stadium,1562400,MUSETTI Lorenzo,Person,ITA,Italy,2,SCORE,W,
3105,2024-08-03T21:26:58+02:00,TENMSINGLES-----------FNL-000200--,TENMSINGLES,Men's Singles,Men's Singles Bronze Medal Match,Bronze Medal Match,FINISHED,M,Tennis,TEN,Roland-Garros Stadium,1972646,AUGER-ALIASSIME Felix,Person,CAN,Canada,1,SCORE,L,
7583,2024-08-04T17:03:49+02:00,TENMSINGLES-----------FNL-000100--,TENMSINGLES,Men's Singles,Men's Singles Gold Medal Match,Gold Medal Match,FINISHED,M,Tennis,TEN,Roland-Garros Stadium,1956398,DJOKOVIC Novak,Person,SRB,Serbia,2,SCORE,W,
7584,2024-08-04T17:03:49+02:00,TENMSINGLES-----------FNL-000100--,TENMSINGLES,Men's Singles,Men's Singles Gold Medal Match,Gold Medal Match,FINISHED,M,Tennis,TEN,Roland-Garros Stadium,1563682,ALCARAZ Carlos,Person,ESP,Spain,0,SCORE,L,
918,2024-07-29T23:22:50+02:00,TENXDOUBLES-----------8FNL000600--,TENXDOUBLES,Mixed Doubles,Mixed Doubles First Round,First Round,FINISHED,X,Tennis,TEN,Roland-Garros Stadium,TENXDOUBLES-NED01,Schuurs / Koolhof,Team,NED,Netherlands,2,SCORE,W,
919,2024-07-29T23:22:50+02:00,TENXDOUBLES-----------8FNL000600--,TENXDOUBLES,Mixed Doubles,Mixed Doubles First Round,First Round,FINISHED,X,Tennis,TEN,Roland-Garros Stadium,TENXDOUBLES-GRE01,Sakkari / Tsitsipas,Team,GRE,Greece,0,SCORE,L,
10383,2024-07-29T23:22:50+02:00,TENXDOUBLES-----------8FNL000200--,TENXDOUBLES,Mixed Doubles,Mixed Doubles First Round,First Round,FINISHED,X,Tennis,TEN,Roland-Garros Stadium,TENXDOUBLES-FRA01,Garcia / Roger-Vasselin,Team,FRA,France,1,SCORE,L,
10384,2024-07-29T23:22:50+02:00,TENXDOUBLES-----------8FNL000200--,TENXDOUBLES,Mixed Doubles,Mixed Doubles First Round,First Round,FINISHED,X,Tennis,TEN,Roland-Garros Stadium,TENXDOUBLES-JPN01,Shibahara / Nishikori,Team,JPN,Japan,2,SCORE,W,
11388,2024-07-29T23:22:50+02:00,TENXDOUBLES-----------8FNL000800--,TENXDOUBLES,Mixed Doubles,Mixed Doubles First Round,First Round,FINISHED,X,Tennis,TEN,Roland-Garros Stadium,TENXDOUBLES-ESP01,Sorribes Tormo / Granollers,Team,ESP,Spain,0,SCORE,L,
11389,2024-07-29T23:22:50+02:00,TENXDOUBLES-----------8FNL000800--,TENXDOUBLES,Mixed Doubles,Mixed Doubles First Round,First Round,FINISHED,X,Tennis,TEN,Roland-Garros Stadium,TENXDOUBLES-AUS01,Perez / Ebden,Team,AUS,Australia,2,SCORE,W,
924,2024-07-30T19:39:04+02:00,TENXDOUBLES-----------8FNL000700--,TENXDOUBLES,Mixed Doubles,Mixed Doubles First Round,First Round,FINISHED,X,Tennis,TEN,Roland-Garros Stadium,TENXDOUBLES-BRA01,Stefani / Seyboth Wild,Team,BRA,Brazil,1,SCORE,L,
925,2024-07-30T19:39:04+02:00,TENXDOUBLES-----------8FNL000700--,TENXDOUBLES,Mixed Doubles,Mixed Doubles First Round,First Round,FINISHED,X,Tennis,TEN,Roland-Garros Stadium,TENXDOUBLES-CHN01,Wang / Zhang,Team,CHN,China,2,SCORE,W,
10393,2024-07-30T21:05:42+02:00,TENXDOUBLES-----------8FNL000300--,TENXDOUBLES,Mixed Doubles,Mixed Doubles First Round,First Round,FINISHED,X,Tennis,TEN,Roland-Garros Stadium,TENXDOUBLES-USA01,Gauff / Fritz,Team,USA,United States,2,SCORE,W,
10394,2024-07-30T21:05:42+02:00,TENXDOUBLES-----------8FNL000300--,TENXDOUBLES,Mixed Doubles,Mixed Doubles First Round,First Round,FINISHED,X,Tennis,TEN,Roland-Garros Stadium,TENXDOUBLES-ARG01,Podoroska / Gonzalez,Team,ARG,Argentina,1,SCORE,L,
8673,2024-07-30T22:44:34+02:00,TENXDOUBLES-----------8FNL000400--,TENXDOUBLES,Mixed Doubles,Mixed Doubles First Round,First Round,FINISHED,X,Tennis,TEN,Roland-Garros Stadium,TENXDOUBLES-GBR01,Watson / Salisbury,Team,GBR,Great Britain,1,SCORE,L,
8674,2024-07-30T22:44:34+02:00,TENXDOUBLES-----------8FNL000400--,TENXDOUBLES,Mixed Doubles,Mixed Doubles First Round,First Round,FINISHED,X,Tennis,TEN,Roland-Garros Stadium,TENXDOUBLES-CAN01,Dabrowski / Auger-Aliassime,Team,CAN,Canada,2,SCORE,W,
9492,2024-07-31T15:43:58+02:00,TENXDOUBLES-----------QFNL000300--,TENXDOUBLES,Mixed Doubles,Mixed Doubles Quarter-final,Quarter-final,FINISHED,X,Tennis,TEN,Roland-Garros Stadium,TENXDOUBLES-ITA01,Errani / Vavassori,Team,ITA,Italy,1,SCORE,L,
9493,2024-07-31T15:43:58+02:00,TENXDOUBLES-----------QFNL000300--,TENXDOUBLES,Mixed Doubles,Mixed Doubles Quarter-final,Quarter-final,FINISHED,X,Tennis,TEN,Roland-Garros Stadium,TENXDOUBLES-NED01,Schuurs / Koolhof,Team,NED,Netherlands,2,SCORE,W,
6092,2024-07-31T18:54:09+02:00,TENXDOUBLES-----------8FNL000100--,TENXDOUBLES,Mixed Doubles,Mixed Doubles First Round,First Round,FINISHED,X,Tennis,TEN,Roland-Garros Stadium,TENXDOUBLES-GER01,Siegemund / Zverev,Team,GER,Germany,0,SCORE,L,
6093,2024-07-31T18:54:09+02:00,TENXDOUBLES-----------8FNL000100--,TENXDOUBLES,Mixed Doubles,Mixed Doubles First Round,First Round,FINISHED,X,Tennis,TEN,Roland-Garros Stadium,TENXDOUBLES-CZE01,Siniakova / Machac,Team,CZE,Czechia,2,SCORE,W,
8669,2024-07-31T18:58:15+02:00,TENXDOUBLES-----------8FNL000500--,TENXDOUBLES,Mixed Doubles,Mixed Doubles First Round,First Round,FINISHED,X,Tennis,TEN,Roland-Garros Stadium,TENXDOUBLES-ITA01,Errani / Vavassori,Team,ITA,Italy,2,SCORE,W,
8670,2024-07-31T18:58:15+02:00,TENXDOUBLES-----------8FNL000500--,TENXDOUBLES,Mixed Doubles,Mixed Doubles First Round,First Round,FINISHED,X,Tennis,TEN,Roland-Garros Stadium,TENXDOUBLES-AIN01,Andreeva / Medvedev,Team,AIN,AIN,0,SCORE,L,
9482,2024-07-31T22:21:52+02:00,TENXDOUBLES-----------QFNL000200--,TENXDOUBLES,Mixed Doubles,Mixed Doubles Quarter-final,Quarter-final,FINISHED,X,Tennis,TEN,Roland-Garros Stadium,TENXDOUBLES-USA01,Gauff / Fritz,Team,USA,United States,1,SCORE,L,
9483,2024-07-31T22:21:52+02:00,TENXDOUBLES-----------QFNL000200--,TENXDOUBLES,Mixed Doubles,Mixed Doubles Quarter-final,Quarter-final,FINISHED,X,Tennis,TEN,Roland-Garros Stadium,TENXDOUBLES-CAN01,Dabrowski / Auger-Aliassime,Team,CAN,Canada,2,SCORE,W,
11202,2024-07-31T22:22:14+02:00,TENXDOUBLES-----------QFNL000400--,TENXDOUBLES,Mixed Doubles,Mixed Doubles Quarter-final,Quarter-final,FINISHED,X,Tennis,TEN,Roland-Garros Stadium,TENXDOUBLES-CHN01,Wang / Zhang,Team,CHN,China,2,SCORE,W,
11203,2024-07-31T22:22:14+02:00,TENXDOUBLES-----------QFNL000400--,TENXDOUBLES,Mixed Doubles,Mixed Doubles Quarter-final,Quarter-final,FINISHED,X,Tennis,TEN,Roland-Garros Stadium,TENXDOUBLES-AUS01,Perez / Ebden,Team,AUS,Australia,1,SCORE,L,
91,2024-07-31T22:46:50+02:00,TENXDOUBLES-----------QFNL000100--,TENXDOUBLES,Mixed Doubles,Mixed Doubles Quarter-final,Quarter-final,FINISHED,X,Tennis,TEN,Roland-Garros Stadium,TENXDOUBLES-CZE01,Siniakova / Machac,Team,CZE,Czechia,2,SCORE,W,
92,2024-07-31T22:46:50+02:00,TENXDOUBLES-----------QFNL000100--,TENXDOUBLES,Mixed Doubles,Mixed Doubles Quarter-final,Quarter-final,FINISHED,X,Tennis,TEN,Roland-Garros Stadium,TENXDOUBLES-JPN01,Shibahara / Nishikori,Team,JPN,Japan,0,SCORE,L,
6401,2024-08-01T15:49:47+02:00,TENXDOUBLES-----------SFNL000200--,TENXDOUBLES,Mixed Doubles,Mixed Doubles Semi-final,Semi-final,FINISHED,X,Tennis,TEN,Roland-Garros Stadium,TENXDOUBLES-NED01,Schuurs / Koolhof,Team,NED,Netherlands,1,SCORE,L,
6402,2024-08-01T15:49:47+02:00,TENXDOUBLES-----------SFNL000200--,TENXDOUBLES,Mixed Doubles,Mixed Doubles Semi-final,Semi-final,FINISHED,X,Tennis,TEN,Roland-Garros Stadium,TENXDOUBLES-CHN01,Wang / Zhang,Team,CHN,China,2,SCORE,W,
10586,2024-08-01T22:24:45+02:00,TENXDOUBLES-----------SFNL000100--,TENXDOUBLES,Mixed Doubles,Mixed Doubles Semi-final,Semi-final,FINISHED,X,Tennis,TEN,Roland-Garros Stadium,TENXDOUBLES-CZE01,Siniakova / Machac,Team,CZE,Czechia,2,SCORE,W,
10587,2024-08-01T22:24:45+02:00,TENXDOUBLES-----------SFNL000100--,TENXDOUBLES,Mixed Doubles,Mixed Doubles Semi-final,Semi-final,FINISHED,X,Tennis,TEN,Roland-Garros Stadium,TENXDOUBLES-CAN01,Dabrowski / Auger-Aliassime,Team,CAN,Canada,0,SCORE,L,
6663,2024-08-02T19:22:52+02:00,TENXDOUBLES-----------FNL-000200--,TENXDOUBLES,Mixed Doubles,Mixed Doubles Bronze Medal Match,Bronze Medal Match,FINISHED,X,Tennis,TEN,Roland-Garros Stadium,TENXDOUBLES-CAN01,Dabrowski / Auger-Aliassime,Team,CAN,Canada,2,SCORE,W,
6664,2024-08-02T19:22:52+02:00,TENXDOUBLES-----------FNL-000200--,TENXDOUBLES,Mixed Doubles,Mixed Doubles Bronze Medal Match,Bronze Medal Match,FINISHED,X,Tennis,TEN,Roland-Garros Stadium,TENXDOUBLES-NED01,Schuurs / Koolhof,Team,NED,Netherlands,0,SCORE,L,
10863,2024-08-02T22:53:28+02:00,TENXDOUBLES-----------FNL-000100--,TENXDOUBLES,Mixed Doubles,Mixed Doubles Gold Medal Match,Gold Medal Match,FINISHED,X,Tennis,TEN,Roland-Garros Stadium,TENXDOUBLES-CZE01,Siniakova / Machac,Team,CZE,Czechia,2,SCORE,W,
10864,2024-08-02T22:53:28+02:00,TENXDOUBLES-----------FNL-000100--,TENXDOUBLES,Mixed Doubles,Mixed Doubles Gold Medal Match,Gold Medal Match,FINISHED,X,Tennis,TEN,Roland-Garros Stadium,TENXDOUBLES-CHN01,Wang / Zhang,Team,CHN,China,1,SCORE,L,
8930,2024-07-28T21:38:01+02:00,TENWDOUBLES-----------R32-000300--,TENWDOUBLES,Women's Doubles,Women's Doubles First Round,First Round,FINISHED,W,Tennis,TEN,Roland-Garros Stadium,TENWDOUBLES-ROU01,Begu / Niculescu,Team,ROU,Romania,0,SCORE,L,
8931,2024-07-28T21:38:01+02:00,TENWDOUBLES-----------R32-000300--,TENWDOUBLES,Women's Doubles,Women's Doubles First Round,First Round,FINISHED,W,Tennis,TEN,Roland-Garros Stadium,TENWDOUBLES-TPE01,Hsieh / Tsao,Team,TPE,Chinese Taipei,2,SCORE,W,
7757,2024-07-29T23:22:49+02:00,TENWDOUBLES-----------R32-001500--,TENWDOUBLES,Women's Doubles,Women's Doubles First Round,First Round,FINISHED,W,Tennis,TEN,Roland-Garros Stadium,TENWDOUBLES-JPN01,Aoyama / Shibahara,Team,JPN,Japan,2,SCORE,W,
7758,2024-07-29T23:22:49+02:00,TENWDOUBLES-----------R32-001500--,TENWDOUBLES,Women's Doubles,Women's Doubles First Round,First Round,FINISHED,W,Tennis,TEN,Roland-Garros Stadium,TENWDOUBLES-ROU02,Bogdan / Cristian,Team,ROU,Romania,0,SCORE,L,
4959,2024-07-29T23:22:50+02:00,TENWDOUBLES-----------R32-001100--,TENWDOUBLES,Women's Doubles,Women's Doubles First Round,First Round,FINISHED,W,Tennis,TEN,Roland-Garros Stadium,TENWDOUBLES-UKR02,Kichenok / Kichenok,Team,UKR,Ukraine,2,SCORE,W,
4960,2024-07-29T23:22:50+02:00,TENWDOUBLES-----------R32-001100--,TENWDOUBLES,Women's Doubles,Women's Doubles First Round,First Round,FINISHED,W,Tennis,TEN,Roland-Garros Stadium,TENWDOUBLES-CHN02,Wang / Zheng,Team,CHN,China,0,SCORE,L,
4991,2024-07-29T23:22:50+02:00,TENWDOUBLES-----------R32-001000--,TENWDOUBLES,Women's Doubles,Women's Doubles First Round,First Round,FINISHED,W,Tennis,TEN,Roland-Garros Stadium,TENWDOUBLES-ARG01,Carle / Podoroska,Team,ARG,Argentina,2,SCORE,W,
4992,2024-07-29T23:22:50+02:00,TENWDOUBLES-----------R32-001000--,TENWDOUBLES,Women's Doubles,Women's Doubles First Round,First Round,FINISHED,W,Tennis,TEN,Roland-Garros Stadium,TENWDOUBLES-GER02,Korpatsch / Maria,Team,GER,Germany,0,SCORE,L,
6514,2024-07-29T23:22:50+02:00,TENWDOUBLES-----------R32-000600--,TENWDOUBLES,Women's Doubles,Women's Doubles First Round,First Round,FINISHED,W,Tennis,TEN,Roland-Garros Stadium,TENWDOUBLES-NED01,Rus / Schuurs,Team,NED,Netherlands,1,SCORE,L,
6515,2024-07-29T23:22:50+02:00,TENWDOUBLES-----------R32-000600--,TENWDOUBLES,Women's Doubles,Women's Doubles First Round,First Round,FINISHED,W,Tennis,TEN,Roland-Garros Stadium,TENWDOUBLES-FRA01,Garcia / Parry,Team,FRA,France,2,SCORE,W,
8908,2024-07-29T23:22:50+02:00,TENWDOUBLES-----------R32-000200--,TENWDOUBLES,Women's Doubles,Women's Doubles First Round,First Round,FINISHED,W,Tennis,TEN,Roland-Garros Stadium,TENWDOUBLES-AIN01,Alexandrova / Vesnina,Team,AIN,AIN,1,SCORE,L,
8909,2024-07-29T23:22:50+02:00,TENWDOUBLES-----------R32-000200--,TENWDOUBLES,Women's Doubles,Women's Doubles First Round,First Round,FINISHED,W,Tennis,TEN,Roland-Garros Stadium,TENWDOUBLES-CZE01,Muchova / Noskova,Team,CZE,Czechia,2,SCORE,W,
10254,2024-07-29T23:22:50+02:00,TENWDOUBLES-----------R32-000800--,TENWDOUBLES,Women's Doubles,Women's Doubles First Round,First Round,FINISHED,W,Tennis,TEN,Roland-Garros Stadium,TENWDOUBLES-CHN01,Yuan / Zhang,Team,CHN,China,0,SCORE,L,
10255,2024-07-29T23:22:50+02:00,TENWDOUBLES-----------R32-000800--,TENWDOUBLES,Women's Doubles,Women's Doubles First Round,First Round,FINISHED,W,Tennis,TEN,Roland-Garros Stadium,TENWDOUBLES-BRA01,Haddad Maia / Stefani,Team,BRA,Brazil,2,SCORE,W,
10268,2024-07-29T23:22:50+02:00,TENWDOUBLES-----------R32-000900--,TENWDOUBLES,Women's Doubles,Women's Doubles First Round,First Round,FINISHED,W,Tennis,TEN,Roland-Garros Stadium,TENWDOUBLES-ESP01,Bucsa / Sorribes Tormo,Team,ESP,Spain,2,SCORE,W,
10269,2024-07-29T23:22:50+02:00,TENWDOUBLES-----------R32-000900--,TENWDOUBLES,Women's Doubles,Women's Doubles First Round,First Round,FINISHED,W,Tennis,TEN,Roland-Garros Stadium,TENWDOUBLES-ITA02,Bronzetti / Cocciaretto,Team,ITA,Italy,0,SCORE,L,
10666,2024-07-29T23:22:50+02:00,TENWDOUBLES-----------R32-000400--,TENWDOUBLES,Women's Doubles,Women's Doubles First Round,First Round,FINISHED,W,Tennis,TEN,Roland-Garros Stadium,TENWDOUBLES-POL01,Linette / Rosolska,Team,POL,Poland,0,SCORE,L,
10667,2024-07-29T23:22:50+02:00,TENWDOUBLES-----------R32-000400--,TENWDOUBLES,Women's Doubles,Women's Doubles First Round,First Round,FINISHED,W,Tennis,TEN,Roland-Garros Stadium,TENWDOUBLES-UKR01,Kostyuk / Yastremska,Team,UKR,Ukraine,2,SCORE,W,
12585,2024-07-29T23:22:50+02:00,TENWDOUBLES-----------R32-001300--,TENWDOUBLES,Women's Doubles,Women's Doubles First Round,First Round,FINISHED,W,Tennis,TEN,Roland-Garros Stadium,TENWDOUBLES-CAN01,Dabrowski / Fernandez,Team,CAN,Canada,2,SCORE,W,
12586,2024-07-29T23:22:50+02:00,TENWDOUBLES-----------R32-001300--,TENWDOUBLES,Women's Doubles,Women's Doubles First Round,First Round,FINISHED,W,Tennis,TEN,Roland-Garros Stadium,TENWDOUBLES-FRA02,Burel / Gracheva,Team,FRA,France,0,SCORE,L,
7790,2024-07-30T15:04:02+02:00,TENWDOUBLES-----------R32-001400--,TENWDOUBLES,Women's Doubles,Women's Doubles First Round,First Round,FINISHED,W,Tennis,TEN,Roland-Garros Stadium,TENWDOUBLES-AIN02,Andreeva / Shnaider,Team,AIN,AIN,2,SCORE,W,
7791,2024-07-30T15:04:02+02:00,TENWDOUBLES-----------R32-001400--,TENWDOUBLES,Women's Doubles,Women's Doubles First Round,First Round,FINISHED,W,Tennis,TEN,Roland-Garros Stadium,TENWDOUBLES-AUS02,Gadecki / Tomljanovic,Team,AUS,Australia,1,SCORE,L,
1548,2024-07-30T17:44:10+02:00,TENWDOUBLES-----------8FNL000500--,TENWDOUBLES,Women's Doubles,Women's Doubles Second Round,Second Round,FINISHED,W,Tennis,TEN,Roland-Garros Stadium,TENWDOUBLES-ESP01,Bucsa / Sorribes Tormo,Team,ESP,Spain,2,SCORE,W,
1549,2024-07-30T17:44:10+02:00,TENWDOUBLES-----------8FNL000500--,TENWDOUBLES,Women's Doubles,Women's Doubles Second Round,Second Round,FINISHED,W,Tennis,TEN,Roland-Garros Stadium,TENWDOUBLES-ARG01,Carle / Podoroska,Team,ARG,Argentina,0,SCORE,L,
6570,2024-07-30T18:38:33+02:00,TENWDOUBLES-----------R32-000700--,TENWDOUBLES,Women's Doubles,Women's Doubles First Round,First Round,FINISHED,W,Tennis,TEN,Roland-Garros Stadium,TENWDOUBLES-GBR01,Boulter / Watson,Team,GBR,Great Britain,2,SCORE,W,
6571,2024-07-30T18:38:33+02:00,TENWDOUBLES-----------R32-000700--,TENWDOUBLES,Women's Doubles,Women's Doubles First Round,First Round,FINISHED,W,Tennis,TEN,Roland-Garros Stadium,TENWDOUBLES-GER01,Kerber / Siegemund,Team,GER,Germany,0,SCORE,L,
6587,2024-07-30T19:54:15+02:00,TENWDOUBLES-----------8FNL000200--,TENWDOUBLES,Women's Doubles,Women's Doubles Second Round,Second Round,FINISHED,W,Tennis,TEN,Roland-Garros Stadium,TENWDOUBLES-TPE01,Hsieh / Tsao,Team,TPE,Chinese Taipei,,IRM,W,W/O
6588,2024-07-30T19:54:15+02:00,TENWDOUBLES-----------8FNL000200--,TENWDOUBLES,Women's Doubles,Women's Doubles Second Round,Second Round,FINISHED,W,Tennis,TEN,Roland-Garros Stadium,TENWDOUBLES-UKR01,Kostyuk / Yastremska,Team,UKR,Ukraine,,SCORE,L,
12553,2024-07-30T21:38:30+02:00,TENWDOUBLES-----------R32-001200--,TENWDOUBLES,Women's Doubles,Women's Doubles First Round,First Round,FINISHED,W,Tennis,TEN,Roland-Garros Stadium,TENWDOUBLES-GRE01,Papamichail / Sakkari,Team,GRE,Greece,0,SCORE,L,
12554,2024-07-30T21:38:30+02:00,TENWDOUBLES-----------R32-001200--,TENWDOUBLES,Women's Doubles,Women's Doubles First Round,First Round,FINISHED,W,Tennis,TEN,Roland-Garros Stadium,TENWDOUBLES-USA02,Collins / Krawczyk,Team,USA,United States,2,SCORE,W,
3256,2024-07-30T21:53:22+02:00,TENWDOUBLES-----------R32-001600--,TENWDOUBLES,Women's Doubles,Women's Doubles First Round,First Round,FINISHED,W,Tennis,TEN,Roland-Garros Stadium,TENWDOUBLES-TPE02,Chan / Chan,Team,TPE,Chinese Taipei,0,SCORE,L,
3257,2024-07-30T21:53:22+02:00,TENWDOUBLES-----------R32-001600--,TENWDOUBLES,Women's Doubles,Women's Doubles First Round,First Round,FINISHED,W,Tennis,TEN,Roland-Garros Stadium,TENWDOUBLES-CZE02,Krejcikova / Siniakova,Team,CZE,Czechia,2,SCORE,W,
6589,2024-07-30T22:00:17+02:00,TENWDOUBLES-----------8FNL000300--,TENWDOUBLES,Women's Doubles,Women's Doubles Second Round,Second Round,FINISHED,W,Tennis,TEN,Roland-Garros Stadium,TENWDOUBLES-ITA01,Errani / Paolini,Team,ITA,Italy,2,SCORE,W,
6590,2024-07-30T22:00:17+02:00,TENWDOUBLES-----------8FNL000300--,TENWDOUBLES,Women's Doubles,Women's Doubles Second Round,Second Round,FINISHED,W,Tennis,TEN,Roland-Garros Stadium,TENWDOUBLES-FRA01,Garcia / Parry,Team,FRA,France,1,SCORE,L,
10887,2024-07-31T17:02:08+02:00,TENWDOUBLES-----------8FNL000100--,TENWDOUBLES,Women's Doubles,Women's Doubles Second Round,Second Round,FINISHED,W,Tennis,TEN,Roland-Garros Stadium,TENWDOUBLES-USA01,Gauff / Pegula,Team,USA,United States,1,SCORE,L,
10888,2024-07-31T17:02:08+02:00,TENWDOUBLES-----------8FNL000100--,TENWDOUBLES,Women's Doubles,Women's Doubles Second Round,Second Round,FINISHED,W,Tennis,TEN,Roland-Garros Stadium,TENWDOUBLES-CZE01,Muchova / Noskova,Team,CZE,Czechia,2,SCORE,W,
1228,2024-07-31T17:46:36+02:00,TENWDOUBLES-----------R32-000100--,TENWDOUBLES,Women's Doubles,Women's Doubles First Round,First Round,FINISHED,W,Tennis,TEN,Roland-Garros Stadium,TENWDOUBLES-USA01,Gauff / Pegula,Team,USA,United States,2,SCORE,W,
1229,2024-07-31T17:46:36+02:00,TENWDOUBLES-----------R32-000100--,TENWDOUBLES,Women's Doubles,Women's Doubles First Round,First Round,FINISHED,W,Tennis,TEN,Roland-Garros Stadium,TENWDOUBLES-AUS01,Perez / Saville,Team,AUS,Australia,0,SCORE,L,
9458,2024-07-31T18:05:08+02:00,TENWDOUBLES-----------8FNL000700--,TENWDOUBLES,Women's Doubles,Women's Doubles Second Round,Second Round,FINISHED,W,Tennis,TEN,Roland-Garros Stadium,TENWDOUBLES-CAN01,Dabrowski / Fernandez,Team,CAN,Canada,0,SCORE,L,
9459,2024-07-31T18:05:08+02:00,TENWDOUBLES-----------8FNL000700--,TENWDOUBLES,Women's Doubles,Women's Doubles Second Round,Second Round,FINISHED,W,Tennis,TEN,Roland-Garros Stadium,TENWDOUBLES-AIN02,Andreeva / Shnaider,Team,AIN,AIN,2,SCORE,W,
10620,2024-07-31T18:43:37+02:00,TENWDOUBLES-----------R32-000500--,TENWDOUBLES,Women's Doubles,Women's Doubles First Round,First Round,FINISHED,W,Tennis,TEN,Roland-Garros Stadium,TENWDOUBLES-ITA01,Errani / Paolini,Team,ITA,Italy,2,SCORE,W,
10621,2024-07-31T18:43:37+02:00,TENWDOUBLES-----------R32-000500--,TENWDOUBLES,Women's Doubles,Women's Doubles First Round,First Round,FINISHED,W,Tennis,TEN,Roland-Garros Stadium,TENWDOUBLES-NZL01,Routliffe / Sun,Team,NZL,New Zealand,0,SCORE,L,
1556,2024-07-31T19:43:47+02:00,TENWDOUBLES-----------8FNL000400--,TENWDOUBLES,Women's Doubles,Women's Doubles Second Round,Second Round,FINISHED,W,Tennis,TEN,Roland-Garros Stadium,TENWDOUBLES-GBR01,Boulter / Watson,Team,GBR,Great Britain,2,SCORE,W,
1557,2024-07-31T19:43:47+02:00,TENWDOUBLES-----------8FNL000400--,TENWDOUBLES,Women's Doubles,Women's Doubles Second Round,Second Round,FINISHED,W,Tennis,TEN,Roland-Garros Stadium,TENWDOUBLES-BRA01,Haddad Maia / Stefani,Team,BRA,Brazil,0,SCORE,L,
5811,2024-07-31T19:50:04+02:00,TENWDOUBLES-----------8FNL000800--,TENWDOUBLES,Women's Doubles,Women's Doubles Second Round,Second Round,FINISHED,W,Tennis,TEN,Roland-Garros Stadium,TENWDOUBLES-JPN01,Aoyama / Shibahara,Team,JPN,Japan,0,SCORE,L,
5812,2024-07-31T19:50:04+02:00,TENWDOUBLES-----------8FNL000800--,TENWDOUBLES,Women's Doubles,Women's Doubles Second Round,Second Round,FINISHED,W,Tennis,TEN,Roland-Garros Stadium,TENWDOUBLES-CZE02,Krejcikova / Siniakova,Team,CZE,Czechia,2,SCORE,W,
9446,2024-07-31T22:49:13+02:00,TENWDOUBLES-----------8FNL000600--,TENWDOUBLES,Women's Doubles,Women's Doubles Second Round,Second Round,FINISHED,W,Tennis,TEN,Roland-Garros Stadium,TENWDOUBLES-UKR02,Kichenok / Kichenok,Team,UKR,Ukraine,2,SCORE,W,
9447,2024-07-31T22:49:13+02:00,TENWDOUBLES-----------8FNL000600--,TENWDOUBLES,Women's Doubles,Women's Doubles Second Round,Second Round,FINISHED,W,Tennis,TEN,Roland-Garros Stadium,TENWDOUBLES-USA02,Collins / Krawczyk,Team,USA,United States,1,SCORE,L,
10129,2024-08-01T13:56:52+02:00,TENWDOUBLES-----------QFNL000100--,TENWDOUBLES,Women's Doubles,Women's Doubles Quarter-final,Quarter-final,FINISHED,W,Tennis,TEN,Roland-Garros Stadium,TENWDOUBLES-CZE01,Muchova / Noskova,Team,CZE,Czechia,2,SCORE,W,
10130,2024-08-01T13:56:52+02:00,TENWDOUBLES-----------QFNL000100--,TENWDOUBLES,Women's Doubles,Women's Doubles Quarter-final,Quarter-final,FINISHED,W,Tennis,TEN,Roland-Garros Stadium,TENWDOUBLES-TPE01,Hsieh / Tsao,Team,TPE,Chinese Taipei,1,SCORE,L,
578,2024-08-01T14:13:07+02:00,TENWDOUBLES-----------QFNL000200--,TENWDOUBLES,Women's Doubles,Women's Doubles Quarter-final,Quarter-final,FINISHED,W,Tennis,TEN,Roland-Garros Stadium,TENWDOUBLES-ITA01,Errani / Paolini,Team,ITA,Italy,2,SCORE,W,
579,2024-08-01T14:13:07+02:00,TENWDOUBLES-----------QFNL000200--,TENWDOUBLES,Women's Doubles,Women's Doubles Quarter-final,Quarter-final,FINISHED,W,Tennis,TEN,Roland-Garros Stadium,TENWDOUBLES-GBR01,Boulter / Watson,Team,GBR,Great Britain,0,SCORE,L,
6053,2024-08-01T18:44:39+02:00,TENWDOUBLES-----------QFNL000400--,TENWDOUBLES,Women's Doubles,Women's Doubles Quarter-final,Quarter-final,FINISHED,W,Tennis,TEN,Roland-Garros Stadium,TENWDOUBLES-AIN02,Andreeva / Shnaider,Team,AIN,AIN,2,SCORE,W,
6054,2024-08-01T18:44:39+02:00,TENWDOUBLES-----------QFNL000400--,TENWDOUBLES,Women's Doubles,Women's Doubles Quarter-final,Quarter-final,FINISHED,W,Tennis,TEN,Roland-Garros Stadium,TENWDOUBLES-CZE02,Krejcikova / Siniakova,Team,CZE,Czechia,0,SCORE,L,
586,2024-08-01T19:06:59+02:00,TENWDOUBLES-----------QFNL000300--,TENWDOUBLES,Women's Doubles,Women's Doubles Quarter-final,Quarter-final,FINISHED,W,Tennis,TEN,Roland-Garros Stadium,TENWDOUBLES-ESP01,Bucsa / Sorribes Tormo,Team,ESP,Spain,2,SCORE,W,
587,2024-08-01T19:06:59+02:00,TENWDOUBLES-----------QFNL000300--,TENWDOUBLES,Women's Doubles,Women's Doubles Quarter-final,Quarter-final,FINISHED,W,Tennis,TEN,Roland-Garros Stadium,TENWDOUBLES-UKR02,Kichenok / Kichenok,Team,UKR,Ukraine,1,SCORE,L,
10459,2024-08-02T17:25:15+02:00,TENWDOUBLES-----------SFNL000200--,TENWDOUBLES,Women's Doubles,Women's Doubles Semi-final,Semi-final,FINISHED,W,Tennis,TEN,Roland-Garros Stadium,TENWDOUBLES-ESP01,Bucsa / Sorribes Tormo,Team,ESP,Spain,0,SCORE,L,
10460,2024-08-02T17:25:15+02:00,TENWDOUBLES-----------SFNL000200--,TENWDOUBLES,Women's Doubles,Women's Doubles Semi-final,Semi-final,FINISHED,W,Tennis,TEN,Roland-Garros Stadium,TENWDOUBLES-AIN02,Andreeva / Shnaider,Team,AIN,AIN,2,SCORE,W,
6229,2024-08-02T17:47:58+02:00,TENWDOUBLES-----------SFNL000100--,TENWDOUBLES,Women's Doubles,Women's Doubles Semi-final,Semi-final,FINISHED,W,Tennis,TEN,Roland-Garros Stadium,TENWDOUBLES-CZE01,Muchova / Noskova,Team,CZE,Czechia,0,SCORE,L,
6230,2024-08-02T17:47:58+02:00,TENWDOUBLES-----------SFNL000100--,TENWDOUBLES,Women's Doubles,Women's Doubles Semi-final,Semi-final,FINISHED,W,Tennis,TEN,Roland-Garros Stadium,TENWDOUBLES-ITA01,Errani / Paolini,Team,ITA,Italy,2,SCORE,W,
10300,2024-08-04T13:31:46+02:00,TENWDOUBLES-----------FNL-000200--,TENWDOUBLES,Women's Doubles,Women's Doubles Bronze Medal Match,Bronze Medal Match,FINISHED,W,Tennis,TEN,Roland-Garros Stadium,TENWDOUBLES-CZE01,Muchova / Noskova,Team,CZE,Czechia,0,SCORE,L,
10301,2024-08-04T13:31:46+02:00,TENWDOUBLES-----------FNL-000200--,TENWDOUBLES,Women's Doubles,Women's Doubles Bronze Medal Match,Bronze Medal Match,FINISHED,W,Tennis,TEN,Roland-Garros Stadium,TENWDOUBLES-ESP01,Bucsa / Sorribes Tormo,Team,ESP,Spain,2,SCORE,W,
6130,2024-08-04T19:23:58+02:00,TENWDOUBLES-----------FNL-000100--,TENWDOUBLES,Women's Doubles,Women's Doubles Gold Medal Match,Gold Medal Match,FINISHED,W,Tennis,TEN,Roland-Garros Stadium,TENWDOUBLES-ITA01,Errani / Paolini,Team,ITA,Italy,2,SCORE,W,
6131,2024-08-04T19:23:58+02:00,TENWDOUBLES-----------FNL-000100--,TENWDOUBLES,Women's Doubles,Women's Doubles Gold Medal Match,Gold Medal Match,FINISHED,W,Tennis,TEN,Roland-Garros Stadium,TENWDOUBLES-AIN02,Andreeva / Shnaider,Team,AIN,AIN,1,SCORE,L,
12380,2024-07-28T13:35:28+02:00,TENWSINGLES-----------R64-003100--,TENWSINGLES,Women's Singles,Women's Singles First Round,First Round,FINISHED,W,Tennis,TEN,Roland-Garros Stadium,1895859,CARLE Maria Lourdes,Person,ARG,Argentina,2,SCORE,W,
12381,2024-07-28T13:35:28+02:00,TENWSINGLES-----------R64-003100--,TENWSINGLES,Women's Singles,Women's Singles First Round,First Round,FINISHED,W,Tennis,TEN,Roland-Garros Stadium,1558578,MARIA Tatjana,Person,GER,Germany,0,SCORE,L,
12360,2024-07-28T13:35:38+02:00,TENWSINGLES-----------R64-003000--,TENWSINGLES,Women's Singles,Women's Singles First Round,First Round,FINISHED,W,Tennis,TEN,Roland-Garros Stadium,1972643,ANDREESCU Bianca,Person,CAN,Canada,2,SCORE,W,
12361,2024-07-28T13:35:38+02:00,TENWSINGLES-----------R64-003000--,TENWSINGLES,Women's Singles,Women's Singles First Round,First Round,FINISHED,W,Tennis,TEN,Roland-Garros Stadium,1892334,TAUSON Clara,Person,DEN,Denmark,0,SCORE,L,
10576,2024-07-28T13:35:53+02:00,TENWSINGLES-----------R64-001900--,TENWSINGLES,Women's Singles,Women's Singles First Round,First Round,FINISHED,W,Tennis,TEN,Roland-Garros Stadium,1927719,WANG Xinyu,Person,CHN,China,2,SCORE,W,
10577,2024-07-28T13:35:53+02:00,TENWSINGLES-----------R64-001900--,TENWSINGLES,Women's Singles,Women's Singles First Round,First Round,FINISHED,W,Tennis,TEN,Roland-Garros Stadium,1558587,KORPATSCH Tamara,Person,GER,Germany,0,SCORE,L,
8018,2024-07-28T13:48:03+02:00,TENWSINGLES-----------R64-000300--,TENWSINGLES,Women's Singles,Women's Singles First Round,First Round,FINISHED,W,Tennis,TEN,Roland-Garros Stadium,1901337,NOSKOVA Linda,Person,CZE,Czechia,0,SCORE,L,
8019,2024-07-28T13:48:03+02:00,TENWSINGLES-----------R64-000300--,TENWSINGLES,Women's Singles,Women's Singles First Round,First Round,FINISHED,W,Tennis,TEN,Roland-Garros Stadium,1927710,WANG Xiyu,Person,CHN,China,2,SCORE,W,
12926,2024-07-28T13:48:11+02:00,TENWSINGLES-----------R64-000400--,TENWSINGLES,Women's Singles,Women's Singles First Round,First Round,FINISHED,W,Tennis,TEN,Roland-Garros Stadium,1562418,COCCIARETTO Elisabetta,Person,ITA,Italy,0,SCORE,L,
12927,2024-07-28T13:48:11+02:00,TENWSINGLES-----------R64-000400--,TENWSINGLES,Women's Singles,Women's Singles First Round,First Round,FINISHED,W,Tennis,TEN,Roland-Garros Stadium,1979732,SHNAIDER Diana,Person,AIN,AIN,2,SCORE,W,
501,2024-07-28T13:52:55+02:00,TENWSINGLES-----------R64-002900--,TENWSINGLES,Women's Singles,Women's Singles First Round,First Round,FINISHED,W,Tennis,TEN,Roland-Garros Stadium,1554972,VEKIC Donna,Person,CRO,Croatia,2,SCORE,W,
502,2024-07-28T13:52:55+02:00,TENWSINGLES-----------R64-002900--,TENWSINGLES,Women's Singles,Women's Singles First Round,First Round,FINISHED,W,Tennis,TEN,Roland-Garros Stadium,1562402,BRONZETTI Lucia,Person,ITA,Italy,0,SCORE,L,
10908,2024-07-28T14:44:19+02:00,TENWSINGLES-----------R64-002600--,TENWSINGLES,Women's Singles,Women's Singles First Round,First Round,FINISHED,W,Tennis,TEN,Roland-Garros Stadium,1979721,ALEXANDROVA Ekaterina,Person,AIN,AIN,1,SCORE,L,
10909,2024-07-28T14:44:19+02:00,TENWSINGLES-----------R64-002600--,TENWSINGLES,Women's Singles,Women's Singles First Round,First Round,FINISHED,W,Tennis,TEN,Roland-Garros Stadium,1927711,YUAN Yue,Person,CHN,China,2,SCORE,W,
10580,2024-07-28T14:44:57+02:00,TENWSINGLES-----------R64-001800--,TENWSINGLES,Women's Singles,Women's Singles First Round,First Round,FINISHED,W,Tennis,TEN,Roland-Garros Stadium,1896648,UCHIJIMA Moyuka,Person,JPN,Japan,0,SCORE,L,
10581,2024-07-28T14:44:57+02:00,TENWSINGLES-----------R64-001800--,TENWSINGLES,Women's Singles,Women's Singles First Round,First Round,FINISHED,W,Tennis,TEN,Roland-Garros Stadium,1897526,SVITOLINA Elina,Person,UKR,Ukraine,2,SCORE,W,
157,2024-07-28T15:13:55+02:00,TENWSINGLES-----------R64-001600--,TENWSINGLES,Women's Singles,Women's Singles First Round,First Round,FINISHED,W,Tennis,TEN,Roland-Garros Stadium,1562409,ERRANI Sara,Person,ITA,Italy,0,SCORE,L,
158,2024-07-28T15:13:55+02:00,TENWSINGLES-----------R64-001600--,TENWSINGLES,Women's Singles,Women's Singles First Round,First Round,FINISHED,W,Tennis,TEN,Roland-Garros Stadium,1927709,ZHENG Qinwen,Person,CHN,China,2,SCORE,W,
1373,2024-07-28T16:27:48+02:00,TENWSINGLES-----------R64-002200--,TENWSINGLES,Women's Singles,Women's Singles First Round,First Round,FINISHED,W,Tennis,TEN,Roland-Garros Stadium,1911527,SCHMIEDLOVA Anna Karolina,Person,SVK,Slovakia,2,SCORE,W,
1374,2024-07-28T16:27:48+02:00,TENWSINGLES-----------R64-002200--,TENWSINGLES,Women's Singles,Women's Singles First Round,First Round,FINISHED,W,Tennis,TEN,Roland-Garros Stadium,1900424,BOULTER Katie,Person,GBR,Great Britain,0,SCORE,L,
12940,2024-07-28T16:37:37+02:00,TENWSINGLES-----------R64-000500--,TENWSINGLES,Women's Singles,Women's Singles First Round,First Round,FINISHED,W,Tennis,TEN,Roland-Garros Stadium,1948068,OSTAPENKO Jelena,Person,LAT,Latvia,0,SCORE,L,
12941,2024-07-28T16:37:37+02:00,TENWSINGLES-----------R64-000500--,TENWSINGLES,Women's Singles,Women's Singles First Round,First Round,FINISHED,W,Tennis,TEN,Roland-Garros Stadium,1543443,OSORIO Camila,Person,COL,Colombia,2,SCORE,W,
505,2024-07-28T17:03:03+02:00,TENWSINGLES-----------R64-002800--,TENWSINGLES,Women's Singles,Women's Singles First Round,First Round,FINISHED,W,Tennis,TEN,Roland-Garros Stadium,1940154,SUN Lulu,Person,NZL,New Zealand,0,SCORE,L,
506,2024-07-28T17:03:03+02:00,TENWSINGLES-----------R64-002800--,TENWSINGLES,Women's Singles,Women's Singles First Round,First Round,FINISHED,W,Tennis,TEN,Roland-Garros Stadium,1897531,KOSTYUK Marta,Person,UKR,Ukraine,2,SCORE,W,
7089,2024-07-28T17:28:48+02:00,TENWSINGLES-----------R64-000800--,TENWSINGLES,Women's Singles,Women's Singles First Round,First Round,FINISHED,W,Tennis,TEN,Roland-Garros Stadium,1558576,SIEGEMUND Laura,Person,GER,Germany,0,IRM,L,RET
7090,2024-07-28T17:28:48+02:00,TENWSINGLES-----------R64-000800--,TENWSINGLES,Women's Singles,Women's Singles First Round,First Round,FINISHED,W,Tennis,TEN,Roland-Garros Stadium,1930776,COLLINS Danielle,Person,USA,United States,2,SCORE,W,
1371,2024-07-28T17:46:23+02:00,TENWSINGLES-----------R64-002300--,TENWSINGLES,Women's Singles,Women's Singles First Round,First Round,FINISHED,W,Tennis,TEN,Roland-Garros Stadium,1931914,LINETTE Magda,Person,POL,Poland,2,SCORE,W,
1372,2024-07-28T17:46:23+02:00,TENWSINGLES-----------R64-002300--,TENWSINGLES,Women's Singles,Women's Singles First Round,First Round,FINISHED,W,Tennis,TEN,Roland-Garros Stadium,1979734,ANDREEVA Mirra,Person,AIN,AIN,0,SCORE,L,
8043,2024-07-28T17:46:58+02:00,TENWSINGLES-----------R64-000200--,TENWSINGLES,Women's Singles,Women's Singles First Round,First Round,FINISHED,W,Tennis,TEN,Roland-Garros Stadium,1896025,PODOROSKA Nadia,Person,ARG,Argentina,0,SCORE,L,
8044,2024-07-28T17:46:58+02:00,TENWSINGLES-----------R64-000200--,TENWSINGLES,Women's Singles,Women's Singles First Round,First Round,FINISHED,W,Tennis,TEN,Roland-Garros Stadium,1889655,PARRY Diane,Person,FRA,France,2,SCORE,W,
9587,2024-07-28T19:24:28+02:00,TENWSINGLES-----------R64-001500--,TENWSINGLES,Women's Singles,Women's Singles First Round,First Round,FINISHED,W,Tennis,TEN,Roland-Garros Stadium,1967770,GADECKI Olivia,Person,AUS,Australia,0,SCORE,L,
9588,2024-07-28T19:24:28+02:00,TENWSINGLES-----------R64-001500--,TENWSINGLES,Women's Singles,Women's Singles First Round,First Round,FINISHED,W,Tennis,TEN,Roland-Garros Stadium,1966945,RUS Arantxa,Person,NED,Netherlands,2,SCORE,W,
5189,2024-07-28T19:24:30+02:00,TENWSINGLES-----------R64-001100--,TENWSINGLES,Women's Singles,Women's Singles First Round,First Round,FINISHED,W,Tennis,TEN,Roland-Garros Stadium,1554970,MARTIC Petra,Person,CRO,Croatia,0,SCORE,L,
5190,2024-07-28T19:24:30+02:00,TENWSINGLES-----------R64-001100--,TENWSINGLES,Women's Singles,Women's Singles First Round,First Round,FINISHED,W,Tennis,TEN,Roland-Garros Stadium,1563687,BUCSA Cristina,Person,ESP,Spain,2,SCORE,W,
11112,2024-07-28T19:24:31+02:00,TENWSINGLES-----------R64-001200--,TENWSINGLES,Women's Singles,Women's Singles First Round,First Round,FINISHED,W,Tennis,TEN,Roland-Garros Stadium,1901336,MUCHOVA Karolina,Person,CZE,Czechia,1,SCORE,L,
11113,2024-07-28T19:24:31+02:00,TENWSINGLES-----------R64-001200--,TENWSINGLES,Women's Singles,Women's Singles First Round,First Round,FINISHED,W,Tennis,TEN,Roland-Garros Stadium,1972636,FERNANDEZ Leylah,Person,CAN,Canada,2,SCORE,W,
9581,2024-07-28T19:51:09+02:00,TENWSINGLES-----------R64-001400--,TENWSINGLES,Women's Singles,Women's Singles First Round,First Round,FINISHED,W,Tennis,TEN,Roland-Garros Stadium,1931832,FRECH Magdalena,Person,POL,Poland,0,SCORE,L,
9582,2024-07-28T19:51:09+02:00,TENWSINGLES-----------R64-001400--,TENWSINGLES,Women's Singles,Women's Singles First Round,First Round,FINISHED,W,Tennis,TEN,Roland-Garros Stadium,1555417,TOMOVA Viktoriya,Person,BUL,Bulgaria,2,SCORE,W,
11098,2024-07-28T20:05:57+02:00,TENWSINGLES-----------R64-001300--,TENWSINGLES,Women's Singles,Women's Singles First Round,First Round,FINISHED,W,Tennis,TEN,Roland-Garros Stadium,1930777,NAVARRO Emma,Person,USA,United States,2,SCORE,W,
11099,2024-07-28T20:05:57+02:00,TENWSINGLES-----------R64-001300--,TENWSINGLES,Women's Singles,Women's Singles First Round,First Round,FINISHED,W,Tennis,TEN,Roland-Garros Stadium,1562302,GRABHER Julia,Person,AUT,Austria,0,SCORE,L,
9170,2024-07-28T20:15:29+02:00,TENWSINGLES-----------R64-002100--,TENWSINGLES,Women's Singles,Women's Singles First Round,First Round,FINISHED,W,Tennis,TEN,Roland-Garros Stadium,1955853,HADDAD MAIA Beatriz,Person,BRA,Brazil,2,SCORE,W,
9171,2024-07-28T20:15:29+02:00,TENWSINGLES-----------R64-002100--,TENWSINGLES,Women's Singles,Women's Singles First Round,First Round,FINISHED,W,Tennis,TEN,Roland-Garros Stadium,1889653,GRACHEVA Varvara,Person,FRA,France,1,SCORE,L,
3632,2024-07-28T20:25:29+02:00,TENWSINGLES-----------R64-000600--,TENWSINGLES,Women's Singles,Women's Singles First Round,First Round,FINISHED,W,Tennis,TEN,Roland-Garros Stadium,1955861,PIGOSSI Laura,Person,BRA,Brazil,1,SCORE,L,
3633,2024-07-28T20:25:29+02:00,TENWSINGLES-----------R64-000600--,TENWSINGLES,Women's Singles,Women's Singles First Round,First Round,FINISHED,W,Tennis,TEN,Roland-Garros Stadium,1897529,YASTREMSKA Dayana,Person,UKR,Ukraine,2,SCORE,W,
10896,2024-07-28T20:38:04+02:00,TENWSINGLES-----------R64-002700--,TENWSINGLES,Women's Singles,Women's Singles First Round,First Round,FINISHED,W,Tennis,TEN,Roland-Garros Stadium,1889654,BUREL Clara,Person,FRA,France,2,SCORE,W,
10897,2024-07-28T20:38:04+02:00,TENWSINGLES-----------R64-002700--,TENWSINGLES,Women's Singles,Women's Singles First Round,First Round,FINISHED,W,Tennis,TEN,Roland-Garros Stadium,1901342,SINIAKOVA Katerina,Person,CZE,Czechia,0,SCORE,L,
3626,2024-07-28T21:33:47+02:00,TENWSINGLES-----------R64-000700--,TENWSINGLES,Women's Singles,Women's Singles First Round,First Round,FINISHED,W,Tennis,TEN,Roland-Garros Stadium,1888025,SHERIF Mayar,Person,EGY,Egypt,1,SCORE,L,
3627,2024-07-28T21:33:47+02:00,TENWSINGLES-----------R64-000700--,TENWSINGLES,Women's Singles,Women's Singles First Round,First Round,FINISHED,W,Tennis,TEN,Roland-Garros Stadium,1892333,WOZNIACKI Caroline,Person,DEN,Denmark,2,SCORE,W,
11306,2024-07-29T23:22:49+02:00,TENWSINGLES-----------R32-001000--,TENWSINGLES,Women's Singles,Women's Singles Second Round,Second Round,FINISHED,W,Tennis,TEN,Roland-Garros Stadium,1927719,WANG Xinyu,Person,CHN,China,0,SCORE,L,
11307,2024-07-29T23:22:49+02:00,TENWSINGLES-----------R32-001000--,TENWSINGLES,Women's Singles,Women's Singles Second Round,Second Round,FINISHED,W,Tennis,TEN,Roland-Garros Stadium,1901331,KREJCIKOVA Barbora,Person,CZE,Czechia,2,SCORE,W,
69,2024-07-29T23:22:50+02:00,TENWSINGLES-----------R32-001400--,TENWSINGLES,Women's Singles,Women's Singles Second Round,Second Round,FINISHED,W,Tennis,TEN,Roland-Garros Stadium,1889654,BUREL Clara,Person,FRA,France,0,SCORE,L,
70,2024-07-29T23:22:50+02:00,TENWSINGLES-----------R32-001400--,TENWSINGLES,Women's Singles,Women's Singles Second Round,Second Round,FINISHED,W,Tennis,TEN,Roland-Garros Stadium,1897531,KOSTYUK Marta,Person,UKR,Ukraine,2,SCORE,W,
73,2024-07-29T23:22:50+02:00,TENWSINGLES-----------R32-001500--,TENWSINGLES,Women's Singles,Women's Singles Second Round,Second Round,FINISHED,W,Tennis,TEN,Roland-Garros Stadium,1554972,VEKIC Donna,Person,CRO,Croatia,2,SCORE,W,
74,2024-07-29T23:22:50+02:00,TENWSINGLES-----------R32-001500--,TENWSINGLES,Women's Singles,Women's Singles Second Round,Second Round,FINISHED,W,Tennis,TEN,Roland-Garros Stadium,1972643,ANDREESCU Bianca,Person,CAN,Canada,0,SCORE,L,
1871,2024-07-29T23:22:50+02:00,TENWSINGLES-----------R32-000300--,TENWSINGLES,Women's Singles,Women's Singles Second Round,Second Round,FINISHED,W,Tennis,TEN,Roland-Garros Stadium,1543443,OSORIO Camila,Person,COL,Colombia,2,SCORE,W,
1872,2024-07-29T23:22:50+02:00,TENWSINGLES-----------R32-000300--,TENWSINGLES,Women's Singles,Women's Singles Second Round,Second Round,FINISHED,W,Tennis,TEN,Roland-Garros Stadium,1897529,YASTREMSKA Dayana,Person,UKR,Ukraine,0,SCORE,L,
1873,2024-07-29T23:22:50+02:00,TENWSINGLES-----------R32-000200--,TENWSINGLES,Women's Singles,Women's Singles Second Round,Second Round,FINISHED,W,Tennis,TEN,Roland-Garros Stadium,1927710,WANG Xiyu,Person,CHN,China,2,SCORE,W,
1874,2024-07-29T23:22:50+02:00,TENWSINGLES-----------R32-000200--,TENWSINGLES,Women's Singles,Women's Singles Second Round,Second Round,FINISHED,W,Tennis,TEN,Roland-Garros Stadium,1979732,SHNAIDER Diana,Person,AIN,AIN,0,SCORE,L,
2425,2024-07-29T23:22:50+02:00,TENWSINGLES-----------R32-000800--,TENWSINGLES,Women's Singles,Women's Singles Second Round,Second Round,FINISHED,W,Tennis,TEN,Roland-Garros Stadium,1966945,RUS Arantxa,Person,NED,Netherlands,0,SCORE,L,
2426,2024-07-29T23:22:50+02:00,TENWSINGLES-----------R32-000800--,TENWSINGLES,Women's Singles,Women's Singles Second Round,Second Round,FINISHED,W,Tennis,TEN,Roland-Garros Stadium,1927709,ZHENG Qinwen,Person,CHN,China,2,SCORE,W,
3464,2024-07-29T23:22:50+02:00,TENWSINGLES-----------R32-000400--,TENWSINGLES,Women's Singles,Women's Singles Second Round,Second Round,FINISHED,W,Tennis,TEN,Roland-Garros Stadium,1892333,WOZNIACKI Caroline,Person,DEN,Denmark,1,SCORE,L,
3465,2024-07-29T23:22:50+02:00,TENWSINGLES-----------R32-000400--,TENWSINGLES,Women's Singles,Women's Singles Second Round,Second Round,FINISHED,W,Tennis,TEN,Roland-Garros Stadium,1930776,COLLINS Danielle,Person,USA,United States,2,SCORE,W,
3480,2024-07-29T23:22:50+02:00,TENWSINGLES-----------R32-000500--,TENWSINGLES,Women's Singles,Women's Singles Second Round,Second Round,FINISHED,W,Tennis,TEN,Roland-Garros Stadium,1550074,CRISTIAN Jaqueline Adina,Person,ROU,Romania,1,SCORE,L,
3481,2024-07-29T23:22:50+02:00,TENWSINGLES-----------R32-000500--,TENWSINGLES,Women's Singles,Women's Singles Second Round,Second Round,FINISHED,W,Tennis,TEN,Roland-Garros Stadium,1558575,KERBER Angelique,Person,GER,Germany,2,SCORE,W,
5365,2024-07-29T23:22:50+02:00,TENWSINGLES-----------R32-001300--,TENWSINGLES,Women's Singles,Women's Singles Second Round,Second Round,FINISHED,W,Tennis,TEN,Roland-Garros Stadium,1961362,SAKKARI Maria,Person,GRE,Greece,2,SCORE,W,
5366,2024-07-29T23:22:50+02:00,TENWSINGLES-----------R32-001300--,TENWSINGLES,Women's Singles,Women's Singles Second Round,Second Round,FINISHED,W,Tennis,TEN,Roland-Garros Stadium,1927711,YUAN Yue,Person,CHN,China,0,SCORE,L,
11317,2024-07-29T23:22:50+02:00,TENWSINGLES-----------R32-001100--,TENWSINGLES,Women's Singles,Women's Singles Second Round,Second Round,FINISHED,W,Tennis,TEN,Roland-Garros Stadium,1955853,HADDAD MAIA Beatriz,Person,BRA,Brazil,0,SCORE,L,
11318,2024-07-29T23:22:50+02:00,TENWSINGLES-----------R32-001100--,TENWSINGLES,Women's Singles,Women's Singles Second Round,Second Round,FINISHED,W,Tennis,TEN,Roland-Garros Stadium,1911527,SCHMIEDLOVA Anna Karolina,Person,SVK,Slovakia,2,SCORE,W,
12884,2024-07-29T23:22:50+02:00,TENWSINGLES-----------R32-000700--,TENWSINGLES,Women's Singles,Women's Singles Second Round,Second Round,FINISHED,W,Tennis,TEN,Roland-Garros Stadium,1930777,NAVARRO Emma,Person,USA,United States,2,SCORE,W,
12885,2024-07-29T23:22:50+02:00,TENWSINGLES-----------R32-000700--,TENWSINGLES,Women's Singles,Women's Singles Second Round,Second Round,FINISHED,W,Tennis,TEN,Roland-Garros Stadium,1555417,TOMOVA Viktoriya,Person,BUL,Bulgaria,1,SCORE,L,
12900,2024-07-29T23:22:50+02:00,TENWSINGLES-----------R32-000600--,TENWSINGLES,Women's Singles,Women's Singles Second Round,Second Round,FINISHED,W,Tennis,TEN,Roland-Garros Stadium,1563687,BUCSA Cristina,Person,ESP,Spain,0,SCORE,L,
12901,2024-07-29T23:22:50+02:00,TENWSINGLES-----------R32-000600--,TENWSINGLES,Women's Singles,Women's Singles Second Round,Second Round,FINISHED,W,Tennis,TEN,Roland-Garros Stadium,1972636,FERNANDEZ Leylah,Person,CAN,Canada,2,SCORE,W,
12760,2024-07-30T14:08:15+02:00,TENWSINGLES-----------8FNL000300--,TENWSINGLES,Women's Singles,Women's Singles Third Round,Third Round,FINISHED,W,Tennis,TEN,Roland-Garros Stadium,1558575,KERBER Angelique,Person,GER,Germany,2,SCORE,W,
12761,2024-07-30T14:08:15+02:00,TENWSINGLES-----------8FNL000300--,TENWSINGLES,Women's Singles,Women's Singles Third Round,Third Round,FINISHED,W,Tennis,TEN,Roland-Garros Stadium,1972636,FERNANDEZ Leylah,Person,CAN,Canada,0,SCORE,L,
12770,2024-07-30T14:27:08+02:00,TENWSINGLES-----------8FNL000200--,TENWSINGLES,Women's Singles,Women's Singles Third Round,Third Round,FINISHED,W,Tennis,TEN,Roland-Garros Stadium,1543443,OSORIO Camila,Person,COL,Colombia,1,SCORE,L,
12771,2024-07-30T14:27:08+02:00,TENWSINGLES-----------8FNL000200--,TENWSINGLES,Women's Singles,Women's Singles Third Round,Third Round,FINISHED,W,Tennis,TEN,Roland-Garros Stadium,1930776,COLLINS Danielle,Person,USA,United States,2,SCORE,W,
7853,2024-07-30T15:29:18+02:00,TENWSINGLES-----------8FNL000400--,TENWSINGLES,Women's Singles,Women's Singles Third Round,Third Round,FINISHED,W,Tennis,TEN,Roland-Garros Stadium,1930777,NAVARRO Emma,Person,USA,United States,1,SCORE,L,
7854,2024-07-30T15:29:18+02:00,TENWSINGLES-----------8FNL000400--,TENWSINGLES,Women's Singles,Women's Singles Third Round,Third Round,FINISHED,W,Tennis,TEN,Roland-Garros Stadium,1927709,ZHENG Qinwen,Person,CHN,China,2,SCORE,W,
7871,2024-07-30T18:11:38+02:00,TENWSINGLES-----------8FNL000500--,TENWSINGLES,Women's Singles,Women's Singles Third Round,Third Round,FINISHED,W,Tennis,TEN,Roland-Garros Stadium,1897526,SVITOLINA Elina,Person,UKR,Ukraine,1,SCORE,L,
7872,2024-07-30T18:11:38+02:00,TENWSINGLES-----------8FNL000500--,TENWSINGLES,Women's Singles,Women's Singles Third Round,Third Round,FINISHED,W,Tennis,TEN,Roland-Garros Stadium,1901331,KREJCIKOVA Barbora,Person,CZE,Czechia,2,SCORE,W,
1661,2024-07-30T18:24:35+02:00,TENWSINGLES-----------8FNL000700--,TENWSINGLES,Women's Singles,Women's Singles Third Round,Third Round,FINISHED,W,Tennis,TEN,Roland-Garros Stadium,1961362,SAKKARI Maria,Person,GRE,Greece,1,SCORE,L,
1662,2024-07-30T18:24:35+02:00,TENWSINGLES-----------8FNL000700--,TENWSINGLES,Women's Singles,Women's Singles Third Round,Third Round,FINISHED,W,Tennis,TEN,Roland-Garros Stadium,1897531,KOSTYUK Marta,Person,UKR,Ukraine,2,SCORE,W,
7075,2024-07-31T15:22:23+02:00,TENWSINGLES-----------QFNL000300--,TENWSINGLES,Women's Singles,Women's Singles Quarter-final,Quarter-final,FINISHED,W,Tennis,TEN,Roland-Garros Stadium,1901331,KREJCIKOVA Barbora,Person,CZE,Czechia,0,SCORE,L,
7076,2024-07-31T15:22:23+02:00,TENWSINGLES-----------QFNL000300--,TENWSINGLES,Women's Singles,Women's Singles Quarter-final,Quarter-final,FINISHED,W,Tennis,TEN,Roland-Garros Stadium,1911527,SCHMIEDLOVA Anna Karolina,Person,SVK,Slovakia,2,SCORE,W,
2403,2024-07-31T16:33:01+02:00,TENWSINGLES-----------R32-000900--,TENWSINGLES,Women's Singles,Women's Singles Second Round,Second Round,FINISHED,W,Tennis,TEN,Roland-Garros Stadium,1930802,PEGULA Jessica,Person,USA,United States,1,SCORE,L,
2404,2024-07-31T16:33:01+02:00,TENWSINGLES-----------R32-000900--,TENWSINGLES,Women's Singles,Women's Singles Second Round,Second Round,FINISHED,W,Tennis,TEN,Roland-Garros Stadium,1897526,SVITOLINA Elina,Person,UKR,Ukraine,2,SCORE,W,
7087,2024-07-31T17:26:03+02:00,TENWSINGLES-----------QFNL000200--,TENWSINGLES,Women's Singles,Women's Singles Quarter-final,Quarter-final,FINISHED,W,Tennis,TEN,Roland-Garros Stadium,1558575,KERBER Angelique,Person,GER,Germany,1,SCORE,L,
7088,2024-07-31T17:26:03+02:00,TENWSINGLES-----------QFNL000200--,TENWSINGLES,Women's Singles,Women's Singles Quarter-final,Quarter-final,FINISHED,W,Tennis,TEN,Roland-Garros Stadium,1927709,ZHENG Qinwen,Person,CHN,China,2,SCORE,W,
1819,2024-07-31T17:37:46+02:00,TENWSINGLES-----------R64-000100--,TENWSINGLES,Women's Singles,Women's Singles First Round,First Round,FINISHED,W,Tennis,TEN,Roland-Garros Stadium,1931815,SWIATEK Iga,Person,POL,Poland,2,SCORE,W,
1820,2024-07-31T17:37:46+02:00,TENWSINGLES-----------R64-000100--,TENWSINGLES,Women's Singles,Women's Singles First Round,First Round,FINISHED,W,Tennis,TEN,Roland-Garros Stadium,3528309,BEGU Irina-Camelia,Person,ROU,Romania,0,SCORE,L,
5185,2024-07-31T17:40:25+02:00,TENWSINGLES-----------R64-001000--,TENWSINGLES,Women's Singles,Women's Singles First Round,First Round,FINISHED,W,Tennis,TEN,Roland-Garros Stadium,1896662,OSAKA Naomi,Person,JPN,Japan,0,SCORE,L,
5186,2024-07-31T17:40:25+02:00,TENWSINGLES-----------R64-001000--,TENWSINGLES,Women's Singles,Women's Singles First Round,First Round,FINISHED,W,Tennis,TEN,Roland-Garros Stadium,1558575,KERBER Angelique,Person,GER,Germany,2,SCORE,W,
6757,2024-07-31T17:40:54+02:00,TENWSINGLES-----------R64-002400--,TENWSINGLES,Women's Singles,Women's Singles First Round,First Round,FINISHED,W,Tennis,TEN,Roland-Garros Stadium,1550072,BOGDAN Ana,Person,ROU,Romania,0,SCORE,L,
6758,2024-07-31T17:40:54+02:00,TENWSINGLES-----------R64-002400--,TENWSINGLES,Women's Singles,Women's Singles First Round,First Round,FINISHED,W,Tennis,TEN,Roland-Garros Stadium,1910330,PAOLINI Jasmine,Person,ITA,Italy,2,SCORE,W,
7073,2024-07-31T17:43:30+02:00,TENWSINGLES-----------R64-000900--,TENWSINGLES,Women's Singles,Women's Singles First Round,First Round,FINISHED,W,Tennis,TEN,Roland-Garros Stadium,1889652,GARCIA Caroline,Person,FRA,France,1,SCORE,L,
7074,2024-07-31T17:43:30+02:00,TENWSINGLES-----------R64-000900--,TENWSINGLES,Women's Singles,Women's Singles First Round,First Round,FINISHED,W,Tennis,TEN,Roland-Garros Stadium,1550074,CRISTIAN Jaqueline Adina,Person,ROU,Romania,2,SCORE,W,
9144,2024-07-31T18:06:38+02:00,TENWSINGLES-----------R64-002000--,TENWSINGLES,Women's Singles,Women's Singles First Round,First Round,FINISHED,W,Tennis,TEN,Roland-Garros Stadium,1563681,SORRIBES TORMO Sara,Person,ESP,Spain,1,SCORE,L,
9145,2024-07-31T18:06:38+02:00,TENWSINGLES-----------R64-002000--,TENWSINGLES,Women's Singles,Women's Singles First Round,First Round,FINISHED,W,Tennis,TEN,Roland-Garros Stadium,1901331,KREJCIKOVA Barbora,Person,CZE,Czechia,2,SCORE,W,
4748,2024-07-31T18:22:29+02:00,TENWSINGLES-----------R64-003200--,TENWSINGLES,Women's Singles,Women's Singles First Round,First Round,FINISHED,W,Tennis,TEN,Roland-Garros Stadium,1967750,TOMLJANOVIC Ajla,Person,AUS,Australia,0,SCORE,L,
4749,2024-07-31T18:22:29+02:00,TENWSINGLES-----------R64-003200--,TENWSINGLES,Women's Singles,Women's Singles First Round,First Round,FINISHED,W,Tennis,TEN,Roland-Garros Stadium,1930784,GAUFF Coco,Person,USA,United States,2,SCORE,W,
6765,2024-07-31T18:25:56+02:00,TENWSINGLES-----------R64-002500--,TENWSINGLES,Women's Singles,Women's Singles First Round,First Round,FINISHED,W,Tennis,TEN,Roland-Garros Stadium,1961362,SAKKARI Maria,Person,GRE,Greece,2,SCORE,W,
6766,2024-07-31T18:25:56+02:00,TENWSINGLES-----------R64-002500--,TENWSINGLES,Women's Singles,Women's Singles First Round,First Round,FINISHED,W,Tennis,TEN,Roland-Garros Stadium,1956416,KOVINIC Danka,Person,MNE,Montenegro,0,SCORE,L,
153,2024-07-31T18:29:43+02:00,TENWSINGLES-----------R64-001700--,TENWSINGLES,Women's Singles,Women's Singles First Round,First Round,FINISHED,W,Tennis,TEN,Roland-Garros Stadium,1930802,PEGULA Jessica,Person,USA,United States,2,SCORE,W,
154,2024-07-31T18:29:43+02:00,TENWSINGLES-----------R64-001700--,TENWSINGLES,Women's Singles,Women's Singles First Round,First Round,FINISHED,W,Tennis,TEN,Roland-Garros Stadium,1976547,GOLUBIC Viktorija,Person,SUI,Switzerland,0,SCORE,L,
8134,2024-07-31T18:38:44+02:00,TENWSINGLES-----------R32-000100--,TENWSINGLES,Women's Singles,Women's Singles Second Round,Second Round,FINISHED,W,Tennis,TEN,Roland-Garros Stadium,1931815,SWIATEK Iga,Person,POL,Poland,2,SCORE,W,
8135,2024-07-31T18:38:44+02:00,TENWSINGLES-----------R32-000100--,TENWSINGLES,Women's Singles,Women's Singles Second Round,Second Round,FINISHED,W,Tennis,TEN,Roland-Garros Stadium,1889655,PARRY Diane,Person,FRA,France,0,SCORE,L,
5374,2024-07-31T18:48:10+02:00,TENWSINGLES-----------R32-001200--,TENWSINGLES,Women's Singles,Women's Singles Second Round,Second Round,FINISHED,W,Tennis,TEN,Roland-Garros Stadium,1931914,LINETTE Magda,Person,POL,Poland,0,SCORE,L,
5375,2024-07-31T18:48:10+02:00,TENWSINGLES-----------R32-001200--,TENWSINGLES,Women's Singles,Women's Singles Second Round,Second Round,FINISHED,W,Tennis,TEN,Roland-Garros Stadium,1910330,PAOLINI Jasmine,Person,ITA,Italy,2,SCORE,W,
9543,2024-07-31T18:50:04+02:00,TENWSINGLES-----------R32-001600--,TENWSINGLES,Women's Singles,Women's Singles Second Round,Second Round,FINISHED,W,Tennis,TEN,Roland-Garros Stadium,1895859,CARLE Maria Lourdes,Person,ARG,Argentina,0,SCORE,L,
9544,2024-07-31T18:50:04+02:00,TENWSINGLES-----------R32-001600--,TENWSINGLES,Women's Singles,Women's Singles Second Round,Second Round,FINISHED,W,Tennis,TEN,Roland-Garros Stadium,1930784,GAUFF Coco,Person,USA,United States,2,SCORE,W,
2445,2024-07-31T18:54:05+02:00,TENWSINGLES-----------QFNL000100--,TENWSINGLES,Women's Singles,Women's Singles Quarter-final,Quarter-final,FINISHED,W,Tennis,TEN,Roland-Garros Stadium,1931815,SWIATEK Iga,Person,POL,Poland,2,SCORE,W,
2446,2024-07-31T18:54:05+02:00,TENWSINGLES-----------QFNL000100--,TENWSINGLES,Women's Singles,Women's Singles Quarter-final,Quarter-final,FINISHED,W,Tennis,TEN,Roland-Garros Stadium,1930776,COLLINS Danielle,Person,USA,United States,1,IRM,L,RET
12208,2024-07-31T19:02:36+02:00,TENWSINGLES-----------8FNL000800--,TENWSINGLES,Women's Singles,Women's Singles Third Round,Third Round,FINISHED,W,Tennis,TEN,Roland-Garros Stadium,1554972,VEKIC Donna,Person,CRO,Croatia,2,SCORE,W,
12209,2024-07-31T19:02:36+02:00,TENWSINGLES-----------8FNL000800--,TENWSINGLES,Women's Singles,Women's Singles Third Round,Third Round,FINISHED,W,Tennis,TEN,Roland-Garros Stadium,1930784,GAUFF Coco,Person,USA,United States,0,SCORE,L,
3441,2024-07-31T19:04:30+02:00,TENWSINGLES-----------8FNL000100--,TENWSINGLES,Women's Singles,Women's Singles Third Round,Third Round,FINISHED,W,Tennis,TEN,Roland-Garros Stadium,1931815,SWIATEK Iga,Person,POL,Poland,2,SCORE,W,
3442,2024-07-31T19:04:30+02:00,TENWSINGLES-----------8FNL000100--,TENWSINGLES,Women's Singles,Women's Singles Third Round,Third Round,FINISHED,W,Tennis,TEN,Roland-Garros Stadium,1927710,WANG Xiyu,Person,CHN,China,0,SCORE,L,
1675,2024-07-31T19:07:42+02:00,TENWSINGLES-----------8FNL000600--,TENWSINGLES,Women's Singles,Women's Singles Third Round,Third Round,FINISHED,W,Tennis,TEN,Roland-Garros Stadium,1911527,SCHMIEDLOVA Anna Karolina,Person,SVK,Slovakia,2,SCORE,W,
1676,2024-07-31T19:07:42+02:00,TENWSINGLES-----------8FNL000600--,TENWSINGLES,Women's Singles,Women's Singles Third Round,Third Round,FINISHED,W,Tennis,TEN,Roland-Garros Stadium,1910330,PAOLINI Jasmine,Person,ITA,Italy,1,SCORE,L,
12008,2024-08-01T00:16:17+02:00,TENWSINGLES-----------QFNL000400--,TENWSINGLES,Women's Singles,Women's Singles Quarter-final,Quarter-final,FINISHED,W,Tennis,TEN,Roland-Garros Stadium,1897531,KOSTYUK Marta,Person,UKR,Ukraine,1,SCORE,L,
12009,2024-08-01T00:16:17+02:00,TENWSINGLES-----------QFNL000400--,TENWSINGLES,Women's Singles,Women's Singles Quarter-final,Quarter-final,FINISHED,W,Tennis,TEN,Roland-Garros Stadium,1554972,VEKIC Donna,Person,CRO,Croatia,2,SCORE,W,
13223,2024-08-01T14:07:22+02:00,TENWSINGLES-----------SFNL000100--,TENWSINGLES,Women's Singles,Women's Singles Semi-final,Semi-final,FINISHED,W,Tennis,TEN,Roland-Garros Stadium,1931815,SWIATEK Iga,Person,POL,Poland,0,SCORE,L,
13224,2024-08-01T14:07:22+02:00,TENWSINGLES-----------SFNL000100--,TENWSINGLES,Women's Singles,Women's Singles Semi-final,Semi-final,FINISHED,W,Tennis,TEN,Roland-Garros Stadium,1927709,ZHENG Qinwen,Person,CHN,China,2,SCORE,W,
3922,2024-08-01T22:54:09+02:00,TENWSINGLES-----------SFNL000200--,TENWSINGLES,Women's Singles,Women's Singles Semi-final,Semi-final,FINISHED,W,Tennis,TEN,Roland-Garros Stadium,1911527,SCHMIEDLOVA Anna Karolina,Person,SVK,Slovakia,0,SCORE,L,
3923,2024-08-01T22:54:09+02:00,TENWSINGLES-----------SFNL000200--,TENWSINGLES,Women's Singles,Women's Singles Semi-final,Semi-final,FINISHED,W,Tennis,TEN,Roland-Garros Stadium,1554972,VEKIC Donna,Person,CRO,Croatia,2,SCORE,W,
4110,2024-08-02T16:29:24+02:00,TENWSINGLES-----------FNL-000200--,TENWSINGLES,Women's Singles,Women's Singles Bronze Medal Match,Bronze Medal Match,FINISHED,W,Tennis,TEN,Roland-Garros Stadium,1931815,SWIATEK Iga,Person,POL,Poland,2,SCORE,W,
4111,2024-08-02T16:29:24+02:00,TENWSINGLES-----------FNL-000200--,TENWSINGLES,Women's Singles,Women's Singles Bronze Medal Match,Bronze Medal Match,FINISHED,W,Tennis,TEN,Roland-Garros Stadium,1911527,SCHMIEDLOVA Anna Karolina,Person,SVK,Slovakia,0,SCORE,L,
13467,2024-08-03T18:23:29+02:00,TENWSINGLES-----------FNL-000100--,TENWSINGLES,Women's Singles,Women's Singles Gold Medal Match,Gold Medal Match,FINISHED,W,Tennis,TEN,Roland-Garros Stadium,1927709,ZHENG Qinwen,Person,CHN,China,2,SCORE,W,
13468,2024-08-03T18:23:29+02:00,TENWSINGLES-----------FNL-000100--,TENWSINGLES,Women's Singles,Women's Singles Gold Medal Match,Gold Medal Match,FINISHED,W,Tennis,TEN,Roland-Garros Stadium,1554972,VEKIC Donna,Person,CRO,Croatia,0,SCORE,L,
